{
	"credit": "Made with Blockbench",
	"textures": {
		"texture": "weapon/dagger/unnamed_dagger",
		"particle": "weapon/dagger/unnamed_dagger"
	},
	"elements": [
		{
			"name": "Voxels",
			"from": [8, 0.5, 7.75],
			"to": [9.25, 10.25, 8],
			"faces": {
				"north": {"uv": [1.25, 6.25, 0, 16], "texture": "#texture"},
				"east": {"uv": [7, 1.25, 6.75, 11], "texture": "#texture"},
				"south": {"uv": [1.25, 6.25, 2.5, 16], "texture": "#texture"},
				"west": {"uv": [6.5, 1.25, 6.75, 11], "texture": "#texture"},
				"up": {"uv": [14.25, 10, 15.5, 9.75], "texture": "#texture"},
				"down": {"uv": [11.75, 10.75, 13, 11], "texture": "#texture"}
			}
		},
		{
			"name": "Voxels",
			"from": [8, 0.5, 8],
			"to": [9.25, 7.25, 8.25],
			"faces": {
				"north": {"uv": [3.75, 9.25, 2.5, 16], "texture": "#texture"},
				"east": {"uv": [8.5, 4.25, 8.25, 11], "texture": "#texture"},
				"south": {"uv": [2.5, 2.5, 3.75, 9.25], "texture": "#texture"},
				"west": {"uv": [8, 4.25, 8.25, 11], "texture": "#texture"},
				"up": {"uv": [11.75, 10.75, 13, 10.5], "texture": "#texture"},
				"down": {"uv": [14.25, 10.75, 15.5, 11], "texture": "#texture"}
			}
		},
		{
			"name": "Voxels",
			"from": [8, 0.75, 8.25],
			"to": [9.25, 6.75, 8.5],
			"faces": {
				"north": {"uv": [1.25, 0.25, 0, 6.25], "texture": "#texture"},
				"east": {"uv": [10, 5, 9.75, 11], "texture": "#texture"},
				"south": {"uv": [1.25, 0.25, 2.5, 6.25], "texture": "#texture"},
				"west": {"uv": [9.5, 5, 9.75, 11], "texture": "#texture"},
				"up": {"uv": [14.25, 10.75, 15.5, 10.5], "texture": "#texture"},
				"down": {"uv": [13, 10.5, 14.25, 10.75], "texture": "#texture"}
			}
		},
		{
			"name": "Voxels",
			"from": [8, 1, 8.5],
			"to": [9.25, 2, 8.75],
			"faces": {
				"north": {"uv": [14.75, 15, 13.5, 16], "texture": "#texture"},
				"east": {"uv": [11.5, 6.25, 11.25, 7.25], "texture": "#texture"},
				"south": {"uv": [12.25, 15, 13.5, 16], "texture": "#texture"},
				"west": {"uv": [11.75, 8.5, 12, 9.5], "texture": "#texture"},
				"up": {"uv": [14.25, 10.5, 15.5, 10.25], "texture": "#texture"},
				"down": {"uv": [11.75, 10.25, 13, 10.5], "texture": "#texture"}
			}
		},
		{
			"name": "Voxels",
			"from": [8, 6.5, 7.5],
			"to": [9.25, 11.5, 7.75],
			"faces": {
				"north": {"uv": [6.5, 11, 5.25, 16], "texture": "#texture"},
				"east": {"uv": [10, 0, 9.75, 5], "texture": "#texture"},
				"south": {"uv": [6.5, 11, 7.75, 16], "texture": "#texture"},
				"west": {"uv": [9.5, 0, 9.75, 5], "texture": "#texture"},
				"up": {"uv": [11.75, 10.25, 13, 10], "texture": "#texture"},
				"down": {"uv": [13, 10, 14.25, 10.25], "texture": "#texture"}
			}
		},
		{
			"name": "Voxels",
			"from": [8, 11.25, 7.25],
			"to": [9.25, 12, 7.5],
			"faces": {
				"north": {"uv": [13.5, 14.25, 12.25, 15], "texture": "#texture"},
				"east": {"uv": [13.75, 8, 13.5, 8.75], "texture": "#texture"},
				"south": {"uv": [14.75, 15.25, 16, 16], "texture": "#texture"},
				"west": {"uv": [13.25, 6.5, 13.5, 7.25], "texture": "#texture"},
				"up": {"uv": [14.25, 10.25, 15.5, 10], "texture": "#texture"},
				"down": {"uv": [13, 10.25, 14.25, 10.5], "texture": "#texture"}
			}
		},
		{
			"name": "Voxels",
			"from": [8, 12, 7],
			"to": [9.25, 12.25, 7.25],
			"faces": {
				"north": {"uv": [1.25, 0, 0, 0.25], "texture": "#texture"},
				"east": {"uv": [6.25, 0, 6, 0.25], "texture": "#texture"},
				"south": {"uv": [13, 9.5, 14.25, 9.75], "texture": "#texture"},
				"west": {"uv": [6.25, 0, 6.5, 0.25], "texture": "#texture"},
				"up": {"uv": [1.25, 0.25, 2.5, 0], "texture": "#texture"},
				"down": {"uv": [14.75, 15, 16, 15.25], "texture": "#texture"}
			}
		},
		{
			"name": "Voxels",
			"from": [8, 12.25, 6.75],
			"to": [9.25, 12.5, 7],
			"faces": {
				"north": {"uv": [14.25, 9.75, 13, 10], "texture": "#texture"},
				"east": {"uv": [13, 11, 12.75, 11.25], "texture": "#texture"},
				"south": {"uv": [11.75, 9.75, 13, 10], "texture": "#texture"},
				"west": {"uv": [13, 11, 13.25, 11.25], "texture": "#texture"},
				"up": {"uv": [13, 11, 14.25, 10.75], "texture": "#texture"},
				"down": {"uv": [11.75, 9.5, 13, 9.75], "texture": "#texture"}
			}
		},
		{
			"name": "Voxels",
			"from": [8.25, 0.25, 8],
			"to": [9, 0.5, 8.25],
			"faces": {
				"north": {"uv": [16, 8.5, 15.25, 8.75], "texture": "#texture"},
				"east": {"uv": [15.25, 5.5, 15, 5.75], "texture": "#texture"},
				"south": {"uv": [13.75, 8.25, 14.5, 8.5], "texture": "#texture"},
				"west": {"uv": [15.25, 6, 15.5, 6.25], "texture": "#texture"},
				"up": {"uv": [14.5, 8.75, 15.25, 8.5], "texture": "#texture"},
				"down": {"uv": [13.75, 8.5, 14.5, 8.75], "texture": "#texture"}
			}
		},
		{
			"name": "Voxels",
			"from": [8.25, 0.5, 8.25],
			"to": [9, 0.75, 8.5],
			"faces": {
				"north": {"uv": [14.5, 8, 13.75, 8.25], "texture": "#texture"},
				"east": {"uv": [10.5, 3.25, 10.25, 3.5], "texture": "#texture"},
				"south": {"uv": [14.5, 8, 15.25, 8.25], "texture": "#texture"},
				"west": {"uv": [10.25, 3, 10.5, 3.25], "texture": "#texture"},
				"up": {"uv": [15.25, 8.5, 16, 8.25], "texture": "#texture"},
				"down": {"uv": [14.5, 8.25, 15.25, 8.5], "texture": "#texture"}
			}
		},
		{
			"name": "Voxels",
			"from": [8.25, 0.75, 8.5],
			"to": [9, 1, 8.75],
			"faces": {
				"north": {"uv": [15.25, 7.75, 14.5, 8], "texture": "#texture"},
				"east": {"uv": [9.5, 0, 9.25, 0.25], "texture": "#texture"},
				"south": {"uv": [15.25, 7.75, 16, 8], "texture": "#texture"},
				"west": {"uv": [15.5, 10.75, 15.75, 11], "texture": "#texture"},
				"up": {"uv": [13.75, 8, 14.5, 7.75], "texture": "#texture"},
				"down": {"uv": [15.25, 8, 16, 8.25], "texture": "#texture"}
			}
		},
		{
			"name": "Voxels",
			"from": [8.25, 1, 7.5],
			"to": [9, 1.75, 7.75],
			"faces": {
				"north": {"uv": [14.25, 13.5, 13.5, 14.25], "texture": "#texture"},
				"east": {"uv": [14.25, 6.5, 14, 7.25], "texture": "#texture"},
				"south": {"uv": [14.25, 13.5, 15, 14.25], "texture": "#texture"},
				"west": {"uv": [13.75, 6.5, 14, 7.25], "texture": "#texture"},
				"up": {"uv": [13.75, 7.5, 14.5, 7.25], "texture": "#texture"},
				"down": {"uv": [13.75, 7.5, 14.5, 7.75], "texture": "#texture"}
			}
		},
		{
			"name": "Voxels",
			"from": [8.25, 1, 8.75],
			"to": [9, 1.5, 9],
			"faces": {
				"north": {"uv": [10, 11, 9.25, 11.5], "texture": "#texture"},
				"east": {"uv": [7.75, 0, 7.5, 0.5], "texture": "#texture"},
				"south": {"uv": [4.5, 0, 5.25, 0.5], "texture": "#texture"},
				"west": {"uv": [11.5, 6.25, 11.75, 6.75], "texture": "#texture"},
				"up": {"uv": [15.25, 7.75, 16, 7.5], "texture": "#texture"},
				"down": {"uv": [14.5, 7.5, 15.25, 7.75], "texture": "#texture"}
			}
		},
		{
			"name": "Voxels",
			"from": [8.25, 2, 7.5],
			"to": [9, 6.5, 7.75],
			"faces": {
				"north": {"uv": [10, 11.5, 9.25, 16], "texture": "#texture"},
				"east": {"uv": [8.75, 0, 8.5, 4.5], "texture": "#texture"},
				"south": {"uv": [10, 11.5, 10.75, 16], "texture": "#texture"},
				"west": {"uv": [8.75, 0, 9, 4.5], "texture": "#texture"},
				"up": {"uv": [15.25, 7.5, 16, 7.25], "texture": "#texture"},
				"down": {"uv": [14.5, 7.25, 15.25, 7.5], "texture": "#texture"}
			}
		},
		{
			"name": "Voxels",
			"from": [8.25, 2, 8.5],
			"to": [9, 6.75, 8.75],
			"faces": {
				"north": {"uv": [8.5, 11.25, 7.75, 16], "texture": "#texture"},
				"east": {"uv": [11, 6.25, 10.75, 11], "texture": "#texture"},
				"south": {"uv": [8.5, 11.25, 9.25, 16], "texture": "#texture"},
				"west": {"uv": [11, 6.25, 11.25, 11], "texture": "#texture"},
				"up": {"uv": [15.25, 7.25, 16, 7], "texture": "#texture"},
				"down": {"uv": [14.5, 7, 15.25, 7.25], "texture": "#texture"}
			}
		},
		{
			"name": "Voxels",
			"from": [8.25, 6.5, 7.25],
			"to": [9, 11.25, 7.5],
			"faces": {
				"north": {"uv": [4.5, 0.5, 3.75, 5.25], "texture": "#texture"},
				"east": {"uv": [10.5, 6.25, 10.25, 11], "texture": "#texture"},
				"south": {"uv": [4.5, 0.5, 5.25, 5.25], "texture": "#texture"},
				"west": {"uv": [10.5, 6.25, 10.75, 11], "texture": "#texture"},
				"up": {"uv": [14.5, 6.75, 15.25, 6.5], "texture": "#texture"},
				"down": {"uv": [14.5, 6.75, 15.25, 7], "texture": "#texture"}
			}
		},
		{
			"name": "Voxels",
			"from": [8.25, 6.75, 8.25],
			"to": [9, 7.5, 8.5],
			"faces": {
				"north": {"uv": [12.25, 11.5, 11.5, 12.25], "texture": "#texture"},
				"east": {"uv": [10.5, 5.5, 10.25, 6.25], "texture": "#texture"},
				"south": {"uv": [14.25, 12.75, 15, 13.5], "texture": "#texture"},
				"west": {"uv": [14.25, 6.5, 14.5, 7.25], "texture": "#texture"},
				"up": {"uv": [15.25, 7, 16, 6.75], "texture": "#texture"},
				"down": {"uv": [14.5, 6.25, 15.25, 6.5], "texture": "#texture"}
			}
		},
		{
			"name": "Voxels",
			"from": [8.25, 7.25, 8],
			"to": [9, 18, 8.25],
			"faces": {
				"north": {"uv": [5.25, 5.25, 4.5, 16], "texture": "#texture"},
				"east": {"uv": [6.25, 0.25, 6, 11], "texture": "#texture"},
				"south": {"uv": [3.75, 5.25, 4.5, 16], "texture": "#texture"},
				"west": {"uv": [6.25, 0.25, 6.5, 11], "texture": "#texture"},
				"up": {"uv": [15.25, 6.5, 16, 6.25], "texture": "#texture"},
				"down": {"uv": [15.25, 6.5, 16, 6.75], "texture": "#texture"}
			}
		},
		{
			"name": "Voxels",
			"from": [8.25, 10.25, 7.75],
			"to": [9, 15.75, 8],
			"faces": {
				"north": {"uv": [6, 5.5, 5.25, 11], "texture": "#texture"},
				"east": {"uv": [10.25, 0, 10, 5.5], "texture": "#texture"},
				"south": {"uv": [5.25, 0, 6, 5.5], "texture": "#texture"},
				"west": {"uv": [10, 5.5, 10.25, 11], "texture": "#texture"},
				"up": {"uv": [10.5, 6, 11.25, 5.75], "texture": "#texture"},
				"down": {"uv": [10.5, 6, 11.25, 6.25], "texture": "#texture"}
			}
		},
		{
			"name": "Voxels",
			"from": [8.25, 11.25, 7],
			"to": [9, 12, 7.25],
			"faces": {
				"north": {"uv": [14.25, 12.75, 13.5, 13.5], "texture": "#texture"},
				"east": {"uv": [16, 13.5, 15.75, 14.25], "texture": "#texture"},
				"south": {"uv": [14.25, 14.25, 15, 15], "texture": "#texture"},
				"west": {"uv": [15.75, 14.25, 16, 15], "texture": "#texture"},
				"up": {"uv": [8.5, 11.25, 9.25, 11], "texture": "#texture"},
				"down": {"uv": [7.75, 11, 8.5, 11.25], "texture": "#texture"}
			}
		},
		{
			"name": "Voxels",
			"from": [8.25, 11.5, 7.5],
			"to": [9, 13.5, 7.75],
			"faces": {
				"north": {"uv": [11.5, 12, 10.75, 14], "texture": "#texture"},
				"east": {"uv": [3.75, 0.5, 3.5, 2.5], "texture": "#texture"},
				"south": {"uv": [11.5, 14, 12.25, 16], "texture": "#texture"},
				"west": {"uv": [7.75, 0.75, 8, 2.75], "texture": "#texture"},
				"up": {"uv": [10, 11.25, 10.75, 11], "texture": "#texture"},
				"down": {"uv": [10, 11.25, 10.75, 11.5], "texture": "#texture"}
			}
		},
		{
			"name": "Voxels",
			"from": [8.25, 12, 6.75],
			"to": [9, 12.25, 7],
			"faces": {
				"north": {"uv": [15, 9.5, 14.25, 9.75], "texture": "#texture"},
				"east": {"uv": [16, 10.25, 15.75, 10.5], "texture": "#texture"},
				"south": {"uv": [15, 9.5, 15.75, 9.75], "texture": "#texture"},
				"west": {"uv": [15.5, 10, 15.75, 10.25], "texture": "#texture"},
				"up": {"uv": [11.5, 11.25, 12.25, 11], "texture": "#texture"},
				"down": {"uv": [11.5, 11.25, 12.25, 11.5], "texture": "#texture"}
			}
		},
		{
			"name": "Voxels",
			"from": [8.25, 12, 7.25],
			"to": [9, 12.75, 7.5],
			"faces": {
				"north": {"uv": [15.75, 13.5, 15, 14.25], "texture": "#texture"},
				"east": {"uv": [14, 11, 13.75, 11.75], "texture": "#texture"},
				"south": {"uv": [13.5, 14.25, 14.25, 15], "texture": "#texture"},
				"west": {"uv": [13.5, 11, 13.75, 11.75], "texture": "#texture"},
				"up": {"uv": [13.25, 9.5, 14, 9.25], "texture": "#texture"},
				"down": {"uv": [12.5, 9.25, 13.25, 9.5], "texture": "#texture"}
			}
		},
		{
			"name": "Voxels",
			"from": [8.25, 12.25, 6.5],
			"to": [9, 12.5, 6.75],
			"faces": {
				"north": {"uv": [13.25, 9, 12.5, 9.25], "texture": "#texture"},
				"east": {"uv": [16, 10.75, 15.75, 11], "texture": "#texture"},
				"south": {"uv": [13.25, 9, 14, 9.25], "texture": "#texture"},
				"west": {"uv": [15.5, 10.5, 15.75, 10.75], "texture": "#texture"},
				"up": {"uv": [14.75, 9.5, 15.5, 9.25], "texture": "#texture"},
				"down": {"uv": [14, 9.25, 14.75, 9.5], "texture": "#texture"}
			}
		},
		{
			"name": "Voxels",
			"from": [8.25, 12.25, 7],
			"to": [9, 12.75, 7.25],
			"faces": {
				"north": {"uv": [4.5, 0, 3.75, 0.5], "texture": "#texture"},
				"east": {"uv": [12.5, 6.25, 12.25, 6.75], "texture": "#texture"},
				"south": {"uv": [2.5, 0, 3.25, 0.5], "texture": "#texture"},
				"west": {"uv": [13.25, 5.75, 13.5, 6.25], "texture": "#texture"},
				"up": {"uv": [14.75, 9.25, 15.5, 9], "texture": "#texture"},
				"down": {"uv": [14, 9, 14.75, 9.25], "texture": "#texture"}
			}
		},
		{
			"name": "Voxels",
			"from": [8.25, 12.5, 6.75],
			"to": [9, 12.75, 7],
			"faces": {
				"north": {"uv": [13.25, 8.25, 12.5, 8.5], "texture": "#texture"},
				"east": {"uv": [15.75, 10.25, 15.5, 10.5], "texture": "#texture"},
				"south": {"uv": [12.5, 8, 13.25, 8.25], "texture": "#texture"},
				"west": {"uv": [15.75, 10.5, 16, 10.75], "texture": "#texture"},
				"up": {"uv": [12.5, 8.75, 13.25, 8.5], "texture": "#texture"},
				"down": {"uv": [12.5, 8.75, 13.25, 9], "texture": "#texture"}
			}
		},
		{
			"name": "Voxels",
			"from": [8.25, 15.75, 8.25],
			"to": [9, 16.75, 8.5],
			"faces": {
				"north": {"uv": [11.5, 11, 10.75, 12], "texture": "#texture"},
				"east": {"uv": [12, 6.5, 11.75, 7.5], "texture": "#texture"},
				"south": {"uv": [11.5, 13, 12.25, 14], "texture": "#texture"},
				"west": {"uv": [11.75, 7.5, 12, 8.5], "texture": "#texture"},
				"up": {"uv": [12.5, 7.75, 13.25, 7.5], "texture": "#texture"},
				"down": {"uv": [12.5, 7.75, 13.25, 8], "texture": "#texture"}
			}
		},
		{
			"name": "Voxels",
			"from": [8.25, 16.75, 7.75],
			"to": [9, 18.75, 8],
			"faces": {
				"north": {"uv": [3.25, 0.5, 2.5, 2.5], "texture": "#texture"},
				"east": {"uv": [3.5, 0.5, 3.25, 2.5], "texture": "#texture"},
				"south": {"uv": [10.75, 14, 11.5, 16], "texture": "#texture"},
				"west": {"uv": [11.25, 9, 11.5, 11], "texture": "#texture"},
				"up": {"uv": [12.5, 7.25, 13.25, 7], "texture": "#texture"},
				"down": {"uv": [12.5, 7.25, 13.25, 7.5], "texture": "#texture"}
			}
		},
		{
			"name": "Voxels",
			"from": [8.25, 18.75, 7.5],
			"to": [9, 19.5, 7.75],
			"faces": {
				"north": {"uv": [12.25, 12.25, 11.5, 13], "texture": "#texture"},
				"east": {"uv": [14.5, 11, 14.25, 11.75], "texture": "#texture"},
				"south": {"uv": [15, 14.25, 15.75, 15], "texture": "#texture"},
				"west": {"uv": [14, 11, 14.25, 11.75], "texture": "#texture"},
				"up": {"uv": [12.5, 6.75, 13.25, 6.5], "texture": "#texture"},
				"down": {"uv": [12.5, 6.75, 13.25, 7], "texture": "#texture"}
			}
		},
		{
			"name": "Voxels",
			"from": [8.25, 19.5, 7.25],
			"to": [9, 19.75, 7.5],
			"faces": {
				"north": {"uv": [14.75, 8.75, 14, 9], "texture": "#texture"},
				"east": {"uv": [15.75, 9.75, 15.5, 10], "texture": "#texture"},
				"south": {"uv": [14.75, 8.75, 15.5, 9], "texture": "#texture"},
				"west": {"uv": [15.75, 10, 16, 10.25], "texture": "#texture"},
				"up": {"uv": [13.25, 9, 14, 8.75], "texture": "#texture"},
				"down": {"uv": [12.5, 6.25, 13.25, 6.5], "texture": "#texture"}
			}
		},
		{
			"name": "Voxels",
			"from": [8.5, 0.25, 8.25],
			"to": [8.75, 0.5, 8.5],
			"faces": {
				"north": {"uv": [12, 6.25, 11.75, 6.5], "texture": "#texture"},
				"east": {"uv": [16, 9, 15.75, 9.25], "texture": "#texture"},
				"south": {"uv": [15.75, 9.25, 16, 9.5], "texture": "#texture"},
				"west": {"uv": [15.5, 9, 15.75, 9.25], "texture": "#texture"},
				"up": {"uv": [15.75, 9.75, 16, 9.5], "texture": "#texture"},
				"down": {"uv": [15.75, 9.75, 16, 10], "texture": "#texture"}
			}
		},
		{
			"name": "Voxels",
			"from": [8.5, 0.5, 8.5],
			"to": [8.75, 0.75, 8.75],
			"faces": {
				"north": {"uv": [14, 6.25, 13.75, 6.5], "texture": "#texture"},
				"east": {"uv": [11.25, 5.5, 11, 5.75], "texture": "#texture"},
				"south": {"uv": [14, 6.25, 14.25, 6.5], "texture": "#texture"},
				"west": {"uv": [14.25, 6.25, 14.5, 6.5], "texture": "#texture"},
				"up": {"uv": [13.5, 6.5, 13.75, 6.25], "texture": "#texture"},
				"down": {"uv": [15.5, 8.75, 15.75, 9], "texture": "#texture"}
			}
		},
		{
			"name": "Voxels",
			"from": [8.5, 0.75, 8.75],
			"to": [8.75, 1, 9],
			"faces": {
				"north": {"uv": [14, 5.5, 13.75, 5.75], "texture": "#texture"},
				"east": {"uv": [15, 6, 14.75, 6.25], "texture": "#texture"},
				"south": {"uv": [14.5, 6, 14.75, 6.25], "texture": "#texture"},
				"west": {"uv": [14.5, 5.5, 14.75, 5.75], "texture": "#texture"},
				"up": {"uv": [13.5, 5.75, 13.75, 5.5], "texture": "#texture"},
				"down": {"uv": [13.25, 5.5, 13.5, 5.75], "texture": "#texture"}
			}
		},
		{
			"name": "Voxels",
			"from": [8.5, 1, 9],
			"to": [8.75, 1.5, 9.25],
			"faces": {
				"north": {"uv": [13.75, 5.75, 13.5, 6.25], "texture": "#texture"},
				"east": {"uv": [14.5, 5.75, 14.25, 6.25], "texture": "#texture"},
				"south": {"uv": [13.75, 5.75, 14, 6.25], "texture": "#texture"},
				"west": {"uv": [14, 5.75, 14.25, 6.25], "texture": "#texture"},
				"up": {"uv": [15, 6, 15.25, 5.75], "texture": "#texture"},
				"down": {"uv": [15, 6, 15.25, 6.25], "texture": "#texture"}
			}
		},
		{
			"name": "Voxels",
			"from": [8.5, 1.5, 8.75],
			"to": [8.75, 1.75, 9],
			"faces": {
				"north": {"uv": [10.5, 5.25, 10.25, 5.5], "texture": "#texture"},
				"east": {"uv": [10.5, 4.5, 10.25, 4.75], "texture": "#texture"},
				"south": {"uv": [10.25, 5, 10.5, 5.25], "texture": "#texture"},
				"west": {"uv": [10.25, 4.75, 10.5, 5], "texture": "#texture"},
				"up": {"uv": [15.75, 6, 16, 5.75], "texture": "#texture"},
				"down": {"uv": [15.5, 5.75, 15.75, 6], "texture": "#texture"}
			}
		},
		{
			"name": "Voxels",
			"from": [8.5, 6.75, 8.5],
			"to": [8.75, 8.5, 8.75],
			"faces": {
				"north": {"uv": [15.25, 11, 15, 12.75], "texture": "#texture"},
				"east": {"uv": [15, 11, 14.75, 12.75], "texture": "#texture"},
				"south": {"uv": [15.25, 11, 15.5, 12.75], "texture": "#texture"},
				"west": {"uv": [14.5, 11, 14.75, 12.75], "texture": "#texture"},
				"up": {"uv": [10.25, 3.75, 10.5, 3.5], "texture": "#texture"},
				"down": {"uv": [10.25, 3.75, 10.5, 4], "texture": "#texture"}
			}
		},
		{
			"name": "Voxels",
			"from": [8.5, 6.75, 8.75],
			"to": [8.75, 7.5, 9],
			"faces": {
				"north": {"uv": [8, 0, 7.75, 0.75], "texture": "#texture"},
				"east": {"uv": [13.5, 7.25, 13.25, 8], "texture": "#texture"},
				"south": {"uv": [12.25, 6.75, 12.5, 7.5], "texture": "#texture"},
				"west": {"uv": [13.25, 8, 13.5, 8.75], "texture": "#texture"},
				"up": {"uv": [15.25, 5.75, 15.5, 5.5], "texture": "#texture"},
				"down": {"uv": [15.25, 5.75, 15.5, 6], "texture": "#texture"}
			}
		},
		{
			"name": "Voxels",
			"from": [8.5, 7.5, 8.25],
			"to": [8.75, 15.75, 8.5],
			"faces": {
				"north": {"uv": [7.5, 2.75, 7.25, 11], "texture": "#texture"},
				"east": {"uv": [7.75, 2.75, 7.5, 11], "texture": "#texture"},
				"south": {"uv": [7, 2.75, 7.25, 11], "texture": "#texture"},
				"west": {"uv": [7.75, 2.75, 8, 11], "texture": "#texture"},
				"up": {"uv": [12.5, 11.25, 12.75, 11], "texture": "#texture"},
				"down": {"uv": [12.25, 11, 12.5, 11.25], "texture": "#texture"}
			}
		},
		{
			"name": "Voxels",
			"from": [8.5, 11.5, 8.5],
			"to": [8.75, 18, 8.75],
			"faces": {
				"north": {"uv": [9.5, 4.5, 9.25, 11], "texture": "#texture"},
				"east": {"uv": [8.75, 4.5, 8.5, 11], "texture": "#texture"},
				"south": {"uv": [9, 4.5, 9.25, 11], "texture": "#texture"},
				"west": {"uv": [8.75, 4.5, 9, 11], "texture": "#texture"},
				"up": {"uv": [14.5, 6, 14.75, 5.75], "texture": "#texture"},
				"down": {"uv": [9, 0, 9.25, 0.25], "texture": "#texture"}
			}
		},
		{
			"name": "Voxels",
			"from": [8.5, 12.75, 7],
			"to": [8.75, 13.5, 7.5],
			"faces": {
				"north": {"uv": [13.75, 7.25, 13.5, 8], "texture": "#texture"},
				"east": {"uv": [16, 12.75, 15.5, 13.5], "texture": "#texture"},
				"south": {"uv": [13.5, 6.5, 13.75, 7.25], "texture": "#texture"},
				"west": {"uv": [15, 12.75, 15.5, 13.5], "texture": "#texture"},
				"up": {"uv": [3.5, 0.5, 3.75, 0], "texture": "#texture"},
				"down": {"uv": [3.25, 0, 3.5, 0.5], "texture": "#texture"}
			}
		},
		{
			"name": "Voxels",
			"from": [8.5, 13.5, 7.25],
			"to": [8.75, 14.5, 7.75],
			"faces": {
				"north": {"uv": [12.5, 7.5, 12.25, 8.5], "texture": "#texture"},
				"east": {"uv": [14, 11.75, 13.5, 12.75], "texture": "#texture"},
				"south": {"uv": [13.25, 11, 13.5, 12], "texture": "#texture"},
				"west": {"uv": [14, 11.75, 14.5, 12.75], "texture": "#texture"},
				"up": {"uv": [7.25, 0.5, 7.5, 0], "texture": "#texture"},
				"down": {"uv": [7, 0, 7.25, 0.5], "texture": "#texture"}
			}
		},
		{
			"name": "Voxels",
			"from": [8.5, 13.75, 8.75],
			"to": [8.75, 16.75, 9],
			"faces": {
				"north": {"uv": [12.5, 11.25, 12.25, 14.25], "texture": "#texture"},
				"east": {"uv": [13.25, 11.25, 13, 14.25], "texture": "#texture"},
				"south": {"uv": [12.5, 11.25, 12.75, 14.25], "texture": "#texture"},
				"west": {"uv": [12.75, 11.25, 13, 14.25], "texture": "#texture"},
				"up": {"uv": [15.5, 9.5, 15.75, 9.25], "texture": "#texture"},
				"down": {"uv": [12, 6.25, 12.25, 6.5], "texture": "#texture"}
			}
		},
		{
			"name": "Voxels",
			"from": [8.5, 14.5, 7.5],
			"to": [8.75, 18.75, 7.75],
			"faces": {
				"north": {"uv": [8.5, 0, 8.25, 4.25], "texture": "#texture"},
				"east": {"uv": [9.25, 0.25, 9, 4.5], "texture": "#texture"},
				"south": {"uv": [9.25, 0.25, 9.5, 4.5], "texture": "#texture"},
				"west": {"uv": [8, 0, 8.25, 4.25], "texture": "#texture"},
				"up": {"uv": [13.25, 6.5, 13.5, 6.25], "texture": "#texture"},
				"down": {"uv": [15.75, 8.75, 16, 9], "texture": "#texture"}
			}
		},
		{
			"name": "Voxels",
			"from": [8.5, 15.75, 7.75],
			"to": [8.75, 16.75, 8],
			"faces": {
				"north": {"uv": [12.25, 8.5, 12, 9.5], "texture": "#texture"},
				"east": {"uv": [12.5, 8.5, 12.25, 9.5], "texture": "#texture"},
				"south": {"uv": [12, 7.5, 12.25, 8.5], "texture": "#texture"},
				"west": {"uv": [12, 6.5, 12.25, 7.5], "texture": "#texture"},
				"up": {"uv": [10.75, 5.75, 11, 5.5], "texture": "#texture"},
				"down": {"uv": [10.5, 5.5, 10.75, 5.75], "texture": "#texture"}
			}
		},
		{
			"name": "Voxels",
			"from": [8.5, 16.75, 8.25],
			"to": [8.75, 19, 8.5],
			"faces": {
				"north": {"uv": [7.5, 0.5, 7.25, 2.75], "texture": "#texture"},
				"east": {"uv": [7.75, 0.5, 7.5, 2.75], "texture": "#texture"},
				"south": {"uv": [13.25, 12, 13.5, 14.25], "texture": "#texture"},
				"west": {"uv": [7, 0.5, 7.25, 2.75], "texture": "#texture"},
				"up": {"uv": [14.25, 5.75, 14.5, 5.5], "texture": "#texture"},
				"down": {"uv": [14, 5.5, 14.25, 5.75], "texture": "#texture"}
			}
		},
		{
			"name": "Voxels",
			"from": [8.5, 17.75, 7.25],
			"to": [8.75, 19.5, 7.5],
			"faces": {
				"north": {"uv": [16, 11, 15.75, 12.75], "texture": "#texture"},
				"east": {"uv": [15.75, 11, 15.5, 12.75], "texture": "#texture"},
				"south": {"uv": [11.25, 7.25, 11.5, 9], "texture": "#texture"},
				"west": {"uv": [11.5, 9.25, 11.75, 11], "texture": "#texture"},
				"up": {"uv": [14.75, 5.75, 15, 5.5], "texture": "#texture"},
				"down": {"uv": [14.75, 5.75, 15, 6], "texture": "#texture"}
			}
		},
		{
			"name": "Voxels",
			"from": [8.5, 18, 8],
			"to": [8.75, 19.25, 8.25],
			"faces": {
				"north": {"uv": [6.75, 0, 6.5, 1.25], "texture": "#texture"},
				"east": {"uv": [11.75, 6.75, 11.5, 8], "texture": "#texture"},
				"south": {"uv": [6.75, 0, 7, 1.25], "texture": "#texture"},
				"west": {"uv": [11.5, 8, 11.75, 9.25], "texture": "#texture"},
				"up": {"uv": [15.75, 6.25, 16, 6], "texture": "#texture"},
				"down": {"uv": [15.5, 6, 15.75, 6.25], "texture": "#texture"}
			}
		},
		{
			"name": "Voxels",
			"from": [8.5, 18.75, 7.75],
			"to": [8.75, 19.5, 8],
			"faces": {
				"north": {"uv": [11.5, 5.5, 11.25, 6.25], "texture": "#texture"},
				"east": {"uv": [12.25, 5.5, 12, 6.25], "texture": "#texture"},
				"south": {"uv": [11.5, 5.5, 11.75, 6.25], "texture": "#texture"},
				"west": {"uv": [11.75, 5.5, 12, 6.25], "texture": "#texture"},
				"up": {"uv": [15.75, 5.75, 16, 5.5], "texture": "#texture"},
				"down": {"uv": [15.5, 5.5, 15.75, 5.75], "texture": "#texture"}
			}
		},
		{
			"name": "Voxels",
			"from": [8.5, 19.5, 7],
			"to": [8.75, 20.25, 7.25],
			"faces": {
				"north": {"uv": [12.5, 5.5, 12.25, 6.25], "texture": "#texture"},
				"east": {"uv": [13.25, 5.5, 13, 6.25], "texture": "#texture"},
				"south": {"uv": [12.5, 5.5, 12.75, 6.25], "texture": "#texture"},
				"west": {"uv": [12.75, 5.5, 13, 6.25], "texture": "#texture"},
				"up": {"uv": [10.25, 4.25, 10.5, 4], "texture": "#texture"},
				"down": {"uv": [10.25, 4.25, 10.5, 4.5], "texture": "#texture"}
			}
		},
		{
			"name": "Voxels",
			"from": [8.5, 19.5, 7.5],
			"to": [8.75, 19.75, 7.75],
			"faces": {
				"north": {"uv": [10.5, 2.25, 10.25, 2.5], "texture": "#texture"},
				"east": {"uv": [10.5, 1.5, 10.25, 1.75], "texture": "#texture"},
				"south": {"uv": [10.25, 2, 10.5, 2.25], "texture": "#texture"},
				"west": {"uv": [10.25, 1.75, 10.5, 2], "texture": "#texture"},
				"up": {"uv": [10.25, 2.75, 10.5, 2.5], "texture": "#texture"},
				"down": {"uv": [10.25, 2.75, 10.5, 3], "texture": "#texture"}
			}
		},
		{
			"name": "Voxels",
			"from": [8.5, 19.75, 7.25],
			"to": [8.75, 20, 7.5],
			"faces": {
				"north": {"uv": [10.5, 0.75, 10.25, 1], "texture": "#texture"},
				"east": {"uv": [10.5, 0, 10.25, 0.25], "texture": "#texture"},
				"south": {"uv": [10.25, 0.5, 10.5, 0.75], "texture": "#texture"},
				"west": {"uv": [10.25, 0.25, 10.5, 0.5], "texture": "#texture"},
				"up": {"uv": [10.25, 1.25, 10.5, 1], "texture": "#texture"},
				"down": {"uv": [10.25, 1.25, 10.5, 1.5], "texture": "#texture"}
			}
		}
	],
	"display": {
		"thirdperson_righthand": {
			"rotation": [0, 180, 0],
			"translation": [0, 2, 2.0869]
		},
		"thirdperson_lefthand": {
			"rotation": [0, 180, 0],
			"translation": [0, 2, 2.0869]
		},
		"firstperson_righthand": {
			"rotation": [-16, -167, -5],
			"translation": [2.0869, 4.8695, 0]
		},
		"firstperson_lefthand": {
			"rotation": [-16, -167, -5],
			"translation": [2.0869, 4.8695, 0]
		},
		"ground": {
			"rotation": [58, 0, 0]
		},
		"gui": {
			"rotation": [0, -90, 0],
			"translation": [0, -1.804, 0],
			"scale": [0.7565, 0.7565, 0.7565]
		},
		"fixed": {
			"rotation": [0, 90, 0],
			"translation": [0, -2.086, 0],
			"scale": [0.95, 0.95, 0.95]
		}
	}
}