{"textures":{"0":"modelengine:entity/dt"},"elements":[{"name":"cube","from":[6.2,6.2,4.3999996],"to":[9.8,9.8,8.0],"rotation":{"angle":0.0,"axis":"x","origin":[8.6,-7.6000004,9.2]},"faces":{"down":{"uv":[11.0,6.0,9.5,7.5],"rotation":0,"texture":"#0","tintindex":0},"east":{"uv":[11.0,4.5,9.5,6.0],"rotation":0,"texture":"#0","tintindex":0},"north":{"uv":[1.5,9.0,3.0,10.5],"rotation":0,"texture":"#0","tintindex":0},"south":{"uv":[4.5,9.5,6.0,11.0],"rotation":0,"texture":"#0","tintindex":0},"up":{"uv":[7.5,11.0,6.0,9.5],"rotation":0,"texture":"#0","tintindex":0},"west":{"uv":[9.5,4.5,11.0,6.0],"rotation":0,"texture":"#0","tintindex":0}}}],"display":{"head":{"translation":[0.0,-6.4,0.0],"rotation":[0.0,0.0,0.0],"scale":[3.8095,3.8095,3.8095]}}}