{"textures":{"0":"modelengine:entity/dt"},"elements":[{"name":"cube","from":[7.4,5.0,6.8],"to":[11.0,8.6,10.4],"rotation":{"angle":22.5,"axis":"y","origin":[6.2,-8.8,8.0]},"faces":{"down":{"uv":[11.0,7.5,9.5,6.0],"rotation":90,"texture":"#0","tintindex":0},"east":{"uv":[3.0,9.0,1.5,10.5],"rotation":0,"texture":"#0","tintindex":0},"north":{"uv":[9.5,4.5,11.0,6.0],"rotation":0,"texture":"#0","tintindex":0},"south":{"uv":[11.0,4.5,9.5,6.0],"rotation":0,"texture":"#0","tintindex":0},"up":{"uv":[7.5,9.5,6.0,11.0],"rotation":270,"texture":"#0","tintindex":0},"west":{"uv":[6.0,9.5,4.5,11.0],"rotation":0,"texture":"#0","tintindex":0}}}],"display":{"head":{"translation":[0.0,-6.4,0.0],"rotation":[0.0,0.0,0.0],"scale":[3.8095,3.8095,3.8095]}}}