{"textures":{"0":"modelengine:entity/dt"},"elements":[{"name":"cube","from":[9.218611,8.06666,7.9780817],"to":[10.418611,8.666659,8.578081],"rotation":{"angle":0.0,"axis":"x","origin":[8.018611,-4.533341,18.178082]},"faces":{"down":{"uv":[11.25,9.75,11.5,10.0],"rotation":0,"texture":"#0","tintindex":0},"east":{"uv":[10.75,8.0,11.0,8.25],"rotation":0,"texture":"#0","tintindex":0},"north":{"uv":[11.25,5.25,11.5,5.5],"rotation":0,"texture":"#0","tintindex":0},"south":{"uv":[11.25,5.0,11.5,5.25],"rotation":0,"texture":"#0","tintindex":0},"up":{"uv":[10.75,9.75,11.0,10.0],"rotation":0,"texture":"#0","tintindex":0},"west":{"uv":[11.25,5.0,11.5,5.25],"rotation":0,"texture":"#0","tintindex":0}}},{"name":"cube","from":[6.8186107,-4.533341,6.778082],"to":[9.218611,6.2666597,9.1780815],"rotation":{"angle":0.0,"axis":"x","origin":[8.018611,-4.533341,7.9780817]},"faces":{"down":{"uv":[11.5,7.5,10.5,8.5],"rotation":0,"texture":"#0","tintindex":0},"east":{"uv":[1.0,0.0,2.0,4.5],"rotation":0,"texture":"#0","tintindex":0},"north":{"uv":[0.0,0.0,1.0,4.5],"rotation":0,"texture":"#0","tintindex":0},"south":{"uv":[2.0,0.0,3.0,4.5],"rotation":0,"texture":"#0","tintindex":0},"up":{"uv":[8.0,6.0,7.0,5.0],"rotation":0,"texture":"#0","tintindex":0},"west":{"uv":[3.0,0.0,4.0,4.5],"rotation":0,"texture":"#0","tintindex":0}}},{"name":"cube","from":[5.618611,-2.1333408,5.5780816],"to":[10.418611,-1.5333409,10.378082],"rotation":{"angle":0.0,"axis":"x","origin":[8.018611,-4.533341,7.9780817]},"faces":{"down":{"uv":[7.0,0.0,5.0,2.0],"rotation":0,"texture":"#0","tintindex":0},"east":{"uv":[10.5,10.75,12.5,11.0],"rotation":0,"texture":"#0","tintindex":0},"north":{"uv":[10.5,10.5,12.5,10.75],"rotation":0,"texture":"#0","tintindex":0},"south":{"uv":[4.5,11.0,6.5,11.25],"rotation":0,"texture":"#0","tintindex":0},"up":{"uv":[5.0,6.5,3.0,4.5],"rotation":0,"texture":"#0","tintindex":0},"west":{"uv":[11.0,4.5,13.0,4.75],"rotation":0,"texture":"#0","tintindex":0}}},{"name":"cube","from":[5.618611,15.26666,5.5780816],"to":[10.418611,15.86666,10.378082],"rotation":{"angle":0.0,"axis":"x","origin":[8.018611,-4.533341,7.9780817]},"faces":{"down":{"uv":[7.0,4.0,5.0,6.0],"rotation":0,"texture":"#0","tintindex":0},"east":{"uv":[11.0,5.0,13.0,5.25],"rotation":0,"texture":"#0","tintindex":0},"north":{"uv":[11.0,4.75,13.0,5.0],"rotation":0,"texture":"#0","tintindex":0},"south":{"uv":[11.0,5.25,13.0,5.5],"rotation":0,"texture":"#0","tintindex":0},"up":{"uv":[7.0,4.0,5.0,2.0],"rotation":0,"texture":"#0","tintindex":0},"west":{"uv":[11.0,5.5,13.0,5.75],"rotation":0,"texture":"#0","tintindex":0}}},{"name":"cube","from":[6.218611,-0.933341,6.1780815],"to":[9.818611,3.8666594,9.778082],"rotation":{"angle":0.0,"axis":"x","origin":[8.018611,-4.533341,7.9780817]},"faces":{"down":{"uv":[3.0,10.5,1.5,12.0],"rotation":0,"texture":"#0","tintindex":0},"east":{"uv":[3.0,6.5,4.5,8.5],"rotation":0,"texture":"#0","tintindex":0},"north":{"uv":[5.0,6.0,6.5,8.0],"rotation":0,"texture":"#0","tintindex":0},"south":{"uv":[6.5,6.0,8.0,8.0],"rotation":0,"texture":"#0","tintindex":0},"up":{"uv":[1.5,12.0,0.0,10.5],"rotation":0,"texture":"#0","tintindex":0},"west":{"uv":[8.5,0.0,7.0,2.0],"rotation":0,"texture":"#0","tintindex":0}}},{"name":"cube","from":[6.8186107,6.2666597,6.778082],"to":[9.218611,17.06666,9.1780815],"rotation":{"angle":0.0,"axis":"x","origin":[8.018611,-4.533341,7.9780817]},"faces":{"down":{"uv":[11.5,9.5,10.5,10.5],"rotation":0,"texture":"#0","tintindex":0},"east":{"uv":[0.0,4.5,1.0,9.0],"rotation":0,"texture":"#0","tintindex":0},"north":{"uv":[4.0,0.0,5.0,4.5],"rotation":0,"texture":"#0","tintindex":0},"south":{"uv":[1.0,4.5,2.0,9.0],"rotation":0,"texture":"#0","tintindex":0},"up":{"uv":[11.5,9.5,10.5,8.5],"rotation":0,"texture":"#0","tintindex":0},"west":{"uv":[2.0,4.5,3.0,9.0],"rotation":0,"texture":"#0","tintindex":0}}},{"name":"cube","from":[5.0186105,12.26666,7.378082],"to":[6.8186107,12.86666,7.9780817],"rotation":{"angle":0.0,"axis":"x","origin":[8.018611,-4.533341,18.178082]},"faces":{"down":{"uv":[11.25,9.75,11.5,10.0],"rotation":0,"texture":"#0","tintindex":0},"east":{"uv":[10.75,8.0,11.0,8.25],"rotation":0,"texture":"#0","tintindex":0},"north":{"uv":[11.25,5.25,11.5,5.5],"rotation":0,"texture":"#0","tintindex":0},"south":{"uv":[11.25,5.0,11.5,5.25],"rotation":0,"texture":"#0","tintindex":0},"up":{"uv":[10.75,9.75,11.0,10.0],"rotation":0,"texture":"#0","tintindex":0},"west":{"uv":[11.25,5.0,11.5,5.25],"rotation":0,"texture":"#0","tintindex":0}}},{"name":"cube","from":[5.618611,9.866659,7.9780817],"to":[6.8186107,10.46666,8.578081],"rotation":{"angle":0.0,"axis":"x","origin":[8.018611,-4.533341,18.178082]},"faces":{"down":{"uv":[11.25,9.75,11.5,10.0],"rotation":0,"texture":"#0","tintindex":0},"east":{"uv":[10.75,8.0,11.0,8.25],"rotation":0,"texture":"#0","tintindex":0},"north":{"uv":[11.25,5.25,11.5,5.5],"rotation":0,"texture":"#0","tintindex":0},"south":{"uv":[11.25,5.0,11.5,5.25],"rotation":0,"texture":"#0","tintindex":0},"up":{"uv":[10.75,9.75,11.0,10.0],"rotation":0,"texture":"#0","tintindex":0},"west":{"uv":[11.25,5.0,11.5,5.25],"rotation":0,"texture":"#0","tintindex":0}}},{"name":"cube","from":[3.8186104,0.26665926,6.778082],"to":[6.218611,0.86665916,7.378082],"rotation":{"angle":0.0,"axis":"x","origin":[8.018611,-4.533341,18.178082]},"faces":{"down":{"uv":[11.25,9.75,11.5,10.0],"rotation":0,"texture":"#0","tintindex":0},"east":{"uv":[10.75,8.0,11.0,8.25],"rotation":0,"texture":"#0","tintindex":0},"north":{"uv":[11.25,5.25,11.5,5.5],"rotation":0,"texture":"#0","tintindex":0},"south":{"uv":[11.25,5.0,11.5,5.25],"rotation":0,"texture":"#0","tintindex":0},"up":{"uv":[10.75,9.75,11.0,10.0],"rotation":0,"texture":"#0","tintindex":0},"west":{"uv":[11.25,5.0,11.5,5.25],"rotation":0,"texture":"#0","tintindex":0}}},{"name":"cube","from":[9.818611,0.26665926,6.778082],"to":[12.218611,0.86665916,7.378082],"rotation":{"angle":0.0,"axis":"x","origin":[8.018611,-4.533341,18.178082]},"faces":{"down":{"uv":[11.25,9.75,11.5,10.0],"rotation":0,"texture":"#0","tintindex":0},"east":{"uv":[10.75,8.0,11.0,8.25],"rotation":0,"texture":"#0","tintindex":0},"north":{"uv":[11.25,5.25,11.5,5.5],"rotation":0,"texture":"#0","tintindex":0},"south":{"uv":[11.25,5.0,11.5,5.25],"rotation":0,"texture":"#0","tintindex":0},"up":{"uv":[10.75,9.75,11.0,10.0],"rotation":0,"texture":"#0","tintindex":0},"west":{"uv":[11.25,5.0,11.5,5.25],"rotation":0,"texture":"#0","tintindex":0}}},{"name":"cube","from":[8.61861,0.26665926,9.778082],"to":[9.218611,0.86665916,12.1780815],"rotation":{"angle":0.0,"axis":"x","origin":[8.018611,-4.533341,18.178082]},"faces":{"down":{"uv":[11.25,9.75,11.5,10.0],"rotation":270,"texture":"#0","tintindex":0},"east":{"uv":[11.25,5.25,11.5,5.5],"rotation":0,"texture":"#0","tintindex":0},"north":{"uv":[11.25,5.0,11.5,5.25],"rotation":0,"texture":"#0","tintindex":0},"south":{"uv":[10.75,8.0,11.0,8.25],"rotation":0,"texture":"#0","tintindex":0},"up":{"uv":[10.75,9.75,11.0,10.0],"rotation":90,"texture":"#0","tintindex":0},"west":{"uv":[11.25,5.0,11.5,5.25],"rotation":0,"texture":"#0","tintindex":0}}},{"name":"cube","from":[8.61861,0.26665926,3.7780814],"to":[9.218611,0.86665916,6.1780815],"rotation":{"angle":0.0,"axis":"x","origin":[8.018611,-4.533341,18.178082]},"faces":{"down":{"uv":[11.25,9.75,11.5,10.0],"rotation":270,"texture":"#0","tintindex":0},"east":{"uv":[11.25,5.25,11.5,5.5],"rotation":0,"texture":"#0","tintindex":0},"north":{"uv":[11.25,5.0,11.5,5.25],"rotation":0,"texture":"#0","tintindex":0},"south":{"uv":[10.75,8.0,11.0,8.25],"rotation":0,"texture":"#0","tintindex":0},"up":{"uv":[10.75,9.75,11.0,10.0],"rotation":90,"texture":"#0","tintindex":0},"west":{"uv":[11.25,5.0,11.5,5.25],"rotation":0,"texture":"#0","tintindex":0}}},{"name":"cube","from":[3.8186104,0.26665926,8.578081],"to":[6.218611,0.86665916,9.1780815],"rotation":{"angle":0.0,"axis":"x","origin":[8.018611,-4.533341,18.178082]},"faces":{"down":{"uv":[11.25,9.75,11.5,10.0],"rotation":0,"texture":"#0","tintindex":0},"east":{"uv":[10.75,8.0,11.0,8.25],"rotation":0,"texture":"#0","tintindex":0},"north":{"uv":[11.25,5.25,11.5,5.5],"rotation":0,"texture":"#0","tintindex":0},"south":{"uv":[11.25,5.0,11.5,5.25],"rotation":0,"texture":"#0","tintindex":0},"up":{"uv":[10.75,9.75,11.0,10.0],"rotation":0,"texture":"#0","tintindex":0},"west":{"uv":[11.25,5.0,11.5,5.25],"rotation":0,"texture":"#0","tintindex":0}}},{"name":"cube","from":[9.818611,0.26665926,8.578081],"to":[12.218611,0.86665916,9.1780815],"rotation":{"angle":0.0,"axis":"x","origin":[8.018611,-4.533341,18.178082]},"faces":{"down":{"uv":[11.25,9.75,11.5,10.0],"rotation":0,"texture":"#0","tintindex":0},"east":{"uv":[10.75,8.0,11.0,8.25],"rotation":0,"texture":"#0","tintindex":0},"north":{"uv":[11.25,5.25,11.5,5.5],"rotation":0,"texture":"#0","tintindex":0},"south":{"uv":[11.25,5.0,11.5,5.25],"rotation":0,"texture":"#0","tintindex":0},"up":{"uv":[10.75,9.75,11.0,10.0],"rotation":0,"texture":"#0","tintindex":0},"west":{"uv":[11.25,5.0,11.5,5.25],"rotation":0,"texture":"#0","tintindex":0}}},{"name":"cube","from":[6.8186107,0.26665926,9.778082],"to":[7.4186106,0.86665916,12.1780815],"rotation":{"angle":0.0,"axis":"x","origin":[8.018611,-4.533341,18.178082]},"faces":{"down":{"uv":[11.25,9.75,11.5,10.0],"rotation":270,"texture":"#0","tintindex":0},"east":{"uv":[11.25,5.25,11.5,5.5],"rotation":0,"texture":"#0","tintindex":0},"north":{"uv":[11.25,5.0,11.5,5.25],"rotation":0,"texture":"#0","tintindex":0},"south":{"uv":[10.75,8.0,11.0,8.25],"rotation":0,"texture":"#0","tintindex":0},"up":{"uv":[10.75,9.75,11.0,10.0],"rotation":90,"texture":"#0","tintindex":0},"west":{"uv":[11.25,5.0,11.5,5.25],"rotation":0,"texture":"#0","tintindex":0}}},{"name":"cube","from":[6.8186107,0.26665926,3.7780814],"to":[7.4186106,0.86665916,6.1780815],"rotation":{"angle":0.0,"axis":"x","origin":[8.018611,-4.533341,18.178082]},"faces":{"down":{"uv":[11.25,9.75,11.5,10.0],"rotation":270,"texture":"#0","tintindex":0},"east":{"uv":[11.25,5.25,11.5,5.5],"rotation":0,"texture":"#0","tintindex":0},"north":{"uv":[11.25,5.0,11.5,5.25],"rotation":0,"texture":"#0","tintindex":0},"south":{"uv":[10.75,8.0,11.0,8.25],"rotation":0,"texture":"#0","tintindex":0},"up":{"uv":[10.75,9.75,11.0,10.0],"rotation":90,"texture":"#0","tintindex":0},"west":{"uv":[11.25,5.0,11.5,5.25],"rotation":0,"texture":"#0","tintindex":0}}},{"name":"cube","from":[5.618611,7.4666595,7.378082],"to":[6.8186107,8.06666,7.9780817],"rotation":{"angle":0.0,"axis":"x","origin":[8.018611,-4.533341,18.178082]},"faces":{"down":{"uv":[11.25,9.75,11.5,10.0],"rotation":0,"texture":"#0","tintindex":0},"east":{"uv":[10.75,8.0,11.0,8.25],"rotation":0,"texture":"#0","tintindex":0},"north":{"uv":[11.25,5.25,11.5,5.5],"rotation":0,"texture":"#0","tintindex":0},"south":{"uv":[11.25,5.0,11.5,5.25],"rotation":0,"texture":"#0","tintindex":0},"up":{"uv":[10.75,9.75,11.0,10.0],"rotation":0,"texture":"#0","tintindex":0},"west":{"uv":[11.25,5.0,11.5,5.25],"rotation":0,"texture":"#0","tintindex":0}}},{"name":"cube","from":[5.618611,14.06666,7.9780817],"to":[6.8186107,14.666659,8.578081],"rotation":{"angle":0.0,"axis":"x","origin":[8.018611,-4.533341,18.178082]},"faces":{"down":{"uv":[11.25,9.75,11.5,10.0],"rotation":0,"texture":"#0","tintindex":0},"east":{"uv":[10.75,8.0,11.0,8.25],"rotation":0,"texture":"#0","tintindex":0},"north":{"uv":[11.25,5.25,11.5,5.5],"rotation":0,"texture":"#0","tintindex":0},"south":{"uv":[11.25,5.0,11.5,5.25],"rotation":0,"texture":"#0","tintindex":0},"up":{"uv":[10.75,9.75,11.0,10.0],"rotation":0,"texture":"#0","tintindex":0},"west":{"uv":[11.25,5.0,11.5,5.25],"rotation":0,"texture":"#0","tintindex":0}}},{"name":"cube","from":[8.018611,13.46666,9.1780815],"to":[8.61861,14.06666,10.378082],"rotation":{"angle":0.0,"axis":"x","origin":[8.018611,-4.533341,18.178082]},"faces":{"down":{"uv":[11.25,9.75,11.5,10.0],"rotation":0,"texture":"#0","tintindex":0},"east":{"uv":[10.75,8.0,11.0,8.25],"rotation":0,"texture":"#0","tintindex":0},"north":{"uv":[11.25,5.25,11.5,5.5],"rotation":0,"texture":"#0","tintindex":0},"south":{"uv":[11.25,5.0,11.5,5.25],"rotation":0,"texture":"#0","tintindex":0},"up":{"uv":[10.75,9.75,11.0,10.0],"rotation":0,"texture":"#0","tintindex":0},"west":{"uv":[11.25,5.0,11.5,5.25],"rotation":0,"texture":"#0","tintindex":0}}},{"name":"cube","from":[7.4186106,11.666659,9.1780815],"to":[8.018611,12.26666,10.378082],"rotation":{"angle":0.0,"axis":"x","origin":[8.018611,-4.533341,18.178082]},"faces":{"down":{"uv":[11.25,9.75,11.5,10.0],"rotation":0,"texture":"#0","tintindex":0},"east":{"uv":[10.75,8.0,11.0,8.25],"rotation":0,"texture":"#0","tintindex":0},"north":{"uv":[11.25,5.25,11.5,5.5],"rotation":0,"texture":"#0","tintindex":0},"south":{"uv":[11.25,5.0,11.5,5.25],"rotation":0,"texture":"#0","tintindex":0},"up":{"uv":[10.75,9.75,11.0,10.0],"rotation":0,"texture":"#0","tintindex":0},"west":{"uv":[11.25,5.0,11.5,5.25],"rotation":0,"texture":"#0","tintindex":0}}},{"name":"cube","from":[8.018611,9.26666,9.1780815],"to":[8.61861,9.866659,10.978082],"rotation":{"angle":0.0,"axis":"x","origin":[8.018611,-4.533341,18.178082]},"faces":{"down":{"uv":[11.25,9.75,11.5,10.0],"rotation":0,"texture":"#0","tintindex":0},"east":{"uv":[10.75,8.0,11.0,8.25],"rotation":0,"texture":"#0","tintindex":0},"north":{"uv":[11.25,5.25,11.5,5.5],"rotation":0,"texture":"#0","tintindex":0},"south":{"uv":[11.25,5.0,11.5,5.25],"rotation":0,"texture":"#0","tintindex":0},"up":{"uv":[10.75,9.75,11.0,10.0],"rotation":0,"texture":"#0","tintindex":0},"west":{"uv":[11.25,5.0,11.5,5.25],"rotation":0,"texture":"#0","tintindex":0}}},{"name":"cube","from":[8.018611,12.86666,5.5780816],"to":[8.61861,13.46666,7.378082],"rotation":{"angle":0.0,"axis":"x","origin":[8.018611,-4.533341,18.178082]},"faces":{"down":{"uv":[11.25,9.75,11.5,10.0],"rotation":0,"texture":"#0","tintindex":0},"east":{"uv":[10.75,8.0,11.0,8.25],"rotation":0,"texture":"#0","tintindex":0},"north":{"uv":[11.25,5.25,11.5,5.5],"rotation":0,"texture":"#0","tintindex":0},"south":{"uv":[11.25,5.0,11.5,5.25],"rotation":0,"texture":"#0","tintindex":0},"up":{"uv":[10.75,9.75,11.0,10.0],"rotation":0,"texture":"#0","tintindex":0},"west":{"uv":[11.25,5.0,11.5,5.25],"rotation":0,"texture":"#0","tintindex":0}}},{"name":"cube","from":[9.218611,14.06666,7.378082],"to":[10.418611,14.666659,7.9780817],"rotation":{"angle":0.0,"axis":"x","origin":[8.018611,-4.533341,18.178082]},"faces":{"down":{"uv":[11.25,9.75,11.5,10.0],"rotation":0,"texture":"#0","tintindex":0},"east":{"uv":[10.75,8.0,11.0,8.25],"rotation":0,"texture":"#0","tintindex":0},"north":{"uv":[11.25,5.25,11.5,5.5],"rotation":0,"texture":"#0","tintindex":0},"south":{"uv":[11.25,5.0,11.5,5.25],"rotation":0,"texture":"#0","tintindex":0},"up":{"uv":[10.75,9.75,11.0,10.0],"rotation":0,"texture":"#0","tintindex":0},"west":{"uv":[11.25,5.0,11.5,5.25],"rotation":0,"texture":"#0","tintindex":0}}}],"display":{"head":{"translation":[0.0,-6.4,0.0],"rotation":[0.0,0.0,0.0],"scale":[3.8095,3.8095,3.8095]}}}