{"textures":{"0":"modelengine:entity/tm"},"elements":[{"name":"cube","from":[6.8,7.325,6.6499996],"to":[9.2,10.325001,9.05],"rotation":{"angle":0.0,"axis":"x","origin":[8.0,-2.8750005,7.55]},"faces":{"down":{"uv":[5.25,6.0,4.25,7.0],"rotation":0,"texture":"#0","tintindex":0},"east":{"uv":[4.0,1.75,5.0,3.0],"rotation":0,"texture":"#0","tintindex":0},"north":{"uv":[4.0,0.5,5.0,1.75],"rotation":0,"texture":"#0","tintindex":0},"south":{"uv":[0.5,4.25,1.5,5.5],"rotation":0,"texture":"#0","tintindex":0},"up":{"uv":[7.0,1.5,6.0,0.5],"rotation":0,"texture":"#0","tintindex":0},"west":{"uv":[1.5,4.75,2.5,6.0],"rotation":0,"texture":"#0","tintindex":0}}},{"name":"cube","from":[7.4,9.725,8.45],"to":[8.6,10.925,9.65],"rotation":{"angle":0.0,"axis":"x","origin":[8.0,-2.8750005,7.55]},"faces":{"down":{"uv":[10.75,3.0,10.25,3.5],"rotation":0,"texture":"#0","tintindex":0},"east":{"uv":[5.0,2.5,5.5,3.0],"rotation":0,"texture":"#0","tintindex":0},"north":{"uv":[1.5,4.25,2.0,4.75],"rotation":0,"texture":"#0","tintindex":0},"south":{"uv":[9.0,2.0,9.5,2.5],"rotation":0,"texture":"#0","tintindex":0},"up":{"uv":[3.25,10.75,2.75,10.25],"rotation":0,"texture":"#0","tintindex":0},"west":{"uv":[10.25,2.5,10.75,3.0],"rotation":0,"texture":"#0","tintindex":0}}},{"name":"cube","from":[7.1,6.725,6.05],"to":[9.5,10.925,6.6499996],"rotation":{"angle":45.0,"axis":"y","origin":[8.0,-2.8750005,7.55]},"faces":{"down":{"uv":[11.25,2.25,10.25,2.5],"rotation":0,"texture":"#0","tintindex":0},"east":{"uv":[9.75,0.0,10.0,1.75],"rotation":0,"texture":"#0","tintindex":0},"north":{"uv":[1.0,2.5,2.0,4.25],"rotation":0,"texture":"#0","tintindex":0},"south":{"uv":[3.0,2.0,4.0,3.75],"rotation":0,"texture":"#0","tintindex":0},"up":{"uv":[11.25,2.25,10.25,2.0],"rotation":0,"texture":"#0","tintindex":0},"west":{"uv":[0.25,9.75,0.5,11.5],"rotation":0,"texture":"#0","tintindex":0}}},{"name":"cube","from":[6.5,6.725,6.05],"to":[8.9,10.925,6.6499996],"rotation":{"angle":-45.0,"axis":"y","origin":[8.0,-2.8750005,7.55]},"faces":{"down":{"uv":[2.75,10.25,1.75,10.5],"rotation":0,"texture":"#0","tintindex":0},"east":{"uv":[1.0,9.25,1.25,11.0],"rotation":0,"texture":"#0","tintindex":0},"north":{"uv":[2.0,2.0,3.0,3.75],"rotation":0,"texture":"#0","tintindex":0},"south":{"uv":[0.0,2.5,1.0,4.25],"rotation":0,"texture":"#0","tintindex":0},"up":{"uv":[7.0,1.75,6.0,1.5],"rotation":0,"texture":"#0","tintindex":0},"west":{"uv":[0.0,9.75,0.25,11.5],"rotation":0,"texture":"#0","tintindex":0}}}],"display":{"head":{"translation":[0.0,-6.4,0.0],"rotation":[0.0,0.0,0.0],"scale":[3.8095,3.8095,3.8095]}}}