{"textures":{"0":"modelengine:entity/tm"},"elements":[{"name":"cube","from":[7.1,7.7,5.005269],"to":[8.9,8.9,6.8052692],"rotation":{"angle":0.0,"axis":"x","origin":[8.45,9.2,8.6]},"faces":{"down":{"uv":[10.0,9.25,9.25,10.0],"rotation":0,"texture":"#0","tintindex":0},"east":{"uv":[3.5,9.75,4.25,10.25],"rotation":0,"texture":"#0","tintindex":0},"north":{"uv":[2.75,9.75,3.5,10.25],"rotation":0,"texture":"#0","tintindex":0},"south":{"uv":[9.75,3.5,10.5,4.0],"rotation":0,"texture":"#0","tintindex":0},"up":{"uv":[10.0,9.25,9.25,8.5],"rotation":0,"texture":"#0","tintindex":0},"west":{"uv":[9.75,4.0,10.5,4.5],"rotation":0,"texture":"#0","tintindex":0}}}],"display":{"head":{"translation":[0.0,-6.4,0.0],"rotation":[0.0,0.0,0.0],"scale":[3.8095,3.8095,3.8095]}}}