{"textures":{"0":"modelengine:entity/tm"},"elements":[{"name":"cube","from":[7.118,4.3638964,5.1040215],"to":[8.917999,6.763897,6.9040213],"rotation":{"angle":22.5,"axis":"x","origin":[8.438,2.2638965,6.298752]},"faces":{"down":{"uv":[10.0,6.25,9.25,7.0],"rotation":0,"texture":"#0","tintindex":0},"east":{"uv":[6.5,8.5,7.25,9.5],"rotation":0,"texture":"#0","tintindex":0},"north":{"uv":[5.75,8.5,6.5,9.5],"rotation":0,"texture":"#0","tintindex":0},"south":{"uv":[7.25,8.5,8.0,9.5],"rotation":0,"texture":"#0","tintindex":0},"up":{"uv":[7.25,2.5,6.5,1.75],"rotation":0,"texture":"#0","tintindex":0},"west":{"uv":[1.25,8.75,2.0,9.75],"rotation":0,"texture":"#0","tintindex":0}}},{"name":"cube","from":[7.0880003,6.1638966,6.9040213],"to":[8.888,8.563896,9.304022],"rotation":{"angle":0.0,"axis":"x","origin":[8.438,2.2638965,6.298752]},"faces":{"down":{"uv":[8.75,7.75,8.0,8.75],"rotation":0,"texture":"#0","tintindex":0},"east":{"uv":[6.25,2.5,7.25,3.5],"rotation":0,"texture":"#0","tintindex":0},"north":{"uv":[8.0,2.5,8.75,3.5],"rotation":0,"texture":"#0","tintindex":0},"south":{"uv":[8.0,3.5,8.75,4.5],"rotation":0,"texture":"#0","tintindex":0},"up":{"uv":[8.75,5.5,8.0,4.5],"rotation":0,"texture":"#0","tintindex":0},"west":{"uv":[6.25,3.5,7.25,4.5],"rotation":0,"texture":"#0","tintindex":0}}}],"display":{"head":{"translation":[0.0,-6.4,0.0],"rotation":[0.0,0.0,0.0],"scale":[3.8095,3.8095,3.8095]}}}