{"textures":{"0":"modelengine:entity/tm"},"elements":[{"name":"cube","from":[7.1,5.3,7.7],"to":[8.3,8.9,9.5],"rotation":{"angle":0.0,"axis":"x","origin":[10.700001,-1.3000002,7.4]},"faces":{"down":{"uv":[6.25,7.0,5.75,7.75],"rotation":0,"texture":"#0","tintindex":0},"east":{"uv":[0.5,5.5,1.25,7.0],"rotation":0,"texture":"#0","tintindex":0},"north":{"uv":[8.75,3.5,9.25,5.0],"rotation":0,"texture":"#0","tintindex":0},"south":{"uv":[8.75,5.0,9.25,6.5],"rotation":0,"texture":"#0","tintindex":0},"up":{"uv":[5.5,4.5,5.0,3.75],"rotation":0,"texture":"#0","tintindex":0},"west":{"uv":[5.5,2.5,6.25,4.0],"rotation":0,"texture":"#0","tintindex":0}}}],"display":{"head":{"translation":[0.0,-6.4,0.0],"rotation":[0.0,0.0,0.0],"scale":[3.8095,3.8095,3.8095]}}}