{"textures":{"0":"modelengine:entity/tm"},"elements":[{"name":"cube","from":[7.4,4.3999996,7.1],"to":[8.6,8.0,8.9],"rotation":{"angle":0.0,"axis":"x","origin":[11.0,1.3999997,6.8]},"faces":{"down":{"uv":[10.5,6.75,10.0,7.5],"rotation":0,"texture":"#0","tintindex":0},"east":{"uv":[5.5,4.0,6.25,5.5],"rotation":0,"texture":"#0","tintindex":0},"north":{"uv":[8.75,6.5,9.25,8.0],"rotation":0,"texture":"#0","tintindex":0},"south":{"uv":[8.0,8.75,8.5,10.25],"rotation":0,"texture":"#0","tintindex":0},"up":{"uv":[10.5,6.75,10.0,6.0],"rotation":0,"texture":"#0","tintindex":0},"west":{"uv":[5.5,5.5,6.25,7.0],"rotation":0,"texture":"#0","tintindex":0}}},{"name":"cube","from":[7.1,5.6,6.8],"to":[8.9,6.2,9.2],"rotation":{"angle":0.0,"axis":"x","origin":[8.0,8.0,8.0]},"faces":{"down":{"uv":[6.5,2.75,7.25,3.75],"rotation":0,"texture":"#0","tintindex":0},"east":{"uv":[4.5,0.0,5.5,0.25],"rotation":0,"texture":"#0","tintindex":0},"north":{"uv":[7.25,0.0,8.0,0.25],"rotation":0,"texture":"#0","tintindex":0},"south":{"uv":[7.0,0.0,7.75,0.25],"rotation":0,"texture":"#0","tintindex":0},"up":{"uv":[6.5,2.75,7.25,3.75],"rotation":0,"texture":"#0","tintindex":0},"west":{"uv":[4.25,0.0,5.25,0.25],"rotation":0,"texture":"#0","tintindex":0}}}],"display":{"head":{"translation":[0.0,-6.4,0.0],"rotation":[0.0,0.0,0.0],"scale":[3.8095,3.8095,3.8095]}}}