{"textures":{"0":"modelengine:entity/tm"},"elements":[{"name":"cube","from":[6.4820004,4.3638964,5.1040215],"to":[8.282,6.763897,6.9040213],"rotation":{"angle":22.5,"axis":"x","origin":[6.962,2.2638965,6.298752]},"faces":{"down":{"uv":[9.25,9.5,8.5,10.25],"rotation":0,"texture":"#0","tintindex":0},"east":{"uv":[8.75,2.5,9.5,3.5],"rotation":0,"texture":"#0","tintindex":0},"north":{"uv":[2.0,8.75,2.75,9.75],"rotation":0,"texture":"#0","tintindex":0},"south":{"uv":[2.75,8.75,3.5,9.75],"rotation":0,"texture":"#0","tintindex":0},"up":{"uv":[8.0,10.25,7.25,9.5],"rotation":0,"texture":"#0","tintindex":0},"west":{"uv":[3.5,8.75,4.25,9.75],"rotation":0,"texture":"#0","tintindex":0}}},{"name":"cube","from":[6.512,6.1638966,6.9040213],"to":[8.312,8.563896,9.304022],"rotation":{"angle":0.0,"axis":"x","origin":[4.862,2.2638965,6.298752]},"faces":{"down":{"uv":[9.25,0.5,8.5,1.5],"rotation":0,"texture":"#0","tintindex":0},"east":{"uv":[6.25,4.5,7.25,5.5],"rotation":0,"texture":"#0","tintindex":0},"north":{"uv":[0.5,8.25,1.25,9.25],"rotation":0,"texture":"#0","tintindex":0},"south":{"uv":[4.25,8.25,5.0,9.25],"rotation":0,"texture":"#0","tintindex":0},"up":{"uv":[5.75,9.25,5.0,8.25],"rotation":0,"texture":"#0","tintindex":0},"west":{"uv":[6.25,5.5,7.25,6.5],"rotation":0,"texture":"#0","tintindex":0}}}],"display":{"head":{"translation":[0.0,-6.4,0.0],"rotation":[0.0,0.0,0.0],"scale":[3.8095,3.8095,3.8095]}}}