{"textures":{"0":"modelengine:entity/tm"},"elements":[{"name":"cube","from":[7.0699997,4.1,9.205269],"to":[8.87,7.1,10.40527],"rotation":{"angle":0.0,"axis":"x","origin":[7.55,5.6,11.0]},"faces":{"down":{"uv":[10.75,1.0,10.0,1.5],"rotation":0,"texture":"#0","tintindex":0},"east":{"uv":[9.25,5.0,9.75,6.25],"rotation":0,"texture":"#0","tintindex":0},"north":{"uv":[7.25,4.25,8.0,5.5],"rotation":0,"texture":"#0","tintindex":0},"south":{"uv":[1.25,7.5,2.0,8.75],"rotation":0,"texture":"#0","tintindex":0},"up":{"uv":[10.75,1.0,10.0,0.5],"rotation":0,"texture":"#0","tintindex":0},"west":{"uv":[5.25,9.25,5.75,10.5],"rotation":0,"texture":"#0","tintindex":0}}},{"name":"cube","from":[7.1,7.1,9.805269],"to":[8.9,10.1,11.605269],"rotation":{"angle":-45.0,"axis":"x","origin":[7.55,5.6,11.0]},"faces":{"down":{"uv":[7.25,9.5,6.5,10.25],"rotation":0,"texture":"#0","tintindex":0},"east":{"uv":[2.75,7.5,3.5,8.75],"rotation":0,"texture":"#0","tintindex":0},"north":{"uv":[2.0,7.5,2.75,8.75],"rotation":0,"texture":"#0","tintindex":0},"south":{"uv":[3.5,7.5,4.25,8.75],"rotation":0,"texture":"#0","tintindex":0},"up":{"uv":[6.5,10.25,5.75,9.5],"rotation":0,"texture":"#0","tintindex":0},"west":{"uv":[7.75,0.5,8.5,1.75],"rotation":0,"texture":"#0","tintindex":0}}}],"display":{"head":{"translation":[0.0,-6.4,0.0],"rotation":[0.0,0.0,0.0],"scale":[3.8095,3.8095,3.8095]}}}