{"textures":{"0":"modelengine:entity/tm"},"elements":[{"name":"cube","from":[6.8,5.8999996,7.4],"to":[8.6,6.5,9.8],"rotation":{"angle":0.0,"axis":"x","origin":[7.7,8.3,8.6]},"faces":{"down":{"uv":[7.25,2.75,6.5,3.75],"rotation":0,"texture":"#0","tintindex":0},"east":{"uv":[5.25,0.0,4.25,0.25],"rotation":0,"texture":"#0","tintindex":0},"north":{"uv":[8.0,0.0,7.25,0.25],"rotation":0,"texture":"#0","tintindex":0},"south":{"uv":[7.75,0.0,7.0,0.25],"rotation":0,"texture":"#0","tintindex":0},"up":{"uv":[7.25,2.75,6.5,3.75],"rotation":0,"texture":"#0","tintindex":0},"west":{"uv":[5.5,0.0,4.5,0.25],"rotation":0,"texture":"#0","tintindex":0}}},{"name":"cube","from":[7.1,4.7,7.7],"to":[8.3,8.3,9.5],"rotation":{"angle":0.0,"axis":"x","origin":[4.7,1.6999998,7.4]},"faces":{"down":{"uv":[9.75,10.0,9.25,10.75],"rotation":0,"texture":"#0","tintindex":0},"east":{"uv":[2.75,6.0,3.5,7.5],"rotation":0,"texture":"#0","tintindex":0},"north":{"uv":[9.25,0.5,9.75,2.0],"rotation":0,"texture":"#0","tintindex":0},"south":{"uv":[9.25,3.5,9.75,5.0],"rotation":0,"texture":"#0","tintindex":0},"up":{"uv":[10.5,9.75,10.0,9.0],"rotation":0,"texture":"#0","tintindex":0},"west":{"uv":[3.5,6.0,4.25,7.5],"rotation":0,"texture":"#0","tintindex":0}}}],"display":{"head":{"translation":[0.0,-6.4,0.0],"rotation":[0.0,0.0,0.0],"scale":[3.8095,3.8095,3.8095]}}}