{"textures":{"0":"modelengine:entity/tm"},"elements":[{"name":"cube","from":[7.1,7.55,5.6052694],"to":[8.9,8.75,7.4052696],"rotation":{"angle":0.0,"axis":"x","origin":[7.55,9.05,9.2]},"faces":{"down":{"uv":[10.25,2.75,9.5,3.5],"rotation":0,"texture":"#0","tintindex":0},"east":{"uv":[9.75,5.0,10.5,5.5],"rotation":0,"texture":"#0","tintindex":0},"north":{"uv":[9.75,4.5,10.5,5.0],"rotation":0,"texture":"#0","tintindex":0},"south":{"uv":[9.75,5.5,10.5,6.0],"rotation":0,"texture":"#0","tintindex":0},"up":{"uv":[10.25,2.75,9.5,2.0],"rotation":0,"texture":"#0","tintindex":0},"west":{"uv":[10.0,0.0,10.75,0.5],"rotation":0,"texture":"#0","tintindex":0}}}],"display":{"head":{"translation":[0.0,-6.4,0.0],"rotation":[0.0,0.0,0.0],"scale":[3.8095,3.8095,3.8095]}}}