{"textures":{"0":"modelengine:entity/tm"},"elements":[{"name":"cube","from":[7.7,7.7,1.9399996],"to":[8.3,8.3,15.14],"rotation":{"angle":0.0,"axis":"x","origin":[5.3,4.7,7.04]},"faces":{"down":{"uv":[0.5,4.25,0.25,9.75],"rotation":0,"texture":"#0","tintindex":0},"east":{"uv":[4.0,0.0,9.5,0.25],"rotation":0,"texture":"#0","tintindex":0},"north":{"uv":[5.0,4.5,5.25,4.75],"rotation":0,"texture":"#0","tintindex":0},"south":{"uv":[5.25,4.5,5.5,4.75],"rotation":0,"texture":"#0","tintindex":0},"up":{"uv":[0.25,9.75,0.0,4.25],"rotation":0,"texture":"#0","tintindex":0},"west":{"uv":[4.0,0.25,9.5,0.5],"rotation":0,"texture":"#0","tintindex":0}}},{"name":"cube","from":[7.7,6.5,1.3399996],"to":[8.3,7.1,3.1399996],"rotation":{"angle":0.0,"axis":"x","origin":[5.3,4.7,7.04]},"faces":{"down":{"uv":[7.75,10.25,7.5,11.0],"rotation":0,"texture":"#0","tintindex":0},"east":{"uv":[5.75,10.25,6.5,10.5],"rotation":0,"texture":"#0","tintindex":0},"north":{"uv":[5.25,6.75,5.5,7.0],"rotation":0,"texture":"#0","tintindex":0},"south":{"uv":[7.25,6.25,7.5,6.5],"rotation":0,"texture":"#0","tintindex":0},"up":{"uv":[7.5,11.0,7.25,10.25],"rotation":0,"texture":"#0","tintindex":0},"west":{"uv":[6.5,10.25,7.25,10.5],"rotation":0,"texture":"#0","tintindex":0}}},{"name":"cube","from":[7.85,7.1,-1.0600004],"to":[8.15,8.9,1.9399996],"rotation":{"angle":0.0,"axis":"x","origin":[5.3,4.7,7.04]},"faces":{"down":{"uv":[1.75,10.25,1.5,11.5],"rotation":0,"texture":"#0","tintindex":0},"east":{"uv":[7.25,5.5,8.5,6.25],"rotation":0,"texture":"#0","tintindex":0},"north":{"uv":[5.25,6.0,5.5,6.75],"rotation":0,"texture":"#0","tintindex":0},"south":{"uv":[8.5,5.5,8.75,6.25],"rotation":0,"texture":"#0","tintindex":0},"up":{"uv":[1.5,11.5,1.25,10.25],"rotation":0,"texture":"#0","tintindex":0},"west":{"uv":[5.75,7.75,7.0,8.5],"rotation":0,"texture":"#0","tintindex":0}}},{"name":"cube","from":[7.7,7.7,-2.2600007],"to":[8.3,8.3,1.3399996],"rotation":{"angle":0.0,"axis":"x","origin":[5.3,4.7,7.04]},"faces":{"down":{"uv":[10.25,9.75,10.0,11.25],"rotation":0,"texture":"#0","tintindex":0},"east":{"uv":[9.75,1.75,11.25,2.0],"rotation":0,"texture":"#0","tintindex":0},"north":{"uv":[7.5,6.25,7.75,6.5],"rotation":0,"texture":"#0","tintindex":0},"south":{"uv":[9.0,1.75,9.25,2.0],"rotation":0,"texture":"#0","tintindex":0},"up":{"uv":[10.0,11.5,9.75,10.0],"rotation":0,"texture":"#0","tintindex":0},"west":{"uv":[10.0,1.5,11.5,1.75],"rotation":0,"texture":"#0","tintindex":0}}},{"name":"cube","from":[7.7,8.9,1.3399996],"to":[8.3,9.5,3.1399996],"rotation":{"angle":0.0,"axis":"x","origin":[5.3,4.7,7.04]},"faces":{"down":{"uv":[4.25,10.25,4.0,11.0],"rotation":0,"texture":"#0","tintindex":0},"east":{"uv":[8.5,1.5,9.25,1.75],"rotation":0,"texture":"#0","tintindex":0},"north":{"uv":[1.25,5.5,1.5,5.75],"rotation":0,"texture":"#0","tintindex":0},"south":{"uv":[1.25,5.75,1.5,6.0],"rotation":0,"texture":"#0","tintindex":0},"up":{"uv":[8.75,9.5,8.5,8.75],"rotation":0,"texture":"#0","tintindex":0},"west":{"uv":[3.25,10.25,4.0,10.5],"rotation":0,"texture":"#0","tintindex":0}}}],"display":{"head":{"translation":[0.0,-6.4,0.0],"rotation":[0.0,0.0,0.0],"scale":[3.8095,3.8095,3.8095]}}}