{"textures":{"0":"modelengine:entity/tm"},"elements":[{"name":"cube","from":[5.6,9.5975685,9.405714],"to":[10.4,12.5975685,11.805715],"rotation":{"angle":-22.5,"axis":"x","origin":[8.0,2.9975681,5.5057144]},"faces":{"down":{"uv":[4.0,1.0,2.0,2.0],"rotation":0,"texture":"#0","tintindex":0},"east":{"uv":[2.5,4.75,3.5,6.0],"rotation":0,"texture":"#0","tintindex":0},"north":{"uv":[0.0,0.0,2.0,1.25],"rotation":0,"texture":"#0","tintindex":0},"south":{"uv":[0.0,1.25,2.0,2.5],"rotation":0,"texture":"#0","tintindex":0},"up":{"uv":[4.0,1.0,2.0,0.0],"rotation":0,"texture":"#0","tintindex":0},"west":{"uv":[3.5,4.75,4.5,6.0],"rotation":0,"texture":"#0","tintindex":0}}},{"name":"cube","from":[6.8,8.506079,7.0057144],"to":[9.2,11.506079,8.805715],"rotation":{"angle":0.0,"axis":"x","origin":[6.8,2.5060787,5.5004444]},"faces":{"down":{"uv":[8.0,7.75,7.0,8.5],"rotation":0,"texture":"#0","tintindex":0},"east":{"uv":[6.25,6.5,7.0,7.75],"rotation":0,"texture":"#0","tintindex":0},"north":{"uv":[4.5,4.75,5.5,6.0],"rotation":0,"texture":"#0","tintindex":0},"south":{"uv":[5.0,0.5,6.0,1.75],"rotation":0,"texture":"#0","tintindex":0},"up":{"uv":[8.75,7.0,7.75,6.25],"rotation":0,"texture":"#0","tintindex":0},"west":{"uv":[0.5,7.0,1.25,8.25],"rotation":0,"texture":"#0","tintindex":0}}},{"name":"cube","from":[6.2,7.306079,6.4657145],"to":[9.8,9.106079,8.865715],"rotation":{"angle":0.0,"axis":"x","origin":[6.8,2.5060787,5.5004444]},"faces":{"down":{"uv":[5.0,3.75,3.5,4.75],"rotation":0,"texture":"#0","tintindex":0},"east":{"uv":[7.75,7.0,8.75,7.75],"rotation":0,"texture":"#0","tintindex":0},"north":{"uv":[4.0,3.0,5.5,3.75],"rotation":0,"texture":"#0","tintindex":0},"south":{"uv":[5.0,1.75,6.5,2.5],"rotation":0,"texture":"#0","tintindex":0},"up":{"uv":[3.5,4.75,2.0,3.75],"rotation":0,"texture":"#0","tintindex":0},"west":{"uv":[8.0,1.75,9.0,2.5],"rotation":0,"texture":"#0","tintindex":0}}},{"name":"cube","from":[5.6,10.359278,5.4344835],"to":[10.4,13.359278,5.4344835],"rotation":{"angle":0.0,"axis":"x","origin":[8.0,7.959277,8.434484]},"faces":{"down":{"uv":[0.0,0.0,2.0,0.0],"rotation":0,"texture":"#0","tintindex":0},"east":{"uv":[0.0,0.0,0.0,1.25],"rotation":0,"texture":"#0","tintindex":0},"north":{"uv":[11.0,0.0,13.0,1.25],"rotation":0,"texture":"#0","tintindex":0},"south":{"uv":[13.0,0.0,11.0,1.25],"rotation":0,"texture":"#0","tintindex":0},"up":{"uv":[0.0,0.0,2.0,0.0],"rotation":0,"texture":"#0","tintindex":0},"west":{"uv":[0.0,0.0,0.0,1.25],"rotation":0,"texture":"#0","tintindex":0}}}],"display":{"head":{"translation":[0.0,-6.4,0.0],"rotation":[0.0,0.0,0.0],"scale":[3.8095,3.8095,3.8095]}}}