{"textures":{"0":"modelengine:entity/tree"},"elements":[{"name":"cube","from":[11.0,8.0,5.0],"to":[17.0,14.0,11.0],"rotation":{"angle":0.0,"axis":"x","origin":[20.600002,-1.6000004,21.8]},"faces":{"down":{"uv":[4.0,0.0,8.0,4.0],"rotation":0,"texture":"#0","tintindex":0},"east":{"uv":[3.875,0.0,7.875,4.0],"rotation":0,"texture":"#0","tintindex":0},"north":{"uv":[3.875,0.0,7.875,4.0],"rotation":0,"texture":"#0","tintindex":0},"south":{"uv":[4.0,0.0,8.0,4.0],"rotation":0,"texture":"#0","tintindex":0},"up":{"uv":[4.0,0.0,8.0,4.0],"rotation":0,"texture":"#0","tintindex":0},"west":{"uv":[4.0,0.0,8.0,4.0],"rotation":0,"texture":"#0","tintindex":0}}},{"name":"cube","from":[5.0,9.2,5.0],"to":[9.8,14.0,9.8],"rotation":{"angle":0.0,"axis":"x","origin":[50.600002,-38.2,21.8]},"faces":{"down":{"uv":[0.0,4.0,4.0,8.0],"rotation":0,"texture":"#0","tintindex":0},"east":{"uv":[0.0,4.0,4.0,8.0],"rotation":0,"texture":"#0","tintindex":0},"north":{"uv":[0.0,4.0,4.0,8.0],"rotation":0,"texture":"#0","tintindex":0},"south":{"uv":[0.0,4.0,4.0,8.0],"rotation":0,"texture":"#0","tintindex":0},"up":{"uv":[0.0,4.0,4.0,8.0],"rotation":0,"texture":"#0","tintindex":0},"west":{"uv":[0.0,4.0,4.0,8.0],"rotation":0,"texture":"#0","tintindex":0}}},{"name":"cube","from":[9.2,11.6,5.6],"to":[14.0,16.400002,10.4],"rotation":{"angle":0.0,"axis":"x","origin":[20.600002,-1.6000004,21.8]},"faces":{"down":{"uv":[4.0,0.0,8.0,4.0],"rotation":0,"texture":"#0","tintindex":0},"east":{"uv":[3.875,0.0,7.875,4.0],"rotation":0,"texture":"#0","tintindex":0},"north":{"uv":[3.875,0.0,7.875,4.0],"rotation":0,"texture":"#0","tintindex":0},"south":{"uv":[4.0,0.0,8.0,4.0],"rotation":0,"texture":"#0","tintindex":0},"up":{"uv":[4.0,0.0,8.0,4.0],"rotation":0,"texture":"#0","tintindex":0},"west":{"uv":[4.0,0.0,8.0,4.0],"rotation":0,"texture":"#0","tintindex":0}}},{"name":"cube","from":[5.0,14.0,5.0],"to":[11.0,20.0,11.0],"rotation":{"angle":0.0,"axis":"x","origin":[20.600002,-1.6000004,21.8]},"faces":{"down":{"uv":[4.0,0.0,8.0,4.0],"rotation":0,"texture":"#0","tintindex":0},"east":{"uv":[3.875,0.0,7.875,4.0],"rotation":0,"texture":"#0","tintindex":0},"north":{"uv":[3.875,0.0,7.875,4.0],"rotation":0,"texture":"#0","tintindex":0},"south":{"uv":[4.0,0.0,8.0,4.0],"rotation":0,"texture":"#0","tintindex":0},"up":{"uv":[4.0,0.0,8.0,4.0],"rotation":0,"texture":"#0","tintindex":0},"west":{"uv":[4.0,0.0,8.0,4.0],"rotation":0,"texture":"#0","tintindex":0}}},{"name":"cube","from":[-1.0000005,14.0,5.0],"to":[5.0,20.0,11.0],"rotation":{"angle":0.0,"axis":"x","origin":[20.600002,-1.6000004,21.8]},"faces":{"down":{"uv":[4.0,0.0,8.0,4.0],"rotation":0,"texture":"#0","tintindex":0},"east":{"uv":[3.875,0.0,7.875,4.0],"rotation":0,"texture":"#0","tintindex":0},"north":{"uv":[3.875,0.0,7.875,4.0],"rotation":0,"texture":"#0","tintindex":0},"south":{"uv":[4.0,0.0,8.0,4.0],"rotation":0,"texture":"#0","tintindex":0},"up":{"uv":[4.0,0.0,8.0,4.0],"rotation":0,"texture":"#0","tintindex":0},"west":{"uv":[4.0,0.0,8.0,4.0],"rotation":0,"texture":"#0","tintindex":0}}},{"name":"cube","from":[-1.0000005,20.0,5.0],"to":[5.0,26.0,11.0],"rotation":{"angle":0.0,"axis":"x","origin":[20.600002,-1.6000004,21.8]},"faces":{"down":{"uv":[4.0,0.0,8.0,4.0],"rotation":0,"texture":"#0","tintindex":0},"east":{"uv":[3.875,0.0,7.875,4.0],"rotation":0,"texture":"#0","tintindex":0},"north":{"uv":[3.875,0.0,7.875,4.0],"rotation":0,"texture":"#0","tintindex":0},"south":{"uv":[4.0,0.0,8.0,4.0],"rotation":0,"texture":"#0","tintindex":0},"up":{"uv":[4.0,0.0,8.0,4.0],"rotation":0,"texture":"#0","tintindex":0},"west":{"uv":[4.0,0.0,8.0,4.0],"rotation":0,"texture":"#0","tintindex":0}}},{"name":"cube","from":[5.0,20.0,5.0],"to":[8.6,23.600002,8.6],"rotation":{"angle":0.0,"axis":"x","origin":[20.600002,-1.6000004,21.8]},"faces":{"down":{"uv":[4.0,0.0,8.0,4.0],"rotation":0,"texture":"#0","tintindex":0},"east":{"uv":[3.875,0.0,7.875,4.0],"rotation":0,"texture":"#0","tintindex":0},"north":{"uv":[3.875,0.0,7.875,4.0],"rotation":0,"texture":"#0","tintindex":0},"south":{"uv":[4.0,0.0,8.0,4.0],"rotation":0,"texture":"#0","tintindex":0},"up":{"uv":[4.0,0.0,8.0,4.0],"rotation":0,"texture":"#0","tintindex":0},"west":{"uv":[4.0,0.0,8.0,4.0],"rotation":0,"texture":"#0","tintindex":0}}},{"name":"cube","from":[1.9999998,17.0,1.3999997],"to":[5.6,20.600002,5.0],"rotation":{"angle":0.0,"axis":"x","origin":[20.600002,-1.6000004,21.8]},"faces":{"down":{"uv":[4.0,0.0,8.0,4.0],"rotation":0,"texture":"#0","tintindex":0},"east":{"uv":[3.875,0.0,7.875,4.0],"rotation":0,"texture":"#0","tintindex":0},"north":{"uv":[3.875,0.0,7.875,4.0],"rotation":0,"texture":"#0","tintindex":0},"south":{"uv":[4.0,0.0,8.0,4.0],"rotation":0,"texture":"#0","tintindex":0},"up":{"uv":[4.0,0.0,8.0,4.0],"rotation":0,"texture":"#0","tintindex":0},"west":{"uv":[4.0,0.0,8.0,4.0],"rotation":0,"texture":"#0","tintindex":0}}},{"name":"cube","from":[6.2,14.0,-3.4000006],"to":[9.8,17.6,0.19999981],"rotation":{"angle":0.0,"axis":"x","origin":[20.600002,-1.6000004,21.8]},"faces":{"down":{"uv":[4.0,0.0,8.0,4.0],"rotation":0,"texture":"#0","tintindex":0},"east":{"uv":[3.875,0.0,7.875,4.0],"rotation":0,"texture":"#0","tintindex":0},"north":{"uv":[3.875,0.0,7.875,4.0],"rotation":0,"texture":"#0","tintindex":0},"south":{"uv":[4.0,0.0,8.0,4.0],"rotation":0,"texture":"#0","tintindex":0},"up":{"uv":[4.0,0.0,8.0,4.0],"rotation":0,"texture":"#0","tintindex":0},"west":{"uv":[4.0,0.0,8.0,4.0],"rotation":0,"texture":"#0","tintindex":0}}},{"name":"cube","from":[3.7999997,27.2,-3.4000006],"to":[7.4,30.8,0.19999981],"rotation":{"angle":0.0,"axis":"x","origin":[20.600002,-1.6000004,21.8]},"faces":{"down":{"uv":[4.0,0.0,8.0,4.0],"rotation":0,"texture":"#0","tintindex":0},"east":{"uv":[3.875,0.0,7.875,4.0],"rotation":0,"texture":"#0","tintindex":0},"north":{"uv":[3.875,0.0,7.875,4.0],"rotation":0,"texture":"#0","tintindex":0},"south":{"uv":[4.0,0.0,8.0,4.0],"rotation":0,"texture":"#0","tintindex":0},"up":{"uv":[4.0,0.0,8.0,4.0],"rotation":0,"texture":"#0","tintindex":0},"west":{"uv":[4.0,0.0,8.0,4.0],"rotation":0,"texture":"#0","tintindex":0}}},{"name":"cube","from":[3.7999997,7.4,-10.000001],"to":[7.4,11.0,-6.4000006],"rotation":{"angle":0.0,"axis":"x","origin":[20.600002,-1.6000004,21.8]},"faces":{"down":{"uv":[4.0,0.0,8.0,4.0],"rotation":0,"texture":"#0","tintindex":0},"east":{"uv":[3.875,0.0,7.875,4.0],"rotation":0,"texture":"#0","tintindex":0},"north":{"uv":[3.875,0.0,7.875,4.0],"rotation":0,"texture":"#0","tintindex":0},"south":{"uv":[4.0,0.0,8.0,4.0],"rotation":0,"texture":"#0","tintindex":0},"up":{"uv":[4.0,0.0,8.0,4.0],"rotation":0,"texture":"#0","tintindex":0},"west":{"uv":[4.0,0.0,8.0,4.0],"rotation":0,"texture":"#0","tintindex":0}}},{"name":"cube","from":[1.9999998,7.4,15.8],"to":[5.6,11.0,19.400002],"rotation":{"angle":0.0,"axis":"x","origin":[20.600002,-1.6000004,21.8]},"faces":{"down":{"uv":[4.0,0.0,8.0,4.0],"rotation":0,"texture":"#0","tintindex":0},"east":{"uv":[3.875,0.0,7.875,4.0],"rotation":0,"texture":"#0","tintindex":0},"north":{"uv":[3.875,0.0,7.875,4.0],"rotation":0,"texture":"#0","tintindex":0},"south":{"uv":[4.0,0.0,8.0,4.0],"rotation":0,"texture":"#0","tintindex":0},"up":{"uv":[4.0,0.0,8.0,4.0],"rotation":0,"texture":"#0","tintindex":0},"west":{"uv":[4.0,0.0,8.0,4.0],"rotation":0,"texture":"#0","tintindex":0}}},{"name":"cube","from":[-0.40000033,14.0,11.0],"to":[3.1999998,17.6,14.6],"rotation":{"angle":0.0,"axis":"x","origin":[20.600002,-1.6000004,21.8]},"faces":{"down":{"uv":[4.0,0.0,8.0,4.0],"rotation":0,"texture":"#0","tintindex":0},"east":{"uv":[3.875,0.0,7.875,4.0],"rotation":0,"texture":"#0","tintindex":0},"north":{"uv":[3.875,0.0,7.875,4.0],"rotation":0,"texture":"#0","tintindex":0},"south":{"uv":[4.0,0.0,8.0,4.0],"rotation":0,"texture":"#0","tintindex":0},"up":{"uv":[4.0,0.0,8.0,4.0],"rotation":0,"texture":"#0","tintindex":0},"west":{"uv":[4.0,0.0,8.0,4.0],"rotation":0,"texture":"#0","tintindex":0}}},{"name":"cube","from":[-4.0000005,8.0,2.6],"to":[0.7999997,12.8,7.4],"rotation":{"angle":0.0,"axis":"x","origin":[20.600002,-1.6000004,21.8]},"faces":{"down":{"uv":[4.0,0.0,8.0,4.0],"rotation":0,"texture":"#0","tintindex":0},"east":{"uv":[3.875,0.0,7.875,4.0],"rotation":0,"texture":"#0","tintindex":0},"north":{"uv":[3.875,0.0,7.875,4.0],"rotation":0,"texture":"#0","tintindex":0},"south":{"uv":[4.0,0.0,8.0,4.0],"rotation":0,"texture":"#0","tintindex":0},"up":{"uv":[4.0,0.0,8.0,4.0],"rotation":0,"texture":"#0","tintindex":0},"west":{"uv":[4.0,0.0,8.0,4.0],"rotation":0,"texture":"#0","tintindex":0}}},{"name":"cube","from":[5.0,8.0,-1.0000005],"to":[11.0,14.0,5.0],"rotation":{"angle":0.0,"axis":"x","origin":[20.600002,-1.6000004,21.8]},"faces":{"down":{"uv":[4.0,0.0,8.0,4.0],"rotation":0,"texture":"#0","tintindex":0},"east":{"uv":[3.875,0.0,7.875,4.0],"rotation":0,"texture":"#0","tintindex":0},"north":{"uv":[3.875,0.0,7.875,4.0],"rotation":0,"texture":"#0","tintindex":0},"south":{"uv":[4.0,0.0,8.0,4.0],"rotation":0,"texture":"#0","tintindex":0},"up":{"uv":[4.0,0.0,8.0,4.0],"rotation":0,"texture":"#0","tintindex":0},"west":{"uv":[4.0,0.0,8.0,4.0],"rotation":0,"texture":"#0","tintindex":0}}},{"name":"cube","from":[5.0,8.0,-7.000001],"to":[11.0,14.0,-1.0000005],"rotation":{"angle":0.0,"axis":"x","origin":[20.600002,-1.6000004,21.8]},"faces":{"down":{"uv":[4.0,0.0,8.0,4.0],"rotation":0,"texture":"#0","tintindex":0},"east":{"uv":[3.875,0.0,7.875,4.0],"rotation":0,"texture":"#0","tintindex":0},"north":{"uv":[3.875,0.0,7.875,4.0],"rotation":0,"texture":"#0","tintindex":0},"south":{"uv":[4.0,0.0,8.0,4.0],"rotation":0,"texture":"#0","tintindex":0},"up":{"uv":[4.0,0.0,8.0,4.0],"rotation":0,"texture":"#0","tintindex":0},"west":{"uv":[4.0,0.0,8.0,4.0],"rotation":0,"texture":"#0","tintindex":0}}},{"name":"cube","from":[-1.0000005,8.0,11.0],"to":[5.0,14.0,17.0],"rotation":{"angle":0.0,"axis":"x","origin":[20.600002,-1.6000004,21.8]},"faces":{"down":{"uv":[4.0,0.0,8.0,4.0],"rotation":0,"texture":"#0","tintindex":0},"east":{"uv":[3.875,0.0,7.875,4.0],"rotation":0,"texture":"#0","tintindex":0},"north":{"uv":[3.875,0.0,7.875,4.0],"rotation":0,"texture":"#0","tintindex":0},"south":{"uv":[4.0,0.0,8.0,4.0],"rotation":0,"texture":"#0","tintindex":0},"up":{"uv":[4.0,0.0,8.0,4.0],"rotation":0,"texture":"#0","tintindex":0},"west":{"uv":[4.0,0.0,8.0,4.0],"rotation":0,"texture":"#0","tintindex":0}}},{"name":"cube","from":[-1.0000005,8.0,5.0],"to":[5.0,14.0,11.0],"rotation":{"angle":0.0,"axis":"x","origin":[20.600002,-1.6000004,21.8]},"faces":{"down":{"uv":[4.0,0.0,8.0,4.0],"rotation":0,"texture":"#0","tintindex":0},"east":{"uv":[3.875,0.0,7.875,4.0],"rotation":0,"texture":"#0","tintindex":0},"north":{"uv":[3.875,0.0,7.875,4.0],"rotation":0,"texture":"#0","tintindex":0},"south":{"uv":[4.0,0.0,8.0,4.0],"rotation":0,"texture":"#0","tintindex":0},"up":{"uv":[4.0,0.0,8.0,4.0],"rotation":0,"texture":"#0","tintindex":0},"west":{"uv":[4.0,0.0,8.0,4.0],"rotation":0,"texture":"#0","tintindex":0}}},{"name":"cube","from":[5.0,20.0,-1.0000005],"to":[11.0,26.0,5.0],"rotation":{"angle":0.0,"axis":"x","origin":[20.600002,-1.6000004,21.8]},"faces":{"down":{"uv":[4.0,0.0,8.0,4.0],"rotation":0,"texture":"#0","tintindex":0},"east":{"uv":[3.875,0.0,7.875,4.0],"rotation":0,"texture":"#0","tintindex":0},"north":{"uv":[3.875,0.0,7.875,4.0],"rotation":0,"texture":"#0","tintindex":0},"south":{"uv":[4.0,0.0,8.0,4.0],"rotation":0,"texture":"#0","tintindex":0},"up":{"uv":[4.0,0.0,8.0,4.0],"rotation":0,"texture":"#0","tintindex":0},"west":{"uv":[4.0,0.0,8.0,4.0],"rotation":0,"texture":"#0","tintindex":0}}},{"name":"cube","from":[-1.0000005,20.0,-1.0000005],"to":[5.0,26.0,5.0],"rotation":{"angle":0.0,"axis":"x","origin":[20.600002,-1.6000004,21.8]},"faces":{"down":{"uv":[4.0,0.0,8.0,4.0],"rotation":0,"texture":"#0","tintindex":0},"east":{"uv":[3.875,0.0,7.875,4.0],"rotation":0,"texture":"#0","tintindex":0},"north":{"uv":[3.875,0.0,7.875,4.0],"rotation":0,"texture":"#0","tintindex":0},"south":{"uv":[4.0,0.0,8.0,4.0],"rotation":0,"texture":"#0","tintindex":0},"up":{"uv":[4.0,0.0,8.0,4.0],"rotation":0,"texture":"#0","tintindex":0},"west":{"uv":[4.0,0.0,8.0,4.0],"rotation":0,"texture":"#0","tintindex":0}}},{"name":"cube","from":[5.0,14.0,-1.0000005],"to":[11.0,20.0,5.0],"rotation":{"angle":0.0,"axis":"x","origin":[20.600002,-1.6000004,21.8]},"faces":{"down":{"uv":[4.0,0.0,8.0,4.0],"rotation":0,"texture":"#0","tintindex":0},"east":{"uv":[3.875,0.0,7.875,4.0],"rotation":0,"texture":"#0","tintindex":0},"north":{"uv":[3.875,0.0,7.875,4.0],"rotation":0,"texture":"#0","tintindex":0},"south":{"uv":[4.0,0.0,8.0,4.0],"rotation":0,"texture":"#0","tintindex":0},"up":{"uv":[4.0,0.0,8.0,4.0],"rotation":0,"texture":"#0","tintindex":0},"west":{"uv":[4.0,0.0,8.0,4.0],"rotation":0,"texture":"#0","tintindex":0}}}],"display":{"head":{"translation":[0.0,-6.4,0.0],"rotation":[0.0,0.0,0.0],"scale":[3.8095,3.8095,3.8095]}}}