{"textures":{"0":"modelengine:entity/tree"},"elements":[{"name":"cube","from":[4.25908,0.41646433,8.1234865],"to":[8.544794,4.7021785,12.409201],"rotation":{"angle":0.0,"axis":"x","origin":[36.830505,-45.44068,20.123486]},"faces":{"down":{"uv":[0.0,4.0,4.0,8.0],"rotation":0,"texture":"#0","tintindex":0},"east":{"uv":[0.0,4.0,4.0,8.0],"rotation":0,"texture":"#0","tintindex":0},"north":{"uv":[0.0,4.0,4.0,8.0],"rotation":0,"texture":"#0","tintindex":0},"south":{"uv":[0.0,4.0,4.0,8.0],"rotation":0,"texture":"#0","tintindex":0},"up":{"uv":[0.0,4.0,4.0,8.0],"rotation":0,"texture":"#0","tintindex":0},"west":{"uv":[0.0,4.0,4.0,8.0],"rotation":0,"texture":"#0","tintindex":0}}},{"name":"cube","from":[-0.026634693,0.41646433,8.1234865],"to":[4.25908,4.7021785,12.409201],"rotation":{"angle":0.0,"axis":"x","origin":[36.830505,-45.44068,20.123486]},"faces":{"down":{"uv":[0.0,4.0,4.0,8.0],"rotation":0,"texture":"#0","tintindex":0},"east":{"uv":[0.0,4.0,4.0,8.0],"rotation":0,"texture":"#0","tintindex":0},"north":{"uv":[0.0,4.0,4.0,8.0],"rotation":0,"texture":"#0","tintindex":0},"south":{"uv":[0.0,4.0,4.0,8.0],"rotation":0,"texture":"#0","tintindex":0},"up":{"uv":[0.0,4.0,4.0,8.0],"rotation":0,"texture":"#0","tintindex":0},"west":{"uv":[0.0,4.0,4.0,8.0],"rotation":0,"texture":"#0","tintindex":0}}},{"name":"cube","from":[-0.026634693,0.41646433,3.8377721],"to":[4.25908,4.7021785,8.1234865],"rotation":{"angle":0.0,"axis":"x","origin":[36.830505,-45.44068,20.123486]},"faces":{"down":{"uv":[0.0,4.0,4.0,8.0],"rotation":0,"texture":"#0","tintindex":0},"east":{"uv":[0.0,4.0,4.0,8.0],"rotation":0,"texture":"#0","tintindex":0},"north":{"uv":[0.0,4.0,4.0,8.0],"rotation":0,"texture":"#0","tintindex":0},"south":{"uv":[0.0,4.0,4.0,8.0],"rotation":0,"texture":"#0","tintindex":0},"up":{"uv":[0.0,4.0,4.0,8.0],"rotation":0,"texture":"#0","tintindex":0},"west":{"uv":[0.0,4.0,4.0,8.0],"rotation":0,"texture":"#0","tintindex":0}}},{"name":"cube","from":[4.25908,0.41646433,3.8377721],"to":[8.544794,4.7021785,8.1234865],"rotation":{"angle":0.0,"axis":"x","origin":[36.830505,-45.44068,20.123486]},"faces":{"down":{"uv":[0.0,4.0,4.0,8.0],"rotation":0,"texture":"#0","tintindex":0},"east":{"uv":[0.0,4.0,4.0,8.0],"rotation":0,"texture":"#0","tintindex":0},"north":{"uv":[0.0,4.0,4.0,8.0],"rotation":0,"texture":"#0","tintindex":0},"south":{"uv":[0.0,4.0,4.0,8.0],"rotation":0,"texture":"#0","tintindex":0},"up":{"uv":[0.0,4.0,4.0,8.0],"rotation":0,"texture":"#0","tintindex":0},"west":{"uv":[0.0,4.0,4.0,8.0],"rotation":0,"texture":"#0","tintindex":0}}},{"name":"cube","from":[4.25908,4.2736073,3.8377721],"to":[8.544794,8.559321,8.1234865],"rotation":{"angle":0.0,"axis":"x","origin":[36.830505,-45.44068,20.123486]},"faces":{"down":{"uv":[0.0,4.0,4.0,8.0],"rotation":0,"texture":"#0","tintindex":0},"east":{"uv":[0.0,4.0,4.0,8.0],"rotation":0,"texture":"#0","tintindex":0},"north":{"uv":[0.0,4.0,4.0,8.0],"rotation":0,"texture":"#0","tintindex":0},"south":{"uv":[0.0,4.0,4.0,8.0],"rotation":0,"texture":"#0","tintindex":0},"up":{"uv":[0.0,4.0,4.0,8.0],"rotation":0,"texture":"#0","tintindex":0},"west":{"uv":[0.0,4.0,4.0,8.0],"rotation":0,"texture":"#0","tintindex":0}}},{"name":"cube","from":[4.25908,0.41646433,-0.44794226],"to":[8.544794,4.7021785,3.8377721],"rotation":{"angle":0.0,"axis":"x","origin":[36.830505,-45.44068,20.123486]},"faces":{"down":{"uv":[0.0,4.0,4.0,8.0],"rotation":0,"texture":"#0","tintindex":0},"east":{"uv":[0.0,4.0,4.0,8.0],"rotation":0,"texture":"#0","tintindex":0},"north":{"uv":[0.0,4.0,4.0,8.0],"rotation":0,"texture":"#0","tintindex":0},"south":{"uv":[0.0,4.0,4.0,8.0],"rotation":0,"texture":"#0","tintindex":0},"up":{"uv":[0.0,4.0,4.0,8.0],"rotation":0,"texture":"#0","tintindex":0},"west":{"uv":[0.0,4.0,4.0,8.0],"rotation":0,"texture":"#0","tintindex":0}}},{"name":"cube","from":[-0.026634693,0.41646433,-0.44794226],"to":[4.25908,4.7021785,3.8377721],"rotation":{"angle":0.0,"axis":"x","origin":[36.830505,-45.44068,20.123486]},"faces":{"down":{"uv":[0.0,4.0,4.0,8.0],"rotation":0,"texture":"#0","tintindex":0},"east":{"uv":[0.0,4.0,4.0,8.0],"rotation":0,"texture":"#0","tintindex":0},"north":{"uv":[0.0,4.0,4.0,8.0],"rotation":0,"texture":"#0","tintindex":0},"south":{"uv":[0.0,4.0,4.0,8.0],"rotation":0,"texture":"#0","tintindex":0},"up":{"uv":[0.0,4.0,4.0,8.0],"rotation":0,"texture":"#0","tintindex":0},"west":{"uv":[0.0,4.0,4.0,8.0],"rotation":0,"texture":"#0","tintindex":0}}},{"name":"cube","from":[4.25908,0.41646433,-4.733657],"to":[8.544794,4.7021785,-0.44794226],"rotation":{"angle":0.0,"axis":"x","origin":[36.830505,-45.44068,20.123486]},"faces":{"down":{"uv":[0.0,4.0,4.0,8.0],"rotation":0,"texture":"#0","tintindex":0},"east":{"uv":[0.0,4.0,4.0,8.0],"rotation":0,"texture":"#0","tintindex":0},"north":{"uv":[0.0,4.0,4.0,8.0],"rotation":0,"texture":"#0","tintindex":0},"south":{"uv":[0.0,4.0,4.0,8.0],"rotation":0,"texture":"#0","tintindex":0},"up":{"uv":[0.0,4.0,4.0,8.0],"rotation":0,"texture":"#0","tintindex":0},"west":{"uv":[0.0,4.0,4.0,8.0],"rotation":0,"texture":"#0","tintindex":0}}},{"name":"cube","from":[-0.026634693,0.41646433,12.409201],"to":[4.25908,4.7021785,16.694916],"rotation":{"angle":0.0,"axis":"x","origin":[36.830505,-45.44068,20.123486]},"faces":{"down":{"uv":[0.0,4.0,4.0,8.0],"rotation":0,"texture":"#0","tintindex":0},"east":{"uv":[0.0,4.0,4.0,8.0],"rotation":0,"texture":"#0","tintindex":0},"north":{"uv":[0.0,4.0,4.0,8.0],"rotation":0,"texture":"#0","tintindex":0},"south":{"uv":[0.0,4.0,4.0,8.0],"rotation":0,"texture":"#0","tintindex":0},"up":{"uv":[0.0,4.0,4.0,8.0],"rotation":0,"texture":"#0","tintindex":0},"west":{"uv":[0.0,4.0,4.0,8.0],"rotation":0,"texture":"#0","tintindex":0}}},{"name":"cube","from":[-0.026634693,4.7021785,3.8377721],"to":[4.25908,8.987893,8.1234865],"rotation":{"angle":0.0,"axis":"x","origin":[36.830505,-45.44068,20.123486]},"faces":{"down":{"uv":[0.0,4.0,4.0,8.0],"rotation":0,"texture":"#0","tintindex":0},"east":{"uv":[0.0,4.0,4.0,8.0],"rotation":0,"texture":"#0","tintindex":0},"north":{"uv":[0.0,4.0,4.0,8.0],"rotation":0,"texture":"#0","tintindex":0},"south":{"uv":[0.0,4.0,4.0,8.0],"rotation":0,"texture":"#0","tintindex":0},"up":{"uv":[0.0,4.0,4.0,8.0],"rotation":0,"texture":"#0","tintindex":0},"west":{"uv":[0.0,4.0,4.0,8.0],"rotation":0,"texture":"#0","tintindex":0}}},{"name":"cube","from":[4.25908,4.7021785,12.409201],"to":[8.544794,8.987893,16.694916],"rotation":{"angle":0.0,"axis":"x","origin":[36.830505,-45.44068,20.123486]},"faces":{"down":{"uv":[0.0,4.0,4.0,8.0],"rotation":0,"texture":"#0","tintindex":0},"east":{"uv":[0.0,4.0,4.0,8.0],"rotation":0,"texture":"#0","tintindex":0},"north":{"uv":[0.0,4.0,4.0,8.0],"rotation":0,"texture":"#0","tintindex":0},"south":{"uv":[0.0,4.0,4.0,8.0],"rotation":0,"texture":"#0","tintindex":0},"up":{"uv":[0.0,4.0,4.0,8.0],"rotation":0,"texture":"#0","tintindex":0},"west":{"uv":[0.0,4.0,4.0,8.0],"rotation":0,"texture":"#0","tintindex":0}}},{"name":"cube","from":[4.25908,13.273607,-0.44794226],"to":[8.544794,17.559322,3.8377721],"rotation":{"angle":0.0,"axis":"x","origin":[36.830505,-36.869247,20.123486]},"faces":{"down":{"uv":[0.0,4.0,4.0,8.0],"rotation":0,"texture":"#0","tintindex":0},"east":{"uv":[0.0,4.0,4.0,8.0],"rotation":0,"texture":"#0","tintindex":0},"north":{"uv":[0.0,4.0,4.0,8.0],"rotation":0,"texture":"#0","tintindex":0},"south":{"uv":[0.0,4.0,4.0,8.0],"rotation":0,"texture":"#0","tintindex":0},"up":{"uv":[0.0,4.0,4.0,8.0],"rotation":0,"texture":"#0","tintindex":0},"west":{"uv":[0.0,4.0,4.0,8.0],"rotation":0,"texture":"#0","tintindex":0}}},{"name":"cube","from":[4.25908,13.273607,3.8377721],"to":[8.544794,17.559322,8.1234865],"rotation":{"angle":0.0,"axis":"x","origin":[36.830505,-36.869247,20.123486]},"faces":{"down":{"uv":[0.0,4.0,4.0,8.0],"rotation":0,"texture":"#0","tintindex":0},"east":{"uv":[0.0,4.0,4.0,8.0],"rotation":0,"texture":"#0","tintindex":0},"north":{"uv":[0.0,4.0,4.0,8.0],"rotation":0,"texture":"#0","tintindex":0},"south":{"uv":[0.0,4.0,4.0,8.0],"rotation":0,"texture":"#0","tintindex":0},"up":{"uv":[0.0,4.0,4.0,8.0],"rotation":0,"texture":"#0","tintindex":0},"west":{"uv":[0.0,4.0,4.0,8.0],"rotation":0,"texture":"#0","tintindex":0}}},{"name":"cube","from":[-0.026634693,13.273607,3.8377721],"to":[4.25908,17.559322,8.1234865],"rotation":{"angle":0.0,"axis":"x","origin":[36.830505,-36.869247,20.123486]},"faces":{"down":{"uv":[0.0,4.0,4.0,8.0],"rotation":0,"texture":"#0","tintindex":0},"east":{"uv":[0.0,4.0,4.0,8.0],"rotation":0,"texture":"#0","tintindex":0},"north":{"uv":[0.0,4.0,4.0,8.0],"rotation":0,"texture":"#0","tintindex":0},"south":{"uv":[0.0,4.0,4.0,8.0],"rotation":0,"texture":"#0","tintindex":0},"up":{"uv":[0.0,4.0,4.0,8.0],"rotation":0,"texture":"#0","tintindex":0},"west":{"uv":[0.0,4.0,4.0,8.0],"rotation":0,"texture":"#0","tintindex":0}}},{"name":"cube","from":[4.25908,13.273607,8.1234865],"to":[8.544794,17.559322,12.409201],"rotation":{"angle":0.0,"axis":"x","origin":[36.830505,-36.869247,20.123486]},"faces":{"down":{"uv":[0.0,4.0,4.0,8.0],"rotation":0,"texture":"#0","tintindex":0},"east":{"uv":[0.0,4.0,4.0,8.0],"rotation":0,"texture":"#0","tintindex":0},"north":{"uv":[0.0,4.0,4.0,8.0],"rotation":0,"texture":"#0","tintindex":0},"south":{"uv":[0.0,4.0,4.0,8.0],"rotation":0,"texture":"#0","tintindex":0},"up":{"uv":[0.0,4.0,4.0,8.0],"rotation":0,"texture":"#0","tintindex":0},"west":{"uv":[0.0,4.0,4.0,8.0],"rotation":0,"texture":"#0","tintindex":0}}},{"name":"cube","from":[4.25908,8.987893,12.409201],"to":[8.544794,13.273607,16.694916],"rotation":{"angle":0.0,"axis":"x","origin":[36.830505,-36.869247,20.123486]},"faces":{"down":{"uv":[0.0,4.0,4.0,8.0],"rotation":0,"texture":"#0","tintindex":0},"east":{"uv":[0.0,4.0,4.0,8.0],"rotation":0,"texture":"#0","tintindex":0},"north":{"uv":[0.0,4.0,4.0,8.0],"rotation":0,"texture":"#0","tintindex":0},"south":{"uv":[0.0,4.0,4.0,8.0],"rotation":0,"texture":"#0","tintindex":0},"up":{"uv":[0.0,4.0,4.0,8.0],"rotation":0,"texture":"#0","tintindex":0},"west":{"uv":[0.0,4.0,4.0,8.0],"rotation":0,"texture":"#0","tintindex":0}}},{"name":"cube","from":[-0.026634693,8.987893,12.409201],"to":[4.25908,13.273607,16.694916],"rotation":{"angle":0.0,"axis":"x","origin":[36.830505,-36.869247,20.123486]},"faces":{"down":{"uv":[0.0,4.0,4.0,8.0],"rotation":0,"texture":"#0","tintindex":0},"east":{"uv":[0.0,4.0,4.0,8.0],"rotation":0,"texture":"#0","tintindex":0},"north":{"uv":[0.0,4.0,4.0,8.0],"rotation":0,"texture":"#0","tintindex":0},"south":{"uv":[0.0,4.0,4.0,8.0],"rotation":0,"texture":"#0","tintindex":0},"up":{"uv":[0.0,4.0,4.0,8.0],"rotation":0,"texture":"#0","tintindex":0},"west":{"uv":[0.0,4.0,4.0,8.0],"rotation":0,"texture":"#0","tintindex":0}}},{"name":"cube","from":[4.25908,8.987893,-4.733657],"to":[8.544794,13.273607,-0.44794226],"rotation":{"angle":0.0,"axis":"x","origin":[36.830505,-36.869247,20.123486]},"faces":{"down":{"uv":[0.0,4.0,4.0,8.0],"rotation":0,"texture":"#0","tintindex":0},"east":{"uv":[0.0,4.0,4.0,8.0],"rotation":0,"texture":"#0","tintindex":0},"north":{"uv":[0.0,4.0,4.0,8.0],"rotation":0,"texture":"#0","tintindex":0},"south":{"uv":[0.0,4.0,4.0,8.0],"rotation":0,"texture":"#0","tintindex":0},"up":{"uv":[0.0,4.0,4.0,8.0],"rotation":0,"texture":"#0","tintindex":0},"west":{"uv":[0.0,4.0,4.0,8.0],"rotation":0,"texture":"#0","tintindex":0}}},{"name":"cube","from":[-0.026634693,8.987893,-4.733657],"to":[4.25908,13.273607,-0.44794226],"rotation":{"angle":0.0,"axis":"x","origin":[36.830505,-36.869247,20.123486]},"faces":{"down":{"uv":[0.0,4.0,4.0,8.0],"rotation":0,"texture":"#0","tintindex":0},"east":{"uv":[0.0,4.0,4.0,8.0],"rotation":0,"texture":"#0","tintindex":0},"north":{"uv":[0.0,4.0,4.0,8.0],"rotation":0,"texture":"#0","tintindex":0},"south":{"uv":[0.0,4.0,4.0,8.0],"rotation":0,"texture":"#0","tintindex":0},"up":{"uv":[0.0,4.0,4.0,8.0],"rotation":0,"texture":"#0","tintindex":0},"west":{"uv":[0.0,4.0,4.0,8.0],"rotation":0,"texture":"#0","tintindex":0}}},{"name":"cube","from":[-0.026634693,8.987893,-0.44794226],"to":[4.25908,13.273607,3.8377721],"rotation":{"angle":0.0,"axis":"x","origin":[36.830505,-36.869247,20.123486]},"faces":{"down":{"uv":[0.0,4.0,4.0,8.0],"rotation":0,"texture":"#0","tintindex":0},"east":{"uv":[0.0,4.0,4.0,8.0],"rotation":0,"texture":"#0","tintindex":0},"north":{"uv":[0.0,4.0,4.0,8.0],"rotation":0,"texture":"#0","tintindex":0},"south":{"uv":[0.0,4.0,4.0,8.0],"rotation":0,"texture":"#0","tintindex":0},"up":{"uv":[0.0,4.0,4.0,8.0],"rotation":0,"texture":"#0","tintindex":0},"west":{"uv":[0.0,4.0,4.0,8.0],"rotation":0,"texture":"#0","tintindex":0}}},{"name":"cube","from":[4.25908,8.987893,-0.44794226],"to":[8.544794,13.273607,3.8377721],"rotation":{"angle":0.0,"axis":"x","origin":[36.830505,-36.869247,20.123486]},"faces":{"down":{"uv":[0.0,4.0,4.0,8.0],"rotation":0,"texture":"#0","tintindex":0},"east":{"uv":[0.0,4.0,4.0,8.0],"rotation":0,"texture":"#0","tintindex":0},"north":{"uv":[0.0,4.0,4.0,8.0],"rotation":0,"texture":"#0","tintindex":0},"south":{"uv":[0.0,4.0,4.0,8.0],"rotation":0,"texture":"#0","tintindex":0},"up":{"uv":[0.0,4.0,4.0,8.0],"rotation":0,"texture":"#0","tintindex":0},"west":{"uv":[0.0,4.0,4.0,8.0],"rotation":0,"texture":"#0","tintindex":0}}},{"name":"cube","from":[4.25908,8.987893,3.8377721],"to":[8.544794,13.273607,8.1234865],"rotation":{"angle":0.0,"axis":"x","origin":[36.830505,-36.869247,20.123486]},"faces":{"down":{"uv":[0.0,4.0,4.0,8.0],"rotation":0,"texture":"#0","tintindex":0},"east":{"uv":[0.0,4.0,4.0,8.0],"rotation":0,"texture":"#0","tintindex":0},"north":{"uv":[0.0,4.0,4.0,8.0],"rotation":0,"texture":"#0","tintindex":0},"south":{"uv":[0.0,4.0,4.0,8.0],"rotation":0,"texture":"#0","tintindex":0},"up":{"uv":[0.0,4.0,4.0,8.0],"rotation":0,"texture":"#0","tintindex":0},"west":{"uv":[0.0,4.0,4.0,8.0],"rotation":0,"texture":"#0","tintindex":0}}},{"name":"cube","from":[-0.026634693,8.987893,3.8377721],"to":[4.25908,13.273607,8.1234865],"rotation":{"angle":0.0,"axis":"x","origin":[36.830505,-36.869247,20.123486]},"faces":{"down":{"uv":[0.0,4.0,4.0,8.0],"rotation":0,"texture":"#0","tintindex":0},"east":{"uv":[0.0,4.0,4.0,8.0],"rotation":0,"texture":"#0","tintindex":0},"north":{"uv":[0.0,4.0,4.0,8.0],"rotation":0,"texture":"#0","tintindex":0},"south":{"uv":[0.0,4.0,4.0,8.0],"rotation":0,"texture":"#0","tintindex":0},"up":{"uv":[0.0,4.0,4.0,8.0],"rotation":0,"texture":"#0","tintindex":0},"west":{"uv":[0.0,4.0,4.0,8.0],"rotation":0,"texture":"#0","tintindex":0}}},{"name":"cube","from":[-0.026634693,8.987893,8.1234865],"to":[4.25908,13.273607,12.409201],"rotation":{"angle":0.0,"axis":"x","origin":[36.830505,-36.869247,20.123486]},"faces":{"down":{"uv":[0.0,4.0,4.0,8.0],"rotation":0,"texture":"#0","tintindex":0},"east":{"uv":[0.0,4.0,4.0,8.0],"rotation":0,"texture":"#0","tintindex":0},"north":{"uv":[0.0,4.0,4.0,8.0],"rotation":0,"texture":"#0","tintindex":0},"south":{"uv":[0.0,4.0,4.0,8.0],"rotation":0,"texture":"#0","tintindex":0},"up":{"uv":[0.0,4.0,4.0,8.0],"rotation":0,"texture":"#0","tintindex":0},"west":{"uv":[0.0,4.0,4.0,8.0],"rotation":0,"texture":"#0","tintindex":0}}},{"name":"cube","from":[4.25908,8.987893,8.1234865],"to":[8.544794,13.273607,12.409201],"rotation":{"angle":0.0,"axis":"x","origin":[36.830505,-36.869247,20.123486]},"faces":{"down":{"uv":[0.0,4.0,4.0,8.0],"rotation":0,"texture":"#0","tintindex":0},"east":{"uv":[0.0,4.0,4.0,8.0],"rotation":0,"texture":"#0","tintindex":0},"north":{"uv":[0.0,4.0,4.0,8.0],"rotation":0,"texture":"#0","tintindex":0},"south":{"uv":[0.0,4.0,4.0,8.0],"rotation":0,"texture":"#0","tintindex":0},"up":{"uv":[0.0,4.0,4.0,8.0],"rotation":0,"texture":"#0","tintindex":0},"west":{"uv":[0.0,4.0,4.0,8.0],"rotation":0,"texture":"#0","tintindex":0}}},{"name":"cube","from":[8.544794,13.273607,-0.44794226],"to":[12.830508,17.559322,3.8377721],"rotation":{"angle":0.0,"axis":"x","origin":[45.40194,-36.869247,20.123486]},"faces":{"down":{"uv":[0.0,4.0,4.0,8.0],"rotation":0,"texture":"#0","tintindex":0},"east":{"uv":[0.0,4.0,4.0,8.0],"rotation":0,"texture":"#0","tintindex":0},"north":{"uv":[0.0,4.0,4.0,8.0],"rotation":0,"texture":"#0","tintindex":0},"south":{"uv":[0.0,4.0,4.0,8.0],"rotation":0,"texture":"#0","tintindex":0},"up":{"uv":[0.0,4.0,4.0,8.0],"rotation":0,"texture":"#0","tintindex":0},"west":{"uv":[0.0,4.0,4.0,8.0],"rotation":0,"texture":"#0","tintindex":0}}},{"name":"cube","from":[8.544794,13.273607,3.8377721],"to":[12.830508,17.559322,8.1234865],"rotation":{"angle":0.0,"axis":"x","origin":[45.40194,-36.869247,20.123486]},"faces":{"down":{"uv":[0.0,4.0,4.0,8.0],"rotation":0,"texture":"#0","tintindex":0},"east":{"uv":[0.0,4.0,4.0,8.0],"rotation":0,"texture":"#0","tintindex":0},"north":{"uv":[0.0,4.0,4.0,8.0],"rotation":0,"texture":"#0","tintindex":0},"south":{"uv":[0.0,4.0,4.0,8.0],"rotation":0,"texture":"#0","tintindex":0},"up":{"uv":[0.0,4.0,4.0,8.0],"rotation":0,"texture":"#0","tintindex":0},"west":{"uv":[0.0,4.0,4.0,8.0],"rotation":0,"texture":"#0","tintindex":0}}},{"name":"cube","from":[8.544794,8.987893,12.409201],"to":[12.830508,13.273607,16.694916],"rotation":{"angle":0.0,"axis":"x","origin":[45.40194,-36.869247,20.123486]},"faces":{"down":{"uv":[0.0,4.0,4.0,8.0],"rotation":0,"texture":"#0","tintindex":0},"east":{"uv":[0.0,4.0,4.0,8.0],"rotation":0,"texture":"#0","tintindex":0},"north":{"uv":[0.0,4.0,4.0,8.0],"rotation":0,"texture":"#0","tintindex":0},"south":{"uv":[0.0,4.0,4.0,8.0],"rotation":0,"texture":"#0","tintindex":0},"up":{"uv":[0.0,4.0,4.0,8.0],"rotation":0,"texture":"#0","tintindex":0},"west":{"uv":[0.0,4.0,4.0,8.0],"rotation":0,"texture":"#0","tintindex":0}}},{"name":"cube","from":[8.544794,8.987893,-4.733657],"to":[12.830508,13.273607,-0.44794226],"rotation":{"angle":0.0,"axis":"x","origin":[45.40194,-36.869247,20.123486]},"faces":{"down":{"uv":[0.0,4.0,4.0,8.0],"rotation":0,"texture":"#0","tintindex":0},"east":{"uv":[0.0,4.0,4.0,8.0],"rotation":0,"texture":"#0","tintindex":0},"north":{"uv":[0.0,4.0,4.0,8.0],"rotation":0,"texture":"#0","tintindex":0},"south":{"uv":[0.0,4.0,4.0,8.0],"rotation":0,"texture":"#0","tintindex":0},"up":{"uv":[0.0,4.0,4.0,8.0],"rotation":0,"texture":"#0","tintindex":0},"west":{"uv":[0.0,4.0,4.0,8.0],"rotation":0,"texture":"#0","tintindex":0}}},{"name":"cube","from":[4.25908,8.987893,-9.447943],"to":[8.544794,13.273607,-5.1622276],"rotation":{"angle":0.0,"axis":"x","origin":[36.830505,-36.869247,15.409201]},"faces":{"down":{"uv":[0.0,4.0,4.0,8.0],"rotation":0,"texture":"#0","tintindex":0},"east":{"uv":[0.0,4.0,4.0,8.0],"rotation":0,"texture":"#0","tintindex":0},"north":{"uv":[0.0,4.0,4.0,8.0],"rotation":0,"texture":"#0","tintindex":0},"south":{"uv":[0.0,4.0,4.0,8.0],"rotation":0,"texture":"#0","tintindex":0},"up":{"uv":[0.0,4.0,4.0,8.0],"rotation":0,"texture":"#0","tintindex":0},"west":{"uv":[0.0,4.0,4.0,8.0],"rotation":0,"texture":"#0","tintindex":0}}},{"name":"cube","from":[4.25908,13.273607,-5.1622276],"to":[8.544794,17.559322,-0.8765135],"rotation":{"angle":0.0,"axis":"x","origin":[36.830505,-36.869247,15.409201]},"faces":{"down":{"uv":[0.0,4.0,4.0,8.0],"rotation":0,"texture":"#0","tintindex":0},"east":{"uv":[0.0,4.0,4.0,8.0],"rotation":0,"texture":"#0","tintindex":0},"north":{"uv":[0.0,4.0,4.0,8.0],"rotation":0,"texture":"#0","tintindex":0},"south":{"uv":[0.0,4.0,4.0,8.0],"rotation":0,"texture":"#0","tintindex":0},"up":{"uv":[0.0,4.0,4.0,8.0],"rotation":0,"texture":"#0","tintindex":0},"west":{"uv":[0.0,4.0,4.0,8.0],"rotation":0,"texture":"#0","tintindex":0}}},{"name":"cube","from":[8.544794,8.987893,-0.44794226],"to":[12.830508,13.273607,3.8377721],"rotation":{"angle":0.0,"axis":"x","origin":[45.40194,-36.869247,20.123486]},"faces":{"down":{"uv":[0.0,4.0,4.0,8.0],"rotation":0,"texture":"#0","tintindex":0},"east":{"uv":[0.0,4.0,4.0,8.0],"rotation":0,"texture":"#0","tintindex":0},"north":{"uv":[0.0,4.0,4.0,8.0],"rotation":0,"texture":"#0","tintindex":0},"south":{"uv":[0.0,4.0,4.0,8.0],"rotation":0,"texture":"#0","tintindex":0},"up":{"uv":[0.0,4.0,4.0,8.0],"rotation":0,"texture":"#0","tintindex":0},"west":{"uv":[0.0,4.0,4.0,8.0],"rotation":0,"texture":"#0","tintindex":0}}},{"name":"cube","from":[12.830508,8.987893,3.8377721],"to":[17.116222,13.273607,8.1234865],"rotation":{"angle":0.0,"axis":"x","origin":[45.40194,-36.869247,20.123486]},"faces":{"down":{"uv":[0.0,4.0,4.0,8.0],"rotation":0,"texture":"#0","tintindex":0},"east":{"uv":[0.0,4.0,4.0,8.0],"rotation":0,"texture":"#0","tintindex":0},"north":{"uv":[0.0,4.0,4.0,8.0],"rotation":0,"texture":"#0","tintindex":0},"south":{"uv":[0.0,4.0,4.0,8.0],"rotation":0,"texture":"#0","tintindex":0},"up":{"uv":[0.0,4.0,4.0,8.0],"rotation":0,"texture":"#0","tintindex":0},"west":{"uv":[0.0,4.0,4.0,8.0],"rotation":0,"texture":"#0","tintindex":0}}},{"name":"cube","from":[8.544794,8.987893,8.1234865],"to":[12.830508,13.273607,12.409201],"rotation":{"angle":0.0,"axis":"x","origin":[45.40194,-36.869247,20.123486]},"faces":{"down":{"uv":[0.0,4.0,4.0,8.0],"rotation":0,"texture":"#0","tintindex":0},"east":{"uv":[0.0,4.0,4.0,8.0],"rotation":0,"texture":"#0","tintindex":0},"north":{"uv":[0.0,4.0,4.0,8.0],"rotation":0,"texture":"#0","tintindex":0},"south":{"uv":[0.0,4.0,4.0,8.0],"rotation":0,"texture":"#0","tintindex":0},"up":{"uv":[0.0,4.0,4.0,8.0],"rotation":0,"texture":"#0","tintindex":0},"west":{"uv":[0.0,4.0,4.0,8.0],"rotation":0,"texture":"#0","tintindex":0}}},{"name":"cube","from":[8.544794,4.7021785,12.409201],"to":[12.830508,8.987893,16.694916],"rotation":{"angle":0.0,"axis":"x","origin":[45.40194,-45.44068,20.123486]},"faces":{"down":{"uv":[0.0,4.0,4.0,8.0],"rotation":0,"texture":"#0","tintindex":0},"east":{"uv":[0.0,4.0,4.0,8.0],"rotation":0,"texture":"#0","tintindex":0},"north":{"uv":[0.0,4.0,4.0,8.0],"rotation":0,"texture":"#0","tintindex":0},"south":{"uv":[0.0,4.0,4.0,8.0],"rotation":0,"texture":"#0","tintindex":0},"up":{"uv":[0.0,4.0,4.0,8.0],"rotation":0,"texture":"#0","tintindex":0},"west":{"uv":[0.0,4.0,4.0,8.0],"rotation":0,"texture":"#0","tintindex":0}}},{"name":"cube","from":[8.544794,4.7021785,-0.44794226],"to":[12.830508,8.987893,3.8377721],"rotation":{"angle":0.0,"axis":"x","origin":[45.40194,-45.44068,20.123486]},"faces":{"down":{"uv":[0.0,4.0,4.0,8.0],"rotation":0,"texture":"#0","tintindex":0},"east":{"uv":[0.0,4.0,4.0,8.0],"rotation":0,"texture":"#0","tintindex":0},"north":{"uv":[0.0,4.0,4.0,8.0],"rotation":0,"texture":"#0","tintindex":0},"south":{"uv":[0.0,4.0,4.0,8.0],"rotation":0,"texture":"#0","tintindex":0},"up":{"uv":[0.0,4.0,4.0,8.0],"rotation":0,"texture":"#0","tintindex":0},"west":{"uv":[0.0,4.0,4.0,8.0],"rotation":0,"texture":"#0","tintindex":0}}},{"name":"cube","from":[8.544794,4.7021785,8.1234865],"to":[12.830508,8.987893,12.409201],"rotation":{"angle":0.0,"axis":"x","origin":[45.40194,-45.44068,20.123486]},"faces":{"down":{"uv":[0.0,4.0,4.0,8.0],"rotation":0,"texture":"#0","tintindex":0},"east":{"uv":[0.0,4.0,4.0,8.0],"rotation":0,"texture":"#0","tintindex":0},"north":{"uv":[0.0,4.0,4.0,8.0],"rotation":0,"texture":"#0","tintindex":0},"south":{"uv":[0.0,4.0,4.0,8.0],"rotation":0,"texture":"#0","tintindex":0},"up":{"uv":[0.0,4.0,4.0,8.0],"rotation":0,"texture":"#0","tintindex":0},"west":{"uv":[0.0,4.0,4.0,8.0],"rotation":0,"texture":"#0","tintindex":0}}},{"name":"cube","from":[12.830508,0.41646433,12.409201],"to":[17.116222,4.7021785,16.694916],"rotation":{"angle":0.0,"axis":"x","origin":[45.40194,-45.44068,20.123486]},"faces":{"down":{"uv":[0.0,4.0,4.0,8.0],"rotation":0,"texture":"#0","tintindex":0},"east":{"uv":[0.0,4.0,4.0,8.0],"rotation":0,"texture":"#0","tintindex":0},"north":{"uv":[0.0,4.0,4.0,8.0],"rotation":0,"texture":"#0","tintindex":0},"south":{"uv":[0.0,4.0,4.0,8.0],"rotation":0,"texture":"#0","tintindex":0},"up":{"uv":[0.0,4.0,4.0,8.0],"rotation":0,"texture":"#0","tintindex":0},"west":{"uv":[0.0,4.0,4.0,8.0],"rotation":0,"texture":"#0","tintindex":0}}},{"name":"cube","from":[8.544794,0.41646433,12.409201],"to":[12.830508,4.7021785,16.694916],"rotation":{"angle":0.0,"axis":"x","origin":[45.40194,-45.44068,20.123486]},"faces":{"down":{"uv":[0.0,4.0,4.0,8.0],"rotation":0,"texture":"#0","tintindex":0},"east":{"uv":[0.0,4.0,4.0,8.0],"rotation":0,"texture":"#0","tintindex":0},"north":{"uv":[0.0,4.0,4.0,8.0],"rotation":0,"texture":"#0","tintindex":0},"south":{"uv":[0.0,4.0,4.0,8.0],"rotation":0,"texture":"#0","tintindex":0},"up":{"uv":[0.0,4.0,4.0,8.0],"rotation":0,"texture":"#0","tintindex":0},"west":{"uv":[0.0,4.0,4.0,8.0],"rotation":0,"texture":"#0","tintindex":0}}},{"name":"cube","from":[4.25908,8.987893,16.694916],"to":[8.544794,13.273607,20.980629],"rotation":{"angle":0.0,"axis":"x","origin":[36.830505,-36.869247,24.4092]},"faces":{"down":{"uv":[0.0,4.0,4.0,8.0],"rotation":0,"texture":"#0","tintindex":0},"east":{"uv":[0.0,4.0,4.0,8.0],"rotation":0,"texture":"#0","tintindex":0},"north":{"uv":[0.0,4.0,4.0,8.0],"rotation":0,"texture":"#0","tintindex":0},"south":{"uv":[0.0,4.0,4.0,8.0],"rotation":0,"texture":"#0","tintindex":0},"up":{"uv":[0.0,4.0,4.0,8.0],"rotation":0,"texture":"#0","tintindex":0},"west":{"uv":[0.0,4.0,4.0,8.0],"rotation":0,"texture":"#0","tintindex":0}}},{"name":"cube","from":[-0.026634693,0.41646433,16.694916],"to":[4.25908,4.7021785,20.980629],"rotation":{"angle":0.0,"axis":"x","origin":[36.830505,-45.44068,24.4092]},"faces":{"down":{"uv":[0.0,4.0,4.0,8.0],"rotation":0,"texture":"#0","tintindex":0},"east":{"uv":[0.0,4.0,4.0,8.0],"rotation":0,"texture":"#0","tintindex":0},"north":{"uv":[0.0,4.0,4.0,8.0],"rotation":0,"texture":"#0","tintindex":0},"south":{"uv":[0.0,4.0,4.0,8.0],"rotation":0,"texture":"#0","tintindex":0},"up":{"uv":[0.0,4.0,4.0,8.0],"rotation":0,"texture":"#0","tintindex":0},"west":{"uv":[0.0,4.0,4.0,8.0],"rotation":0,"texture":"#0","tintindex":0}}},{"name":"cube","from":[4.25908,0.41646433,12.409201],"to":[8.544794,4.7021785,16.694916],"rotation":{"angle":0.0,"axis":"x","origin":[36.830505,-45.44068,24.4092]},"faces":{"down":{"uv":[0.0,4.0,4.0,8.0],"rotation":0,"texture":"#0","tintindex":0},"east":{"uv":[0.0,4.0,4.0,8.0],"rotation":0,"texture":"#0","tintindex":0},"north":{"uv":[0.0,4.0,4.0,8.0],"rotation":0,"texture":"#0","tintindex":0},"south":{"uv":[0.0,4.0,4.0,8.0],"rotation":0,"texture":"#0","tintindex":0},"up":{"uv":[0.0,4.0,4.0,8.0],"rotation":0,"texture":"#0","tintindex":0},"west":{"uv":[0.0,4.0,4.0,8.0],"rotation":0,"texture":"#0","tintindex":0}}},{"name":"cube","from":[-0.026634693,8.987893,20.980629],"to":[4.25908,13.273607,25.266344],"rotation":{"angle":0.0,"axis":"x","origin":[36.830505,-36.869247,28.694916]},"faces":{"down":{"uv":[0.0,4.0,4.0,8.0],"rotation":0,"texture":"#0","tintindex":0},"east":{"uv":[0.0,4.0,4.0,8.0],"rotation":0,"texture":"#0","tintindex":0},"north":{"uv":[0.0,4.0,4.0,8.0],"rotation":0,"texture":"#0","tintindex":0},"south":{"uv":[0.0,4.0,4.0,8.0],"rotation":0,"texture":"#0","tintindex":0},"up":{"uv":[0.0,4.0,4.0,8.0],"rotation":0,"texture":"#0","tintindex":0},"west":{"uv":[0.0,4.0,4.0,8.0],"rotation":0,"texture":"#0","tintindex":0}}},{"name":"cube","from":[4.25908,0.41646433,16.694916],"to":[8.544794,4.7021785,20.980629],"rotation":{"angle":0.0,"axis":"x","origin":[36.830505,-45.44068,28.694916]},"faces":{"down":{"uv":[0.0,4.0,4.0,8.0],"rotation":0,"texture":"#0","tintindex":0},"east":{"uv":[0.0,4.0,4.0,8.0],"rotation":0,"texture":"#0","tintindex":0},"north":{"uv":[0.0,4.0,4.0,8.0],"rotation":0,"texture":"#0","tintindex":0},"south":{"uv":[0.0,4.0,4.0,8.0],"rotation":0,"texture":"#0","tintindex":0},"up":{"uv":[0.0,4.0,4.0,8.0],"rotation":0,"texture":"#0","tintindex":0},"west":{"uv":[0.0,4.0,4.0,8.0],"rotation":0,"texture":"#0","tintindex":0}}},{"name":"cube","from":[8.544794,0.41646433,-0.44794226],"to":[12.830508,4.7021785,3.8377721],"rotation":{"angle":0.0,"axis":"x","origin":[45.40194,-45.44068,20.123486]},"faces":{"down":{"uv":[0.0,4.0,4.0,8.0],"rotation":0,"texture":"#0","tintindex":0},"east":{"uv":[0.0,4.0,4.0,8.0],"rotation":0,"texture":"#0","tintindex":0},"north":{"uv":[0.0,4.0,4.0,8.0],"rotation":0,"texture":"#0","tintindex":0},"south":{"uv":[0.0,4.0,4.0,8.0],"rotation":0,"texture":"#0","tintindex":0},"up":{"uv":[0.0,4.0,4.0,8.0],"rotation":0,"texture":"#0","tintindex":0},"west":{"uv":[0.0,4.0,4.0,8.0],"rotation":0,"texture":"#0","tintindex":0}}},{"name":"cube","from":[12.830508,0.41646433,3.8377721],"to":[17.116222,4.7021785,8.1234865],"rotation":{"angle":0.0,"axis":"x","origin":[45.40194,-45.44068,20.123486]},"faces":{"down":{"uv":[0.0,4.0,4.0,8.0],"rotation":0,"texture":"#0","tintindex":0},"east":{"uv":[0.0,4.0,4.0,8.0],"rotation":0,"texture":"#0","tintindex":0},"north":{"uv":[0.0,4.0,4.0,8.0],"rotation":0,"texture":"#0","tintindex":0},"south":{"uv":[0.0,4.0,4.0,8.0],"rotation":0,"texture":"#0","tintindex":0},"up":{"uv":[0.0,4.0,4.0,8.0],"rotation":0,"texture":"#0","tintindex":0},"west":{"uv":[0.0,4.0,4.0,8.0],"rotation":0,"texture":"#0","tintindex":0}}},{"name":"cube","from":[8.544794,0.41646433,3.8377721],"to":[12.830508,4.7021785,8.1234865],"rotation":{"angle":0.0,"axis":"x","origin":[45.40194,-45.44068,20.123486]},"faces":{"down":{"uv":[0.0,4.0,4.0,8.0],"rotation":0,"texture":"#0","tintindex":0},"east":{"uv":[0.0,4.0,4.0,8.0],"rotation":0,"texture":"#0","tintindex":0},"north":{"uv":[0.0,4.0,4.0,8.0],"rotation":0,"texture":"#0","tintindex":0},"south":{"uv":[0.0,4.0,4.0,8.0],"rotation":0,"texture":"#0","tintindex":0},"up":{"uv":[0.0,4.0,4.0,8.0],"rotation":0,"texture":"#0","tintindex":0},"west":{"uv":[0.0,4.0,4.0,8.0],"rotation":0,"texture":"#0","tintindex":0}}}],"display":{"head":{"translation":[0.0,-6.4,0.0],"rotation":[0.0,0.0,0.0],"scale":[3.7333333,3.7333333,3.7333333]}}}