{"textures":{"0":"modelengine:entity/tree"},"elements":[{"name":"cube","from":[6.5,9.125,-12.250001],"to":[12.5,15.125,-6.250001],"rotation":{"angle":0.0,"axis":"x","origin":[28.100002,-61.075,22.55]},"faces":{"down":{"uv":[0.0,4.0,4.0,8.0],"rotation":0,"texture":"#0","tintindex":0},"east":{"uv":[0.0,4.0,4.0,8.0],"rotation":0,"texture":"#0","tintindex":0},"north":{"uv":[0.0,4.0,4.0,8.0],"rotation":0,"texture":"#0","tintindex":0},"south":{"uv":[0.0,4.0,4.0,8.0],"rotation":0,"texture":"#0","tintindex":0},"up":{"uv":[0.0,4.0,4.0,8.0],"rotation":0,"texture":"#0","tintindex":0},"west":{"uv":[0.0,4.0,4.0,8.0],"rotation":0,"texture":"#0","tintindex":0}}},{"name":"cube","from":[12.5,9.125,11.75],"to":[18.5,15.125,17.75],"rotation":{"angle":0.0,"axis":"x","origin":[40.100002,-61.075,22.55]},"faces":{"down":{"uv":[0.0,4.0,4.0,8.0],"rotation":0,"texture":"#0","tintindex":0},"east":{"uv":[0.0,4.0,4.0,8.0],"rotation":0,"texture":"#0","tintindex":0},"north":{"uv":[0.0,4.0,4.0,8.0],"rotation":0,"texture":"#0","tintindex":0},"south":{"uv":[0.0,4.0,4.0,8.0],"rotation":0,"texture":"#0","tintindex":0},"up":{"uv":[0.0,4.0,4.0,8.0],"rotation":0,"texture":"#0","tintindex":0},"west":{"uv":[0.0,4.0,4.0,8.0],"rotation":0,"texture":"#0","tintindex":0}}},{"name":"cube","from":[0.49999976,3.1249998,11.75],"to":[6.5,9.125,17.75],"rotation":{"angle":0.0,"axis":"x","origin":[28.100002,-61.075,22.55]},"faces":{"down":{"uv":[0.0,4.0,4.0,8.0],"rotation":0,"texture":"#0","tintindex":0},"east":{"uv":[0.0,4.0,4.0,8.0],"rotation":0,"texture":"#0","tintindex":0},"north":{"uv":[0.0,4.0,4.0,8.0],"rotation":0,"texture":"#0","tintindex":0},"south":{"uv":[0.0,4.0,4.0,8.0],"rotation":0,"texture":"#0","tintindex":0},"up":{"uv":[0.0,4.0,4.0,8.0],"rotation":0,"texture":"#0","tintindex":0},"west":{"uv":[0.0,4.0,4.0,8.0],"rotation":0,"texture":"#0","tintindex":0}}},{"name":"cube","from":[0.49999976,9.125,-6.250001],"to":[6.5,15.125,-0.25000024],"rotation":{"angle":0.0,"axis":"x","origin":[28.100002,-61.075,22.55]},"faces":{"down":{"uv":[0.0,4.0,4.0,8.0],"rotation":0,"texture":"#0","tintindex":0},"east":{"uv":[0.0,4.0,4.0,8.0],"rotation":0,"texture":"#0","tintindex":0},"north":{"uv":[0.0,4.0,4.0,8.0],"rotation":0,"texture":"#0","tintindex":0},"south":{"uv":[0.0,4.0,4.0,8.0],"rotation":0,"texture":"#0","tintindex":0},"up":{"uv":[0.0,4.0,4.0,8.0],"rotation":0,"texture":"#0","tintindex":0},"west":{"uv":[0.0,4.0,4.0,8.0],"rotation":0,"texture":"#0","tintindex":0}}},{"name":"cube","from":[0.49999976,9.125,-0.25000024],"to":[6.5,15.125,5.75],"rotation":{"angle":0.0,"axis":"x","origin":[28.100002,-61.075,22.55]},"faces":{"down":{"uv":[0.0,4.0,4.0,8.0],"rotation":0,"texture":"#0","tintindex":0},"east":{"uv":[0.0,4.0,4.0,8.0],"rotation":0,"texture":"#0","tintindex":0},"north":{"uv":[0.0,4.0,4.0,8.0],"rotation":0,"texture":"#0","tintindex":0},"south":{"uv":[0.0,4.0,4.0,8.0],"rotation":0,"texture":"#0","tintindex":0},"up":{"uv":[0.0,4.0,4.0,8.0],"rotation":0,"texture":"#0","tintindex":0},"west":{"uv":[0.0,4.0,4.0,8.0],"rotation":0,"texture":"#0","tintindex":0}}},{"name":"cube","from":[6.5,9.125,17.75],"to":[12.5,15.125,23.75],"rotation":{"angle":0.0,"axis":"x","origin":[28.100002,-61.075,28.55]},"faces":{"down":{"uv":[0.0,4.0,4.0,8.0],"rotation":0,"texture":"#0","tintindex":0},"east":{"uv":[0.0,4.0,4.0,8.0],"rotation":0,"texture":"#0","tintindex":0},"north":{"uv":[0.0,4.0,4.0,8.0],"rotation":0,"texture":"#0","tintindex":0},"south":{"uv":[0.0,4.0,4.0,8.0],"rotation":0,"texture":"#0","tintindex":0},"up":{"uv":[0.0,4.0,4.0,8.0],"rotation":0,"texture":"#0","tintindex":0},"west":{"uv":[0.0,4.0,4.0,8.0],"rotation":0,"texture":"#0","tintindex":0}}},{"name":"cube","from":[0.49999976,3.1249998,17.75],"to":[6.5,9.125,23.75],"rotation":{"angle":0.0,"axis":"x","origin":[28.100002,-61.075,28.55]},"faces":{"down":{"uv":[0.0,4.0,4.0,8.0],"rotation":0,"texture":"#0","tintindex":0},"east":{"uv":[0.0,4.0,4.0,8.0],"rotation":0,"texture":"#0","tintindex":0},"north":{"uv":[0.0,4.0,4.0,8.0],"rotation":0,"texture":"#0","tintindex":0},"south":{"uv":[0.0,4.0,4.0,8.0],"rotation":0,"texture":"#0","tintindex":0},"up":{"uv":[0.0,4.0,4.0,8.0],"rotation":0,"texture":"#0","tintindex":0},"west":{"uv":[0.0,4.0,4.0,8.0],"rotation":0,"texture":"#0","tintindex":0}}},{"name":"cube","from":[0.49999976,-2.8750005,17.75],"to":[6.5,3.1249998,23.75],"rotation":{"angle":0.0,"axis":"x","origin":[28.100002,-61.075,28.55]},"faces":{"down":{"uv":[0.0,4.0,4.0,8.0],"rotation":0,"texture":"#0","tintindex":0},"east":{"uv":[0.0,4.0,4.0,8.0],"rotation":0,"texture":"#0","tintindex":0},"north":{"uv":[0.0,4.0,4.0,8.0],"rotation":0,"texture":"#0","tintindex":0},"south":{"uv":[0.0,4.0,4.0,8.0],"rotation":0,"texture":"#0","tintindex":0},"up":{"uv":[0.0,4.0,4.0,8.0],"rotation":0,"texture":"#0","tintindex":0},"west":{"uv":[0.0,4.0,4.0,8.0],"rotation":0,"texture":"#0","tintindex":0}}},{"name":"cube","from":[0.49999976,9.125,5.75],"to":[6.5,15.125,11.75],"rotation":{"angle":0.0,"axis":"x","origin":[28.100002,-61.075,28.55]},"faces":{"down":{"uv":[0.0,4.0,4.0,8.0],"rotation":0,"texture":"#0","tintindex":0},"east":{"uv":[0.0,4.0,4.0,8.0],"rotation":0,"texture":"#0","tintindex":0},"north":{"uv":[0.0,4.0,4.0,8.0],"rotation":0,"texture":"#0","tintindex":0},"south":{"uv":[0.0,4.0,4.0,8.0],"rotation":0,"texture":"#0","tintindex":0},"up":{"uv":[0.0,4.0,4.0,8.0],"rotation":0,"texture":"#0","tintindex":0},"west":{"uv":[0.0,4.0,4.0,8.0],"rotation":0,"texture":"#0","tintindex":0}}},{"name":"cube","from":[0.49999976,9.125,11.75],"to":[6.5,15.125,17.75],"rotation":{"angle":0.0,"axis":"x","origin":[28.100002,-61.075,34.55]},"faces":{"down":{"uv":[0.0,4.0,4.0,8.0],"rotation":0,"texture":"#0","tintindex":0},"east":{"uv":[0.0,4.0,4.0,8.0],"rotation":0,"texture":"#0","tintindex":0},"north":{"uv":[0.0,4.0,4.0,8.0],"rotation":0,"texture":"#0","tintindex":0},"south":{"uv":[0.0,4.0,4.0,8.0],"rotation":0,"texture":"#0","tintindex":0},"up":{"uv":[0.0,4.0,4.0,8.0],"rotation":0,"texture":"#0","tintindex":0},"west":{"uv":[0.0,4.0,4.0,8.0],"rotation":0,"texture":"#0","tintindex":0}}},{"name":"cube","from":[6.5,3.1249998,-6.250001],"to":[12.5,9.125,-0.25000024],"rotation":{"angle":0.0,"axis":"x","origin":[28.100002,-61.075,22.55]},"faces":{"down":{"uv":[0.0,4.0,4.0,8.0],"rotation":0,"texture":"#0","tintindex":0},"east":{"uv":[0.0,4.0,4.0,8.0],"rotation":0,"texture":"#0","tintindex":0},"north":{"uv":[0.0,4.0,4.0,8.0],"rotation":0,"texture":"#0","tintindex":0},"south":{"uv":[0.0,4.0,4.0,8.0],"rotation":0,"texture":"#0","tintindex":0},"up":{"uv":[0.0,4.0,4.0,8.0],"rotation":0,"texture":"#0","tintindex":0},"west":{"uv":[0.0,4.0,4.0,8.0],"rotation":0,"texture":"#0","tintindex":0}}},{"name":"cube","from":[6.5,9.125,-6.250001],"to":[12.5,15.125,-0.25000024],"rotation":{"angle":0.0,"axis":"x","origin":[28.100002,-61.075,22.55]},"faces":{"down":{"uv":[0.0,4.0,4.0,8.0],"rotation":0,"texture":"#0","tintindex":0},"east":{"uv":[0.0,4.0,4.0,8.0],"rotation":0,"texture":"#0","tintindex":0},"north":{"uv":[0.0,4.0,4.0,8.0],"rotation":0,"texture":"#0","tintindex":0},"south":{"uv":[0.0,4.0,4.0,8.0],"rotation":0,"texture":"#0","tintindex":0},"up":{"uv":[0.0,4.0,4.0,8.0],"rotation":0,"texture":"#0","tintindex":0},"west":{"uv":[0.0,4.0,4.0,8.0],"rotation":0,"texture":"#0","tintindex":0}}},{"name":"cube","from":[6.5,3.1249998,5.75],"to":[12.5,9.125,11.75],"rotation":{"angle":0.0,"axis":"x","origin":[28.100002,-61.075,22.55]},"faces":{"down":{"uv":[0.0,4.0,4.0,8.0],"rotation":0,"texture":"#0","tintindex":0},"east":{"uv":[0.0,4.0,4.0,8.0],"rotation":0,"texture":"#0","tintindex":0},"north":{"uv":[0.0,4.0,4.0,8.0],"rotation":0,"texture":"#0","tintindex":0},"south":{"uv":[0.0,4.0,4.0,8.0],"rotation":0,"texture":"#0","tintindex":0},"up":{"uv":[0.0,4.0,4.0,8.0],"rotation":0,"texture":"#0","tintindex":0},"west":{"uv":[0.0,4.0,4.0,8.0],"rotation":0,"texture":"#0","tintindex":0}}},{"name":"cube","from":[6.5,-2.8750005,5.75],"to":[12.5,3.1249998,11.75],"rotation":{"angle":0.0,"axis":"x","origin":[28.100002,-61.075,22.55]},"faces":{"down":{"uv":[0.0,4.0,4.0,8.0],"rotation":0,"texture":"#0","tintindex":0},"east":{"uv":[0.0,4.0,4.0,8.0],"rotation":0,"texture":"#0","tintindex":0},"north":{"uv":[0.0,4.0,4.0,8.0],"rotation":0,"texture":"#0","tintindex":0},"south":{"uv":[0.0,4.0,4.0,8.0],"rotation":0,"texture":"#0","tintindex":0},"up":{"uv":[0.0,4.0,4.0,8.0],"rotation":0,"texture":"#0","tintindex":0},"west":{"uv":[0.0,4.0,4.0,8.0],"rotation":0,"texture":"#0","tintindex":0}}},{"name":"cube","from":[6.5,-8.875001,5.75],"to":[12.5,-2.8750005,11.75],"rotation":{"angle":0.0,"axis":"x","origin":[28.100002,-61.075,22.55]},"faces":{"down":{"uv":[0.0,4.0,4.0,8.0],"rotation":0,"texture":"#0","tintindex":0},"east":{"uv":[0.0,4.0,4.0,8.0],"rotation":0,"texture":"#0","tintindex":0},"north":{"uv":[0.0,4.0,4.0,8.0],"rotation":0,"texture":"#0","tintindex":0},"south":{"uv":[0.0,4.0,4.0,8.0],"rotation":0,"texture":"#0","tintindex":0},"up":{"uv":[0.0,4.0,4.0,8.0],"rotation":0,"texture":"#0","tintindex":0},"west":{"uv":[0.0,4.0,4.0,8.0],"rotation":0,"texture":"#0","tintindex":0}}}],"display":{"head":{"translation":[0.0,-6.4,0.0],"rotation":[0.0,0.0,0.0],"scale":[3.8095,3.8095,3.8095]}}}