{"textures":{"0":"modelengine:entity/tree"},"elements":[{"name":"cube","from":[2.7250001,8.275,16.525],"to":[8.725,14.275,22.525002],"rotation":{"angle":0.0,"axis":"x","origin":[48.325005,-61.925007,27.325]},"faces":{"down":{"uv":[0.0,4.0,4.0,8.0],"rotation":0,"texture":"#0","tintindex":0},"east":{"uv":[0.0,4.0,4.0,8.0],"rotation":0,"texture":"#0","tintindex":0},"north":{"uv":[0.0,4.0,4.0,8.0],"rotation":0,"texture":"#0","tintindex":0},"south":{"uv":[0.0,4.0,4.0,8.0],"rotation":0,"texture":"#0","tintindex":0},"up":{"uv":[0.0,4.0,4.0,8.0],"rotation":0,"texture":"#0","tintindex":0},"west":{"uv":[0.0,4.0,4.0,8.0],"rotation":0,"texture":"#0","tintindex":0}}},{"name":"cube","from":[-3.275,8.275,16.525],"to":[2.7250001,14.275,22.525002],"rotation":{"angle":0.0,"axis":"x","origin":[48.325005,-61.925007,27.325]},"faces":{"down":{"uv":[0.0,4.0,4.0,8.0],"rotation":0,"texture":"#0","tintindex":0},"east":{"uv":[0.0,4.0,4.0,8.0],"rotation":0,"texture":"#0","tintindex":0},"north":{"uv":[0.0,4.0,4.0,8.0],"rotation":0,"texture":"#0","tintindex":0},"south":{"uv":[0.0,4.0,4.0,8.0],"rotation":0,"texture":"#0","tintindex":0},"up":{"uv":[0.0,4.0,4.0,8.0],"rotation":0,"texture":"#0","tintindex":0},"west":{"uv":[0.0,4.0,4.0,8.0],"rotation":0,"texture":"#0","tintindex":0}}},{"name":"cube","from":[2.7250001,8.275,-7.4750013],"to":[8.725,14.275,-1.4750004],"rotation":{"angle":0.0,"axis":"x","origin":[48.325005,-61.925007,27.325]},"faces":{"down":{"uv":[0.0,4.0,4.0,8.0],"rotation":0,"texture":"#0","tintindex":0},"east":{"uv":[0.0,4.0,4.0,8.0],"rotation":0,"texture":"#0","tintindex":0},"north":{"uv":[0.0,4.0,4.0,8.0],"rotation":0,"texture":"#0","tintindex":0},"south":{"uv":[0.0,4.0,4.0,8.0],"rotation":0,"texture":"#0","tintindex":0},"up":{"uv":[0.0,4.0,4.0,8.0],"rotation":0,"texture":"#0","tintindex":0},"west":{"uv":[0.0,4.0,4.0,8.0],"rotation":0,"texture":"#0","tintindex":0}}},{"name":"cube","from":[-3.275,8.275,-7.4750013],"to":[2.7250001,14.275,-1.4750004],"rotation":{"angle":0.0,"axis":"x","origin":[48.325005,-61.925007,27.325]},"faces":{"down":{"uv":[0.0,4.0,4.0,8.0],"rotation":0,"texture":"#0","tintindex":0},"east":{"uv":[0.0,4.0,4.0,8.0],"rotation":0,"texture":"#0","tintindex":0},"north":{"uv":[0.0,4.0,4.0,8.0],"rotation":0,"texture":"#0","tintindex":0},"south":{"uv":[0.0,4.0,4.0,8.0],"rotation":0,"texture":"#0","tintindex":0},"up":{"uv":[0.0,4.0,4.0,8.0],"rotation":0,"texture":"#0","tintindex":0},"west":{"uv":[0.0,4.0,4.0,8.0],"rotation":0,"texture":"#0","tintindex":0}}},{"name":"cube","from":[-3.275,8.275,-1.4750004],"to":[2.7250001,14.275,4.5249996],"rotation":{"angle":0.0,"axis":"x","origin":[48.325005,-61.925007,27.325]},"faces":{"down":{"uv":[0.0,4.0,4.0,8.0],"rotation":0,"texture":"#0","tintindex":0},"east":{"uv":[0.0,4.0,4.0,8.0],"rotation":0,"texture":"#0","tintindex":0},"north":{"uv":[0.0,4.0,4.0,8.0],"rotation":0,"texture":"#0","tintindex":0},"south":{"uv":[0.0,4.0,4.0,8.0],"rotation":0,"texture":"#0","tintindex":0},"up":{"uv":[0.0,4.0,4.0,8.0],"rotation":0,"texture":"#0","tintindex":0},"west":{"uv":[0.0,4.0,4.0,8.0],"rotation":0,"texture":"#0","tintindex":0}}},{"name":"cube","from":[2.7250001,8.275,-1.4750004],"to":[8.725,14.275,4.5249996],"rotation":{"angle":0.0,"axis":"x","origin":[48.325005,-61.925007,27.325]},"faces":{"down":{"uv":[0.0,4.0,4.0,8.0],"rotation":0,"texture":"#0","tintindex":0},"east":{"uv":[0.0,4.0,4.0,8.0],"rotation":0,"texture":"#0","tintindex":0},"north":{"uv":[0.0,4.0,4.0,8.0],"rotation":0,"texture":"#0","tintindex":0},"south":{"uv":[0.0,4.0,4.0,8.0],"rotation":0,"texture":"#0","tintindex":0},"up":{"uv":[0.0,4.0,4.0,8.0],"rotation":0,"texture":"#0","tintindex":0},"west":{"uv":[0.0,4.0,4.0,8.0],"rotation":0,"texture":"#0","tintindex":0}}},{"name":"cube","from":[-3.275,8.275,4.5249996],"to":[2.7250001,14.275,10.525],"rotation":{"angle":0.0,"axis":"x","origin":[48.325005,-61.925007,27.325]},"faces":{"down":{"uv":[0.0,4.0,4.0,8.0],"rotation":0,"texture":"#0","tintindex":0},"east":{"uv":[0.0,4.0,4.0,8.0],"rotation":0,"texture":"#0","tintindex":0},"north":{"uv":[0.0,4.0,4.0,8.0],"rotation":0,"texture":"#0","tintindex":0},"south":{"uv":[0.0,4.0,4.0,8.0],"rotation":0,"texture":"#0","tintindex":0},"up":{"uv":[0.0,4.0,4.0,8.0],"rotation":0,"texture":"#0","tintindex":0},"west":{"uv":[0.0,4.0,4.0,8.0],"rotation":0,"texture":"#0","tintindex":0}}},{"name":"cube","from":[-3.275,8.275,10.525],"to":[2.7250001,14.275,16.525],"rotation":{"angle":0.0,"axis":"x","origin":[48.325005,-61.925007,27.325]},"faces":{"down":{"uv":[0.0,4.0,4.0,8.0],"rotation":0,"texture":"#0","tintindex":0},"east":{"uv":[0.0,4.0,4.0,8.0],"rotation":0,"texture":"#0","tintindex":0},"north":{"uv":[0.0,4.0,4.0,8.0],"rotation":0,"texture":"#0","tintindex":0},"south":{"uv":[0.0,4.0,4.0,8.0],"rotation":0,"texture":"#0","tintindex":0},"up":{"uv":[0.0,4.0,4.0,8.0],"rotation":0,"texture":"#0","tintindex":0},"west":{"uv":[0.0,4.0,4.0,8.0],"rotation":0,"texture":"#0","tintindex":0}}},{"name":"cube","from":[2.7250001,8.275,10.525],"to":[8.725,14.275,16.525],"rotation":{"angle":0.0,"axis":"x","origin":[48.325005,-61.925007,27.325]},"faces":{"down":{"uv":[0.0,4.0,4.0,8.0],"rotation":0,"texture":"#0","tintindex":0},"east":{"uv":[0.0,4.0,4.0,8.0],"rotation":0,"texture":"#0","tintindex":0},"north":{"uv":[0.0,4.0,4.0,8.0],"rotation":0,"texture":"#0","tintindex":0},"south":{"uv":[0.0,4.0,4.0,8.0],"rotation":0,"texture":"#0","tintindex":0},"up":{"uv":[0.0,4.0,4.0,8.0],"rotation":0,"texture":"#0","tintindex":0},"west":{"uv":[0.0,4.0,4.0,8.0],"rotation":0,"texture":"#0","tintindex":0}}},{"name":"cube","from":[-3.275,2.2749991,16.525],"to":[2.7250001,8.275,22.525002],"rotation":{"angle":0.0,"axis":"x","origin":[48.325005,-61.925007,27.325]},"faces":{"down":{"uv":[0.0,4.0,4.0,8.0],"rotation":0,"texture":"#0","tintindex":0},"east":{"uv":[0.0,4.0,4.0,8.0],"rotation":0,"texture":"#0","tintindex":0},"north":{"uv":[0.0,4.0,4.0,8.0],"rotation":0,"texture":"#0","tintindex":0},"south":{"uv":[0.0,4.0,4.0,8.0],"rotation":0,"texture":"#0","tintindex":0},"up":{"uv":[0.0,4.0,4.0,8.0],"rotation":0,"texture":"#0","tintindex":0},"west":{"uv":[0.0,4.0,4.0,8.0],"rotation":0,"texture":"#0","tintindex":0}}},{"name":"cube","from":[-3.275,-3.7250013,16.525],"to":[2.7250001,2.2749991,22.525002],"rotation":{"angle":0.0,"axis":"x","origin":[48.325005,-61.925007,27.325]},"faces":{"down":{"uv":[0.0,4.0,4.0,8.0],"rotation":0,"texture":"#0","tintindex":0},"east":{"uv":[0.0,4.0,4.0,8.0],"rotation":0,"texture":"#0","tintindex":0},"north":{"uv":[0.0,4.0,4.0,8.0],"rotation":0,"texture":"#0","tintindex":0},"south":{"uv":[0.0,4.0,4.0,8.0],"rotation":0,"texture":"#0","tintindex":0},"up":{"uv":[0.0,4.0,4.0,8.0],"rotation":0,"texture":"#0","tintindex":0},"west":{"uv":[0.0,4.0,4.0,8.0],"rotation":0,"texture":"#0","tintindex":0}}},{"name":"cube","from":[2.7250001,2.2749991,-7.4750013],"to":[8.725,8.275,-1.4750004],"rotation":{"angle":0.0,"axis":"x","origin":[48.325005,-61.925007,27.325]},"faces":{"down":{"uv":[0.0,4.0,4.0,8.0],"rotation":0,"texture":"#0","tintindex":0},"east":{"uv":[0.0,4.0,4.0,8.0],"rotation":0,"texture":"#0","tintindex":0},"north":{"uv":[0.0,4.0,4.0,8.0],"rotation":0,"texture":"#0","tintindex":0},"south":{"uv":[0.0,4.0,4.0,8.0],"rotation":0,"texture":"#0","tintindex":0},"up":{"uv":[0.0,4.0,4.0,8.0],"rotation":0,"texture":"#0","tintindex":0},"west":{"uv":[0.0,4.0,4.0,8.0],"rotation":0,"texture":"#0","tintindex":0}}},{"name":"cube","from":[-3.275,2.2749991,4.5249996],"to":[2.7250001,8.275,10.525],"rotation":{"angle":0.0,"axis":"x","origin":[48.325005,-61.925007,27.325]},"faces":{"down":{"uv":[0.0,4.0,4.0,8.0],"rotation":0,"texture":"#0","tintindex":0},"east":{"uv":[0.0,4.0,4.0,8.0],"rotation":0,"texture":"#0","tintindex":0},"north":{"uv":[0.0,4.0,4.0,8.0],"rotation":0,"texture":"#0","tintindex":0},"south":{"uv":[0.0,4.0,4.0,8.0],"rotation":0,"texture":"#0","tintindex":0},"up":{"uv":[0.0,4.0,4.0,8.0],"rotation":0,"texture":"#0","tintindex":0},"west":{"uv":[0.0,4.0,4.0,8.0],"rotation":0,"texture":"#0","tintindex":0}}},{"name":"cube","from":[14.725,8.275,16.525],"to":[20.725002,14.275,22.525002],"rotation":{"angle":0.0,"axis":"x","origin":[60.325005,-61.925007,27.325]},"faces":{"down":{"uv":[0.0,4.0,4.0,8.0],"rotation":0,"texture":"#0","tintindex":0},"east":{"uv":[0.0,4.0,4.0,8.0],"rotation":0,"texture":"#0","tintindex":0},"north":{"uv":[0.0,4.0,4.0,8.0],"rotation":0,"texture":"#0","tintindex":0},"south":{"uv":[0.0,4.0,4.0,8.0],"rotation":0,"texture":"#0","tintindex":0},"up":{"uv":[0.0,4.0,4.0,8.0],"rotation":0,"texture":"#0","tintindex":0},"west":{"uv":[0.0,4.0,4.0,8.0],"rotation":0,"texture":"#0","tintindex":0}}},{"name":"cube","from":[8.725,8.275,16.525],"to":[14.725,14.275,22.525002],"rotation":{"angle":0.0,"axis":"x","origin":[60.325005,-61.925007,27.325]},"faces":{"down":{"uv":[0.0,4.0,4.0,8.0],"rotation":0,"texture":"#0","tintindex":0},"east":{"uv":[0.0,4.0,4.0,8.0],"rotation":0,"texture":"#0","tintindex":0},"north":{"uv":[0.0,4.0,4.0,8.0],"rotation":0,"texture":"#0","tintindex":0},"south":{"uv":[0.0,4.0,4.0,8.0],"rotation":0,"texture":"#0","tintindex":0},"up":{"uv":[0.0,4.0,4.0,8.0],"rotation":0,"texture":"#0","tintindex":0},"west":{"uv":[0.0,4.0,4.0,8.0],"rotation":0,"texture":"#0","tintindex":0}}},{"name":"cube","from":[14.725,8.275,-7.4750013],"to":[20.725002,14.275,-1.4750004],"rotation":{"angle":0.0,"axis":"x","origin":[60.325005,-61.925007,27.325]},"faces":{"down":{"uv":[0.0,4.0,4.0,8.0],"rotation":0,"texture":"#0","tintindex":0},"east":{"uv":[0.0,4.0,4.0,8.0],"rotation":0,"texture":"#0","tintindex":0},"north":{"uv":[0.0,4.0,4.0,8.0],"rotation":0,"texture":"#0","tintindex":0},"south":{"uv":[0.0,4.0,4.0,8.0],"rotation":0,"texture":"#0","tintindex":0},"up":{"uv":[0.0,4.0,4.0,8.0],"rotation":0,"texture":"#0","tintindex":0},"west":{"uv":[0.0,4.0,4.0,8.0],"rotation":0,"texture":"#0","tintindex":0}}},{"name":"cube","from":[14.725,8.275,-1.4750004],"to":[20.725002,14.275,4.5249996],"rotation":{"angle":0.0,"axis":"x","origin":[60.325005,-61.925007,27.325]},"faces":{"down":{"uv":[0.0,4.0,4.0,8.0],"rotation":0,"texture":"#0","tintindex":0},"east":{"uv":[0.0,4.0,4.0,8.0],"rotation":0,"texture":"#0","tintindex":0},"north":{"uv":[0.0,4.0,4.0,8.0],"rotation":0,"texture":"#0","tintindex":0},"south":{"uv":[0.0,4.0,4.0,8.0],"rotation":0,"texture":"#0","tintindex":0},"up":{"uv":[0.0,4.0,4.0,8.0],"rotation":0,"texture":"#0","tintindex":0},"west":{"uv":[0.0,4.0,4.0,8.0],"rotation":0,"texture":"#0","tintindex":0}}},{"name":"cube","from":[14.725,8.275,4.5249996],"to":[20.725002,14.275,10.525],"rotation":{"angle":0.0,"axis":"x","origin":[60.325005,-61.925007,27.325]},"faces":{"down":{"uv":[0.0,4.0,4.0,8.0],"rotation":0,"texture":"#0","tintindex":0},"east":{"uv":[0.0,4.0,4.0,8.0],"rotation":0,"texture":"#0","tintindex":0},"north":{"uv":[0.0,4.0,4.0,8.0],"rotation":0,"texture":"#0","tintindex":0},"south":{"uv":[0.0,4.0,4.0,8.0],"rotation":0,"texture":"#0","tintindex":0},"up":{"uv":[0.0,4.0,4.0,8.0],"rotation":0,"texture":"#0","tintindex":0},"west":{"uv":[0.0,4.0,4.0,8.0],"rotation":0,"texture":"#0","tintindex":0}}},{"name":"cube","from":[14.725,2.2749991,16.525],"to":[20.725002,8.275,22.525002],"rotation":{"angle":0.0,"axis":"x","origin":[60.325005,-61.925007,27.325]},"faces":{"down":{"uv":[0.0,4.0,4.0,8.0],"rotation":0,"texture":"#0","tintindex":0},"east":{"uv":[0.0,4.0,4.0,8.0],"rotation":0,"texture":"#0","tintindex":0},"north":{"uv":[0.0,4.0,4.0,8.0],"rotation":0,"texture":"#0","tintindex":0},"south":{"uv":[0.0,4.0,4.0,8.0],"rotation":0,"texture":"#0","tintindex":0},"up":{"uv":[0.0,4.0,4.0,8.0],"rotation":0,"texture":"#0","tintindex":0},"west":{"uv":[0.0,4.0,4.0,8.0],"rotation":0,"texture":"#0","tintindex":0}}},{"name":"cube","from":[14.725,2.2749991,-7.4750013],"to":[20.725002,8.275,-1.4750004],"rotation":{"angle":0.0,"axis":"x","origin":[60.325005,-61.925007,27.325]},"faces":{"down":{"uv":[0.0,4.0,4.0,8.0],"rotation":0,"texture":"#0","tintindex":0},"east":{"uv":[0.0,4.0,4.0,8.0],"rotation":0,"texture":"#0","tintindex":0},"north":{"uv":[0.0,4.0,4.0,8.0],"rotation":0,"texture":"#0","tintindex":0},"south":{"uv":[0.0,4.0,4.0,8.0],"rotation":0,"texture":"#0","tintindex":0},"up":{"uv":[0.0,4.0,4.0,8.0],"rotation":0,"texture":"#0","tintindex":0},"west":{"uv":[0.0,4.0,4.0,8.0],"rotation":0,"texture":"#0","tintindex":0}}},{"name":"cube","from":[14.725,2.2749991,4.5249996],"to":[20.725002,8.275,10.525],"rotation":{"angle":0.0,"axis":"x","origin":[60.325005,-61.925007,27.325]},"faces":{"down":{"uv":[0.0,4.0,4.0,8.0],"rotation":0,"texture":"#0","tintindex":0},"east":{"uv":[0.0,4.0,4.0,8.0],"rotation":0,"texture":"#0","tintindex":0},"north":{"uv":[0.0,4.0,4.0,8.0],"rotation":0,"texture":"#0","tintindex":0},"south":{"uv":[0.0,4.0,4.0,8.0],"rotation":0,"texture":"#0","tintindex":0},"up":{"uv":[0.0,4.0,4.0,8.0],"rotation":0,"texture":"#0","tintindex":0},"west":{"uv":[0.0,4.0,4.0,8.0],"rotation":0,"texture":"#0","tintindex":0}}},{"name":"cube","from":[14.725,2.2749991,10.525],"to":[20.725002,8.275,16.525],"rotation":{"angle":0.0,"axis":"x","origin":[60.325005,-61.925007,27.325]},"faces":{"down":{"uv":[0.0,4.0,4.0,8.0],"rotation":0,"texture":"#0","tintindex":0},"east":{"uv":[0.0,4.0,4.0,8.0],"rotation":0,"texture":"#0","tintindex":0},"north":{"uv":[0.0,4.0,4.0,8.0],"rotation":0,"texture":"#0","tintindex":0},"south":{"uv":[0.0,4.0,4.0,8.0],"rotation":0,"texture":"#0","tintindex":0},"up":{"uv":[0.0,4.0,4.0,8.0],"rotation":0,"texture":"#0","tintindex":0},"west":{"uv":[0.0,4.0,4.0,8.0],"rotation":0,"texture":"#0","tintindex":0}}},{"name":"cube","from":[9.925001,-9.725001,4.5249996],"to":[14.725,-4.925001,9.325],"rotation":{"angle":0.0,"axis":"x","origin":[60.325005,-73.92501,27.325]},"faces":{"down":{"uv":[0.0,4.0,4.0,8.0],"rotation":0,"texture":"#0","tintindex":0},"east":{"uv":[0.0,4.0,4.0,8.0],"rotation":0,"texture":"#0","tintindex":0},"north":{"uv":[0.0,4.0,4.0,8.0],"rotation":0,"texture":"#0","tintindex":0},"south":{"uv":[0.0,4.0,4.0,8.0],"rotation":0,"texture":"#0","tintindex":0},"up":{"uv":[0.0,4.0,4.0,8.0],"rotation":0,"texture":"#0","tintindex":0},"west":{"uv":[0.0,4.0,4.0,8.0],"rotation":0,"texture":"#0","tintindex":0}}}],"display":{"head":{"translation":[0.0,-6.4,0.0],"rotation":[0.0,0.0,0.0],"scale":[3.8095,3.8095,3.8095]}}}