{"textures":{"0":"modelengine:entity/deer"},"elements":[{"name":"upperbody","from":[6.2818832,7.5966277,6.5733204],"to":[9.596422,10.674414,9.651106],"rotation":{"angle":0.0,"axis":"x","origin":[7.983275,3.72577,11.773328]},"faces":{"down":{"uv":[7.25,3.5,6.25,5.0],"rotation":0,"texture":"#0","tintindex":0},"east":{"uv":[11.25,4.0,10.25,5.0],"rotation":0,"texture":"#0","tintindex":0},"north":{"uv":[7.0,3.5,6.0,5.0],"rotation":0,"texture":"#0","tintindex":0},"south":{"uv":[10.5,5.0,9.0,6.5],"rotation":0,"texture":"#0","tintindex":0},"up":{"uv":[10.5,5.0,9.0,6.5],"rotation":0,"texture":"#0","tintindex":0},"west":{"uv":[11.25,4.0,10.25,5.0],"rotation":0,"texture":"#0","tintindex":0}}},{"name":"upperbody","from":[8.437991,11.635828,9.087332],"to":[9.377377,12.575213,11.09507],"rotation":{"angle":-45.0,"axis":"x","origin":[8.907683,10.79872,11.219802]},"faces":{"down":{"uv":[15.141411,5.0,14.75,5.8365574],"rotation":180,"texture":"#0","tintindex":0},"east":{"uv":[14.75,5.8365574,15.141411,5.0],"rotation":90,"texture":"#0","tintindex":0},"north":{"uv":[14.75,5.3914104,15.141411,5.0],"rotation":90,"texture":"#0","tintindex":0},"south":{"uv":[14.75,5.3914104,15.141411,5.0],"rotation":90,"texture":"#0","tintindex":0},"up":{"uv":[15.141411,5.0,14.75,5.8365574],"rotation":180,"texture":"#0","tintindex":0},"west":{"uv":[14.75,5.8365574,15.141411,5.0],"rotation":90,"texture":"#0","tintindex":0}}},{"name":"upperbody","from":[6.619072,11.635828,9.087332],"to":[7.558457,12.575213,11.09507],"rotation":{"angle":-45.0,"axis":"x","origin":[7.088764,10.79872,11.219802]},"faces":{"down":{"uv":[15.141411,5.0,14.75,5.8365574],"rotation":180,"texture":"#0","tintindex":0},"east":{"uv":[14.75,5.8365574,15.141411,5.0],"rotation":90,"texture":"#0","tintindex":0},"north":{"uv":[14.75,5.3914104,15.141411,5.0],"rotation":90,"texture":"#0","tintindex":0},"south":{"uv":[14.75,5.3914104,15.141411,5.0],"rotation":90,"texture":"#0","tintindex":0},"up":{"uv":[15.141411,5.0,14.75,5.8365574],"rotation":180,"texture":"#0","tintindex":0},"west":{"uv":[14.75,5.8365574,15.141411,5.0],"rotation":90,"texture":"#0","tintindex":0}}},{"name":"upperbody","from":[8.6755905,8.309427,8.136932],"to":[9.377377,8.892414,9.788271],"rotation":{"angle":45.0,"axis":"x","origin":[8.907683,10.79872,11.219802]},"faces":{"down":{"uv":[14.75,5.0,15.042411,5.6880574],"rotation":0,"texture":"#0","tintindex":0},"east":{"uv":[14.99291,5.6880574,14.75,5.0],"rotation":90,"texture":"#0","tintindex":0},"north":{"uv":[14.75,5.0,15.042411,5.2429104],"rotation":0,"texture":"#0","tintindex":0},"south":{"uv":[14.75,5.0,15.042411,5.2429104],"rotation":0,"texture":"#0","tintindex":0},"up":{"uv":[14.75,5.0,15.042411,5.6880574],"rotation":0,"texture":"#0","tintindex":0},"west":{"uv":[14.99291,5.6880574,14.75,5.0],"rotation":90,"texture":"#0","tintindex":0}}},{"name":"upperbody","from":[6.619072,8.309427,8.136932],"to":[7.320857,8.892414,9.788271],"rotation":{"angle":45.0,"axis":"x","origin":[7.088764,10.79872,11.219802]},"faces":{"down":{"uv":[14.75,5.0,15.042411,5.6880574],"rotation":0,"texture":"#0","tintindex":0},"east":{"uv":[14.99291,5.6880574,14.75,5.0],"rotation":90,"texture":"#0","tintindex":0},"north":{"uv":[14.75,5.0,15.042411,5.2429104],"rotation":0,"texture":"#0","tintindex":0},"south":{"uv":[14.75,5.0,15.042411,5.2429104],"rotation":0,"texture":"#0","tintindex":0},"up":{"uv":[14.75,5.0,15.042411,5.6880574],"rotation":0,"texture":"#0","tintindex":0},"west":{"uv":[14.99291,5.6880574,14.75,5.0],"rotation":90,"texture":"#0","tintindex":0}}},{"name":"upperbody","from":[11.051592,10.566628,9.443732],"to":[11.753376,11.149613,11.09507],"rotation":{"angle":45.0,"axis":"x","origin":[11.283684,13.055921,12.526602]},"faces":{"down":{"uv":[15.0,5.0,14.75,6.0],"rotation":180,"texture":"#0","tintindex":0},"east":{"uv":[15.0,5.0,14.75,6.0],"rotation":90,"texture":"#0","tintindex":0},"north":{"uv":[15.0,5.0,14.75,5.5],"rotation":90,"texture":"#0","tintindex":0},"south":{"uv":[15.0,5.0,14.75,5.5],"rotation":90,"texture":"#0","tintindex":0},"up":{"uv":[15.0,5.0,14.75,6.0],"rotation":180,"texture":"#0","tintindex":0},"west":{"uv":[15.0,5.0,14.75,6.0],"rotation":90,"texture":"#0","tintindex":0}}},{"name":"upperbody","from":[4.2430716,10.566628,9.443732],"to":[4.9448566,11.149613,11.09507],"rotation":{"angle":45.0,"axis":"x","origin":[4.7127643,13.055921,12.526602]},"faces":{"down":{"uv":[15.0,5.0,14.75,6.0],"rotation":180,"texture":"#0","tintindex":0},"east":{"uv":[15.0,5.0,14.75,6.0],"rotation":90,"texture":"#0","tintindex":0},"north":{"uv":[15.0,5.0,14.75,5.5],"rotation":90,"texture":"#0","tintindex":0},"south":{"uv":[15.0,5.0,14.75,5.5],"rotation":90,"texture":"#0","tintindex":0},"up":{"uv":[15.0,5.0,14.75,6.0],"rotation":180,"texture":"#0","tintindex":0},"west":{"uv":[15.0,5.0,14.75,6.0],"rotation":90,"texture":"#0","tintindex":0}}},{"name":"upperbody","from":[8.794392,11.414671,6.9663286],"to":[9.258575,12.947209,7.4305134],"rotation":{"angle":-22.5,"axis":"x","origin":[9.026484,12.18094,7.554821]},"faces":{"down":{"uv":[14.75,5.0,14.943411,5.1934104],"rotation":0,"texture":"#0","tintindex":0},"east":{"uv":[15.388557,5.1934104,14.75,5.0],"rotation":90,"texture":"#0","tintindex":0},"north":{"uv":[14.75,5.0,14.943411,5.6385574],"rotation":0,"texture":"#0","tintindex":0},"south":{"uv":[14.75,5.0,14.943411,5.6385574],"rotation":0,"texture":"#0","tintindex":0},"up":{"uv":[14.75,5.0,14.943411,5.1934104],"rotation":0,"texture":"#0","tintindex":0},"west":{"uv":[15.388557,5.1934104,14.75,5.0],"rotation":90,"texture":"#0","tintindex":0}}},{"name":"upperbody","from":[6.7378716,11.414671,6.9663286],"to":[7.202057,12.947209,7.4305134],"rotation":{"angle":-22.5,"axis":"x","origin":[6.9699645,12.18094,7.554821]},"faces":{"down":{"uv":[14.75,5.0,14.943411,5.1934104],"rotation":0,"texture":"#0","tintindex":0},"east":{"uv":[15.388557,5.1934104,14.75,5.0],"rotation":90,"texture":"#0","tintindex":0},"north":{"uv":[14.75,5.0,14.943411,5.6385574],"rotation":0,"texture":"#0","tintindex":0},"south":{"uv":[14.75,5.0,14.943411,5.6385574],"rotation":0,"texture":"#0","tintindex":0},"up":{"uv":[14.75,5.0,14.943411,5.1934104],"rotation":0,"texture":"#0","tintindex":0},"west":{"uv":[15.388557,5.1934104,14.75,5.0],"rotation":90,"texture":"#0","tintindex":0}}},{"name":"upperbody","from":[11.170391,13.671872,8.2731285],"to":[11.634576,15.20441,8.737314],"rotation":{"angle":-22.5,"axis":"x","origin":[11.402484,14.438141,8.861621]},"faces":{"down":{"uv":[15.0,5.0,14.75,6.5],"rotation":0,"texture":"#0","tintindex":0},"east":{"uv":[15.0,5.0,14.75,6.5],"rotation":0,"texture":"#0","tintindex":0},"north":{"uv":[15.0,5.0,14.75,6.5],"rotation":0,"texture":"#0","tintindex":0},"south":{"uv":[15.0,5.0,14.75,6.5],"rotation":0,"texture":"#0","tintindex":0},"up":{"uv":[15.0,5.0,14.75,5.5],"rotation":0,"texture":"#0","tintindex":0},"west":{"uv":[15.0,5.0,14.75,6.5],"rotation":0,"texture":"#0","tintindex":0}}},{"name":"upperbody","from":[4.3618717,13.671872,8.2731285],"to":[4.826057,15.20441,8.737314],"rotation":{"angle":-22.5,"axis":"x","origin":[4.5939646,14.438141,8.861621]},"faces":{"down":{"uv":[15.0,5.0,14.75,6.5],"rotation":0,"texture":"#0","tintindex":0},"east":{"uv":[15.0,5.0,14.75,6.5],"rotation":0,"texture":"#0","tintindex":0},"north":{"uv":[15.0,5.0,14.75,6.5],"rotation":0,"texture":"#0","tintindex":0},"south":{"uv":[15.0,5.0,14.75,6.5],"rotation":0,"texture":"#0","tintindex":0},"up":{"uv":[15.0,5.0,14.75,5.5],"rotation":0,"texture":"#0","tintindex":0},"west":{"uv":[15.0,5.0,14.75,6.5],"rotation":0,"texture":"#0","tintindex":0}}},{"name":"upperbody","from":[8.913191,12.365071,6.8475285],"to":[9.139776,13.77881,7.311713],"rotation":{"angle":0.0,"axis":"x","origin":[9.026484,12.18094,7.554821]},"faces":{"down":{"uv":[14.75,5.0,14.943411,5.1934104],"rotation":0,"texture":"#0","tintindex":0},"east":{"uv":[15.388557,5.1934104,14.75,5.0],"rotation":90,"texture":"#0","tintindex":0},"north":{"uv":[14.75,5.0,14.943411,5.6385574],"rotation":0,"texture":"#0","tintindex":0},"south":{"uv":[14.75,5.0,14.943411,5.6385574],"rotation":0,"texture":"#0","tintindex":0},"up":{"uv":[14.75,5.0,14.943411,5.1934104],"rotation":0,"texture":"#0","tintindex":0},"west":{"uv":[15.388557,5.1934104,14.75,5.0],"rotation":90,"texture":"#0","tintindex":0}}},{"name":"upperbody","from":[6.8566723,12.365071,6.8475285],"to":[7.0832567,13.77881,7.311713],"rotation":{"angle":0.0,"axis":"x","origin":[6.9699645,12.18094,7.554821]},"faces":{"down":{"uv":[14.75,5.0,14.943411,5.1934104],"rotation":0,"texture":"#0","tintindex":0},"east":{"uv":[15.388557,5.1934104,14.75,5.0],"rotation":90,"texture":"#0","tintindex":0},"north":{"uv":[14.75,5.0,14.943411,5.6385574],"rotation":0,"texture":"#0","tintindex":0},"south":{"uv":[14.75,5.0,14.943411,5.6385574],"rotation":0,"texture":"#0","tintindex":0},"up":{"uv":[14.75,5.0,14.943411,5.1934104],"rotation":0,"texture":"#0","tintindex":0},"west":{"uv":[15.388557,5.1934104,14.75,5.0],"rotation":90,"texture":"#0","tintindex":0}}},{"name":"upperbody","from":[11.289191,14.622272,8.154328],"to":[11.515777,16.036009,8.618513],"rotation":{"angle":0.0,"axis":"x","origin":[11.402484,14.438141,8.861621]},"faces":{"down":{"uv":[15.0,5.0,14.75,6.5],"rotation":0,"texture":"#0","tintindex":0},"east":{"uv":[15.0,5.0,14.75,6.5],"rotation":0,"texture":"#0","tintindex":0},"north":{"uv":[15.0,5.0,14.75,6.5],"rotation":0,"texture":"#0","tintindex":0},"south":{"uv":[15.0,5.0,14.75,6.5],"rotation":0,"texture":"#0","tintindex":0},"up":{"uv":[15.0,5.0,14.75,6.5],"rotation":0,"texture":"#0","tintindex":0},"west":{"uv":[15.0,5.0,14.75,6.5],"rotation":0,"texture":"#0","tintindex":0}}},{"name":"upperbody","from":[4.5091906,14.622272,8.154328],"to":[4.735776,16.036009,8.618513],"rotation":{"angle":0.0,"axis":"x","origin":[11.402484,14.438141,8.861621]},"faces":{"down":{"uv":[15.0,5.0,14.75,6.5],"rotation":0,"texture":"#0","tintindex":0},"east":{"uv":[15.0,5.0,14.75,6.5],"rotation":0,"texture":"#0","tintindex":0},"north":{"uv":[15.0,5.0,14.75,6.5],"rotation":0,"texture":"#0","tintindex":0},"south":{"uv":[15.0,5.0,14.75,6.5],"rotation":0,"texture":"#0","tintindex":0},"up":{"uv":[15.0,5.0,14.75,6.5],"rotation":0,"texture":"#0","tintindex":0},"west":{"uv":[15.0,5.0,14.75,6.5],"rotation":0,"texture":"#0","tintindex":0}}},{"name":"upperbody","from":[13.18447,14.940747,11.828536],"to":[13.648655,15.404933,13.955074],"rotation":{"angle":-45.0,"axis":"x","origin":[8.426962,12.26224,11.703805]},"faces":{"down":{"uv":[14.943411,5.0,14.75,5.8860574],"rotation":0,"texture":"#0","tintindex":0},"east":{"uv":[14.943411,5.0,14.75,5.8860574],"rotation":270,"texture":"#0","tintindex":0},"north":{"uv":[14.943411,5.0,14.75,5.1934104],"rotation":180,"texture":"#0","tintindex":0},"south":{"uv":[14.943411,5.0,14.75,5.1934104],"rotation":0,"texture":"#0","tintindex":0},"up":{"uv":[14.943411,5.0,14.75,5.8860574],"rotation":0,"texture":"#0","tintindex":0},"west":{"uv":[14.943411,5.0,14.75,5.8860574],"rotation":90,"texture":"#0","tintindex":0}}},{"name":"upperbody","from":[2.347793,14.940747,11.828536],"to":[2.811978,15.404933,13.955074],"rotation":{"angle":-45.0,"axis":"x","origin":[7.5694857,12.26224,11.703805]},"faces":{"down":{"uv":[14.943411,5.0,14.75,5.8860574],"rotation":0,"texture":"#0","tintindex":0},"east":{"uv":[14.943411,5.0,14.75,5.8860574],"rotation":270,"texture":"#0","tintindex":0},"north":{"uv":[14.943411,5.0,14.75,5.1934104],"rotation":180,"texture":"#0","tintindex":0},"south":{"uv":[14.943411,5.0,14.75,5.1934104],"rotation":0,"texture":"#0","tintindex":0},"up":{"uv":[14.943411,5.0,14.75,5.8860574],"rotation":0,"texture":"#0","tintindex":0},"west":{"uv":[14.943411,5.0,14.75,5.8860574],"rotation":90,"texture":"#0","tintindex":0}}},{"name":"upperbody","from":[11.04607,12.702905,8.528488],"to":[11.629055,13.28589,10.655026],"rotation":{"angle":-22.5,"axis":"x","origin":[13.357162,15.370398,10.779758]},"faces":{"down":{"uv":[15.0,5.0,14.75,6.0],"rotation":180,"texture":"#0","tintindex":0},"east":{"uv":[15.0,5.0,14.75,6.0],"rotation":90,"texture":"#0","tintindex":0},"north":{"uv":[15.0,5.0,14.75,5.5],"rotation":90,"texture":"#0","tintindex":0},"south":{"uv":[15.0,5.0,14.75,5.5],"rotation":90,"texture":"#0","tintindex":0},"up":{"uv":[15.0,5.0,14.75,6.0],"rotation":180,"texture":"#0","tintindex":0},"west":{"uv":[15.0,5.0,14.75,6.0],"rotation":90,"texture":"#0","tintindex":0}}},{"name":"upperbody","from":[4.3673925,12.702905,8.528488],"to":[4.950378,13.28589,10.655026],"rotation":{"angle":-22.5,"axis":"x","origin":[2.6392856,15.370398,10.779758]},"faces":{"down":{"uv":[15.0,5.0,14.75,6.0],"rotation":180,"texture":"#0","tintindex":0},"east":{"uv":[15.0,5.0,14.75,6.0],"rotation":90,"texture":"#0","tintindex":0},"north":{"uv":[15.0,5.0,14.75,5.5],"rotation":90,"texture":"#0","tintindex":0},"south":{"uv":[15.0,5.0,14.75,5.5],"rotation":90,"texture":"#0","tintindex":0},"up":{"uv":[15.0,5.0,14.75,6.0],"rotation":180,"texture":"#0","tintindex":0},"west":{"uv":[15.0,5.0,14.75,6.0],"rotation":90,"texture":"#0","tintindex":0}}},{"name":"upperbody","from":[11.164869,13.677207,11.394043],"to":[11.510255,14.141393,12.807781],"rotation":{"angle":-45.0,"axis":"x","origin":[11.337563,13.4935,12.457312]},"faces":{"down":{"uv":[15.0,5.0,14.75,6.0],"rotation":180,"texture":"#0","tintindex":0},"east":{"uv":[15.0,5.0,14.75,6.0],"rotation":90,"texture":"#0","tintindex":0},"north":{"uv":[15.0,5.0,14.75,5.5],"rotation":90,"texture":"#0","tintindex":0},"south":{"uv":[15.0,5.0,14.75,5.5],"rotation":90,"texture":"#0","tintindex":0},"up":{"uv":[15.0,5.0,14.75,6.0],"rotation":180,"texture":"#0","tintindex":0},"west":{"uv":[15.0,5.0,14.75,6.0],"rotation":90,"texture":"#0","tintindex":0}}},{"name":"upperbody","from":[4.4861927,13.677207,11.394043],"to":[4.8315783,14.141393,12.807781],"rotation":{"angle":-45.0,"axis":"x","origin":[4.6588855,13.4935,12.457312]},"faces":{"down":{"uv":[15.0,5.0,14.75,6.0],"rotation":180,"texture":"#0","tintindex":0},"east":{"uv":[15.0,5.0,14.75,6.0],"rotation":90,"texture":"#0","tintindex":0},"north":{"uv":[15.0,5.0,14.75,5.5],"rotation":90,"texture":"#0","tintindex":0},"south":{"uv":[15.0,5.0,14.75,5.5],"rotation":90,"texture":"#0","tintindex":0},"up":{"uv":[15.0,5.0,14.75,6.0],"rotation":180,"texture":"#0","tintindex":0},"west":{"uv":[15.0,5.0,14.75,6.0],"rotation":90,"texture":"#0","tintindex":0}}},{"name":"upperbody","from":[10.6774845,10.091429,9.543321],"to":[14.348422,10.674414,10.126307],"rotation":{"angle":45.0,"axis":"z","origin":[8.770753,11.986721,8.468613]},"faces":{"down":{"uv":[14.99291,6.529557,14.75,5.0],"rotation":90,"texture":"#0","tintindex":0},"east":{"uv":[14.99291,5.2429104,14.75,5.0],"rotation":90,"texture":"#0","tintindex":0},"north":{"uv":[14.99291,6.529557,14.75,5.0],"rotation":90,"texture":"#0","tintindex":0},"south":{"uv":[14.99291,6.529557,14.75,5.0],"rotation":90,"texture":"#0","tintindex":0},"up":{"uv":[14.99291,6.529557,14.75,5.0],"rotation":90,"texture":"#0","tintindex":0},"west":{"uv":[14.99291,5.2429104,14.75,5.0],"rotation":90,"texture":"#0","tintindex":0}}},{"name":"upperbody","from":[1.6480263,10.091429,9.543321],"to":[5.318964,10.674414,10.126307],"rotation":{"angle":-45.0,"axis":"z","origin":[7.225695,11.986721,8.468613]},"faces":{"down":{"uv":[14.99291,6.529557,14.75,5.0],"rotation":90,"texture":"#0","tintindex":0},"east":{"uv":[14.99291,5.2429104,14.75,5.0],"rotation":90,"texture":"#0","tintindex":0},"north":{"uv":[14.99291,6.529557,14.75,5.0],"rotation":90,"texture":"#0","tintindex":0},"south":{"uv":[14.99291,6.529557,14.75,5.0],"rotation":90,"texture":"#0","tintindex":0},"up":{"uv":[14.99291,6.529557,14.75,5.0],"rotation":90,"texture":"#0","tintindex":0},"west":{"uv":[14.99291,5.2429104,14.75,5.0],"rotation":90,"texture":"#0","tintindex":0}}},{"name":"upperbody","from":[13.999874,13.902708,9.662121],"to":[15.532413,14.366892,10.007505],"rotation":{"angle":22.5,"axis":"z","origin":[12.508944,13.421999,9.834814]},"faces":{"down":{"uv":[14.89391,5.6385574,14.75,5.0],"rotation":90,"texture":"#0","tintindex":0},"east":{"uv":[14.943411,5.1439104,14.75,5.0],"rotation":90,"texture":"#0","tintindex":0},"north":{"uv":[14.943411,5.6385574,14.75,5.0],"rotation":90,"texture":"#0","tintindex":0},"south":{"uv":[14.943411,5.6385574,14.75,5.0],"rotation":90,"texture":"#0","tintindex":0},"up":{"uv":[14.89391,5.6385574,14.75,5.0],"rotation":90,"texture":"#0","tintindex":0},"west":{"uv":[14.943411,5.1439104,14.75,5.0],"rotation":90,"texture":"#0","tintindex":0}}},{"name":"upperbody","from":[0.4640355,13.902708,9.662121],"to":[1.9965734,14.366892,10.007505],"rotation":{"angle":-22.5,"axis":"z","origin":[3.4875042,13.421999,9.834814]},"faces":{"down":{"uv":[14.89391,5.6385574,14.75,5.0],"rotation":90,"texture":"#0","tintindex":0},"east":{"uv":[14.943411,5.1439104,14.75,5.0],"rotation":90,"texture":"#0","tintindex":0},"north":{"uv":[14.943411,5.6385574,14.75,5.0],"rotation":90,"texture":"#0","tintindex":0},"south":{"uv":[14.943411,5.6385574,14.75,5.0],"rotation":90,"texture":"#0","tintindex":0},"up":{"uv":[14.89391,5.6385574,14.75,5.0],"rotation":90,"texture":"#0","tintindex":0},"west":{"uv":[14.943411,5.1439104,14.75,5.0],"rotation":90,"texture":"#0","tintindex":0}}},{"name":"upperbody","from":[14.94483,15.131071,9.734472],"to":[16.477367,15.476457,9.961058],"rotation":{"angle":45.0,"axis":"z","origin":[15.0577,15.184964,9.834814]},"faces":{"down":{"uv":[14.844411,5.6385574,14.75,5.0],"rotation":90,"texture":"#0","tintindex":0},"east":{"uv":[14.89391,5.0944104,14.75,5.0],"rotation":90,"texture":"#0","tintindex":0},"north":{"uv":[14.89391,5.6385574,14.75,5.0],"rotation":90,"texture":"#0","tintindex":0},"south":{"uv":[14.89391,5.6385574,14.75,5.0],"rotation":90,"texture":"#0","tintindex":0},"up":{"uv":[14.844411,5.6385574,14.75,5.0],"rotation":90,"texture":"#0","tintindex":0},"west":{"uv":[14.89391,5.0944104,14.75,5.0],"rotation":90,"texture":"#0","tintindex":0}}},{"name":"upperbody","from":[-0.48091984,15.131071,9.734472],"to":[1.0516181,15.476457,9.961058],"rotation":{"angle":-45.0,"axis":"z","origin":[0.9387491,15.184964,9.834814]},"faces":{"down":{"uv":[14.844411,5.6385574,14.75,5.0],"rotation":90,"texture":"#0","tintindex":0},"east":{"uv":[14.89391,5.0944104,14.75,5.0],"rotation":90,"texture":"#0","tintindex":0},"north":{"uv":[14.89391,5.6385574,14.75,5.0],"rotation":90,"texture":"#0","tintindex":0},"south":{"uv":[14.89391,5.6385574,14.75,5.0],"rotation":90,"texture":"#0","tintindex":0},"up":{"uv":[14.844411,5.6385574,14.75,5.0],"rotation":90,"texture":"#0","tintindex":0},"west":{"uv":[14.89391,5.0944104,14.75,5.0],"rotation":90,"texture":"#0","tintindex":0}}},{"name":"upperbody","from":[8.208525,11.31546,9.4245205],"to":[11.404263,12.017246,10.126307],"rotation":{"angle":22.5,"axis":"z","origin":[9.568793,12.616753,9.953613]},"faces":{"down":{"uv":[14.99291,6.529557,14.75,5.0],"rotation":90,"texture":"#0","tintindex":0},"east":{"uv":[14.99291,5.2429104,14.75,5.0],"rotation":90,"texture":"#0","tintindex":0},"north":{"uv":[14.99291,6.529557,14.75,5.0],"rotation":90,"texture":"#0","tintindex":0},"south":{"uv":[14.99291,6.529557,14.75,5.0],"rotation":90,"texture":"#0","tintindex":0},"up":{"uv":[14.99291,6.529557,14.75,5.0],"rotation":90,"texture":"#0","tintindex":0},"west":{"uv":[14.99291,5.2429104,14.75,5.0],"rotation":90,"texture":"#0","tintindex":0}}},{"name":"upperbody","from":[4.5921855,11.31546,9.4245205],"to":[7.7879233,12.017246,10.126307],"rotation":{"angle":-22.5,"axis":"z","origin":[6.4276547,12.616753,9.953613]},"faces":{"down":{"uv":[14.99291,6.529557,14.75,5.0],"rotation":90,"texture":"#0","tintindex":0},"east":{"uv":[14.99291,5.2429104,14.75,5.0],"rotation":90,"texture":"#0","tintindex":0},"north":{"uv":[14.99291,6.529557,14.75,5.0],"rotation":90,"texture":"#0","tintindex":0},"south":{"uv":[14.99291,6.529557,14.75,5.0],"rotation":90,"texture":"#0","tintindex":0},"up":{"uv":[14.99291,6.529557,14.75,5.0],"rotation":90,"texture":"#0","tintindex":0},"west":{"uv":[14.99291,5.2429104,14.75,5.0],"rotation":90,"texture":"#0","tintindex":0}}},{"name":"upperbody","from":[12.628941,13.810261,8.730867],"to":[15.46828,14.2744465,9.313852],"rotation":{"angle":45.0,"axis":"y","origin":[13.81101,14.161153,8.90356]},"faces":{"down":{"uv":[15.0,5.0,14.75,6.75],"rotation":90,"texture":"#0","tintindex":0},"east":{"uv":[15.0,5.25,14.75,5.75],"rotation":90,"texture":"#0","tintindex":0},"north":{"uv":[15.0,5.0,14.75,6.75],"rotation":90,"texture":"#0","tintindex":0},"south":{"uv":[15.0,5.0,14.75,6.75],"rotation":90,"texture":"#0","tintindex":0},"up":{"uv":[15.0,5.0,14.75,6.75],"rotation":90,"texture":"#0","tintindex":0},"west":{"uv":[15.0,5.25,14.75,5.75],"rotation":90,"texture":"#0","tintindex":0}}},{"name":"upperbody","from":[0.5281694,13.810261,8.730867],"to":[3.367507,14.2744465,9.313852],"rotation":{"angle":-45.0,"axis":"y","origin":[2.1854382,14.161153,8.90356]},"faces":{"down":{"uv":[15.0,5.0,14.75,6.75],"rotation":90,"texture":"#0","tintindex":0},"east":{"uv":[15.0,5.0,14.75,6.75],"rotation":90,"texture":"#0","tintindex":0},"north":{"uv":[15.0,5.0,14.75,6.75],"rotation":90,"texture":"#0","tintindex":0},"south":{"uv":[15.0,5.0,14.75,6.75],"rotation":90,"texture":"#0","tintindex":0},"up":{"uv":[15.0,5.0,14.75,6.75],"rotation":90,"texture":"#0","tintindex":0},"west":{"uv":[15.0,5.0,14.75,6.75],"rotation":90,"texture":"#0","tintindex":0}}},{"name":"upperbody","from":[14.663052,14.28546,6.8532],"to":[15.127236,14.630845,7.910538],"rotation":{"angle":22.5,"axis":"x","origin":[14.8951435,14.042354,6.7878685]},"faces":{"down":{"uv":[15.5,5.0,14.75,7.0],"rotation":180,"texture":"#0","tintindex":0},"east":{"uv":[15.5,5.0,14.75,7.0],"rotation":90,"texture":"#0","tintindex":0},"north":{"uv":[15.5,5.0,14.75,5.75],"rotation":90,"texture":"#0","tintindex":0},"south":{"uv":[15.5,5.0,14.75,5.75],"rotation":90,"texture":"#0","tintindex":0},"up":{"uv":[15.5,5.0,14.75,7.0],"rotation":180,"texture":"#0","tintindex":0},"west":{"uv":[15.5,5.0,14.75,7.0],"rotation":90,"texture":"#0","tintindex":0}}},{"name":"upperbody","from":[0.8692119,14.28546,6.8532],"to":[1.3333968,14.630845,7.910538],"rotation":{"angle":22.5,"axis":"x","origin":[1.1013043,14.042354,6.7878685]},"faces":{"down":{"uv":[14.75,5.0,15.5,7.0],"rotation":180,"texture":"#0","tintindex":0},"east":{"uv":[15.5,7.0,14.75,5.0],"rotation":90,"texture":"#0","tintindex":0},"north":{"uv":[15.5,5.75,14.75,5.0],"rotation":90,"texture":"#0","tintindex":0},"south":{"uv":[15.5,5.75,14.75,5.0],"rotation":90,"texture":"#0","tintindex":0},"up":{"uv":[14.75,5.0,15.5,7.0],"rotation":180,"texture":"#0","tintindex":0},"west":{"uv":[15.5,7.0,14.75,5.0],"rotation":90,"texture":"#0","tintindex":0}}},{"name":"upperbody","from":[14.781852,13.907696,6.1355047],"to":[15.008436,14.134282,7.1928425],"rotation":{"angle":45.0,"axis":"x","origin":[14.8951435,14.199188,7.4957733]},"faces":{"down":{"uv":[15.25,5.0,14.75,6.0],"rotation":0,"texture":"#0","tintindex":0},"east":{"uv":[15.5,5.0,14.75,7.5],"rotation":90,"texture":"#0","tintindex":0},"north":{"uv":[15.5,5.0,14.75,5.75],"rotation":0,"texture":"#0","tintindex":0},"south":{"uv":[15.5,5.0,14.75,5.75],"rotation":0,"texture":"#0","tintindex":0},"up":{"uv":[15.25,5.0,14.75,6.0],"rotation":0,"texture":"#0","tintindex":0},"west":{"uv":[15.5,5.0,14.75,7.5],"rotation":90,"texture":"#0","tintindex":0}}},{"name":"upperbody","from":[0.98801184,13.907696,6.1355047],"to":[1.2145969,14.134282,7.1928425],"rotation":{"angle":45.0,"axis":"x","origin":[1.1013043,14.199188,7.4957733]},"faces":{"down":{"uv":[14.75,5.0,15.25,6.0],"rotation":0,"texture":"#0","tintindex":0},"east":{"uv":[15.5,7.5,14.75,5.0],"rotation":90,"texture":"#0","tintindex":0},"north":{"uv":[14.75,5.0,15.5,5.75],"rotation":0,"texture":"#0","tintindex":0},"south":{"uv":[14.75,5.0,15.5,5.75],"rotation":0,"texture":"#0","tintindex":0},"up":{"uv":[14.75,5.0,15.25,6.0],"rotation":0,"texture":"#0","tintindex":0},"west":{"uv":[15.5,7.5,14.75,5.0],"rotation":90,"texture":"#0","tintindex":0}}},{"name":"upperbody","from":[6.0451307,9.372274,7.283579],"to":[9.833174,10.200909,8.940847],"rotation":{"angle":0.0,"axis":"x","origin":[7.983275,3.72577,11.773328]},"faces":{"down":{"uv":[7.25,3.5,6.25,5.0],"rotation":0,"texture":"#0","tintindex":0},"east":{"uv":[10.5,4.25,9.75,4.75],"rotation":0,"texture":"#0","tintindex":0},"north":{"uv":[7.0,3.5,6.0,5.0],"rotation":0,"texture":"#0","tintindex":0},"south":{"uv":[7.0,3.5,6.0,5.0],"rotation":0,"texture":"#0","tintindex":0},"up":{"uv":[10.75,3.5,9.75,4.5],"rotation":0,"texture":"#0","tintindex":0},"west":{"uv":[10.5,4.25,9.75,4.75],"rotation":0,"texture":"#0","tintindex":0}}},{"name":"upperbody","from":[6.0451307,10.200909,6.3365674],"to":[7.1105185,10.792789,8.940847],"rotation":{"angle":0.0,"axis":"x","origin":[7.983275,3.72577,11.773328]},"faces":{"down":{"uv":[10.25,3.5,9.75,4.25],"rotation":0,"texture":"#0","tintindex":0},"east":{"uv":[10.75,3.5,9.75,4.5],"rotation":0,"texture":"#0","tintindex":0},"north":{"uv":[11.25,4.5,10.75,4.75],"rotation":0,"texture":"#0","tintindex":0},"south":{"uv":[7.0,3.5,6.0,5.0],"rotation":0,"texture":"#0","tintindex":0},"up":{"uv":[11.25,4.0,10.75,4.75],"rotation":0,"texture":"#0","tintindex":0},"west":{"uv":[11.5,4.25,10.75,4.5],"rotation":0,"texture":"#0","tintindex":0}}},{"name":"upperbody","from":[5.985943,10.200909,6.218192],"to":[7.0513296,10.200909,7.283579],"rotation":{"angle":0.0,"axis":"x","origin":[7.983275,3.72577,11.773328]},"faces":{"down":{"uv":[9.75,5.5,9.5,5.75],"rotation":0,"texture":"#0","tintindex":0},"east":{"uv":[9.75,5.5,9.5,5.75],"rotation":0,"texture":"#0","tintindex":0},"north":{"uv":[9.75,5.5,9.5,5.75],"rotation":0,"texture":"#0","tintindex":0},"south":{"uv":[9.75,5.5,9.5,5.75],"rotation":0,"texture":"#0","tintindex":0},"up":{"uv":[9.75,5.5,9.5,5.75],"rotation":0,"texture":"#0","tintindex":0},"west":{"uv":[9.75,5.5,9.5,5.75],"rotation":0,"texture":"#0","tintindex":0}}},{"name":"upperbody","from":[8.826975,10.200909,6.218192],"to":[9.892363,10.200909,7.283579],"rotation":{"angle":0.0,"axis":"x","origin":[7.983275,3.72577,11.773328]},"faces":{"down":{"uv":[9.75,5.5,9.5,5.75],"rotation":0,"texture":"#0","tintindex":0},"east":{"uv":[9.75,5.5,9.5,5.75],"rotation":0,"texture":"#0","tintindex":0},"north":{"uv":[9.75,5.5,9.5,5.75],"rotation":0,"texture":"#0","tintindex":0},"south":{"uv":[9.75,5.5,9.5,5.75],"rotation":0,"texture":"#0","tintindex":0},"up":{"uv":[9.75,5.5,9.5,5.75],"rotation":0,"texture":"#0","tintindex":0},"west":{"uv":[9.75,5.5,9.5,5.75],"rotation":0,"texture":"#0","tintindex":0}}},{"name":"upperbody","from":[6.0451307,7.0047464,6.3365674],"to":[7.1105185,9.372274,8.940847],"rotation":{"angle":0.0,"axis":"x","origin":[7.983275,3.72577,11.773328]},"faces":{"down":{"uv":[7.25,3.5,6.25,5.0],"rotation":0,"texture":"#0","tintindex":0},"east":{"uv":[10.75,3.5,9.75,4.5],"rotation":0,"texture":"#0","tintindex":0},"north":{"uv":[10.25,4.0,10.75,5.0],"rotation":0,"texture":"#0","tintindex":0},"south":{"uv":[10.25,3.5,9.75,4.5],"rotation":0,"texture":"#0","tintindex":0},"up":{"uv":[10.75,3.5,9.75,4.5],"rotation":0,"texture":"#0","tintindex":0},"west":{"uv":[11.25,4.0,10.25,5.0],"rotation":0,"texture":"#0","tintindex":0}}},{"name":"upperbody","from":[8.767787,10.200909,6.3365674],"to":[9.833174,10.792789,8.940847],"rotation":{"angle":0.0,"axis":"x","origin":[7.983275,3.72577,11.773328]},"faces":{"down":{"uv":[10.25,3.5,9.75,4.25],"rotation":0,"texture":"#0","tintindex":0},"east":{"uv":[11.5,4.25,10.75,4.5],"rotation":0,"texture":"#0","tintindex":0},"north":{"uv":[11.25,4.5,10.75,4.75],"rotation":0,"texture":"#0","tintindex":0},"south":{"uv":[7.0,3.5,6.0,5.0],"rotation":0,"texture":"#0","tintindex":0},"up":{"uv":[11.25,4.0,10.75,4.75],"rotation":0,"texture":"#0","tintindex":0},"west":{"uv":[10.75,3.5,9.75,4.5],"rotation":0,"texture":"#0","tintindex":0}}},{"name":"upperbody","from":[8.886164,7.0047464,6.3365674],"to":[9.833174,9.372274,8.940847],"rotation":{"angle":0.0,"axis":"x","origin":[7.983275,3.72577,11.773328]},"faces":{"down":{"uv":[7.25,3.5,6.25,5.0],"rotation":0,"texture":"#0","tintindex":0},"east":{"uv":[10.25,4.0,11.25,5.0],"rotation":0,"texture":"#0","tintindex":0},"north":{"uv":[10.25,4.0,10.75,5.0],"rotation":0,"texture":"#0","tintindex":0},"south":{"uv":[10.25,3.5,9.75,4.5],"rotation":0,"texture":"#0","tintindex":0},"up":{"uv":[10.75,3.5,9.75,4.5],"rotation":0,"texture":"#0","tintindex":0},"west":{"uv":[10.75,3.5,9.75,4.5],"rotation":0,"texture":"#0","tintindex":0}}},{"name":"upperbody","from":[6.1635075,9.372274,6.4549437],"to":[6.755389,10.200909,7.283579],"rotation":{"angle":0.0,"axis":"x","origin":[7.983275,3.72577,11.773328]},"faces":{"down":{"uv":[4.5,2.75,3.5,3.5],"rotation":0,"texture":"#0","tintindex":0},"east":{"uv":[4.5,2.75,3.5,3.5],"rotation":0,"texture":"#0","tintindex":0},"north":{"uv":[4.25,3.5,3.25,2.75],"rotation":0,"texture":"#0","tintindex":0},"south":{"uv":[4.5,2.75,3.5,3.5],"rotation":0,"texture":"#0","tintindex":0},"up":{"uv":[4.5,2.75,3.5,3.5],"rotation":0,"texture":"#0","tintindex":0},"west":{"uv":[3.5,3.5,4.25,2.75],"rotation":0,"texture":"#0","tintindex":0}}},{"name":"upperbody","from":[9.122916,9.372274,6.4549437],"to":[9.714798,10.200909,7.283579],"rotation":{"angle":0.0,"axis":"x","origin":[7.983275,3.72577,11.773328]},"faces":{"down":{"uv":[4.5,2.75,3.5,3.5],"rotation":0,"texture":"#0","tintindex":0},"east":{"uv":[4.25,3.5,3.5,2.75],"rotation":0,"texture":"#0","tintindex":0},"north":{"uv":[3.25,3.5,4.25,2.75],"rotation":0,"texture":"#0","tintindex":0},"south":{"uv":[4.5,2.75,3.5,3.5],"rotation":0,"texture":"#0","tintindex":0},"up":{"uv":[4.5,2.75,3.5,3.5],"rotation":0,"texture":"#0","tintindex":0},"west":{"uv":[4.5,2.75,3.5,3.5],"rotation":0,"texture":"#0","tintindex":0}}},{"name":"upperbody","from":[5.1346493,10.277247,8.110518],"to":[6.6752367,12.530635,8.584024],"rotation":{"angle":45.0,"axis":"z","origin":[6.6957774,10.969507,8.347271]},"faces":{"down":{"uv":[7.25,3.5,6.25,5.0],"rotation":0,"texture":"#0","tintindex":0},"east":{"uv":[8.5,3.5,8.25,4.0],"rotation":0,"texture":"#0","tintindex":0},"north":{"uv":[13.75,1.5,12.75,2.75],"rotation":0,"texture":"#0","tintindex":0},"south":{"uv":[8.75,3.5,8.25,4.0],"rotation":0,"texture":"#0","tintindex":0},"up":{"uv":[8.5,3.5,8.25,4.0],"rotation":90,"texture":"#0","tintindex":0},"west":{"uv":[8.5,3.5,8.25,4.0],"rotation":0,"texture":"#0","tintindex":0}}},{"name":"upperbody","from":[9.203069,10.277247,8.110518],"to":[10.743656,12.530635,8.584024],"rotation":{"angle":-45.0,"axis":"z","origin":[9.182528,10.969507,8.347271]},"faces":{"down":{"uv":[7.25,3.5,6.25,5.0],"rotation":0,"texture":"#0","tintindex":0},"east":{"uv":[8.5,3.5,8.25,4.0],"rotation":0,"texture":"#0","tintindex":0},"north":{"uv":[13.75,1.5,12.75,2.75],"rotation":0,"texture":"#0","tintindex":0},"south":{"uv":[8.75,3.5,8.25,4.0],"rotation":0,"texture":"#0","tintindex":0},"up":{"uv":[8.5,3.5,8.25,4.0],"rotation":90,"texture":"#0","tintindex":0},"west":{"uv":[8.5,3.5,8.25,4.0],"rotation":0,"texture":"#0","tintindex":0}}},{"name":"upperbody","from":[7.1105185,7.33012,4.6610274],"to":[8.767787,10.052776,7.50206],"rotation":{"angle":-22.5,"axis":"x","origin":[7.9391527,8.691447,6.081544]},"faces":{"down":{"uv":[7.25,3.5,6.25,5.0],"rotation":0,"texture":"#0","tintindex":0},"east":{"uv":[11.25,4.0,10.25,5.0],"rotation":0,"texture":"#0","tintindex":0},"north":{"uv":[7.0,3.5,6.0,5.0],"rotation":0,"texture":"#0","tintindex":0},"south":{"uv":[7.0,3.5,6.0,5.0],"rotation":0,"texture":"#0","tintindex":0},"up":{"uv":[10.25,6.0,9.0,7.0],"rotation":0,"texture":"#0","tintindex":0},"west":{"uv":[10.25,4.0,11.25,5.0],"rotation":0,"texture":"#0","tintindex":0}}},{"name":"upperbody","from":[6.9917183,10.318281,6.044171],"to":[8.886587,11.971738,7.9348035],"rotation":{"angle":-22.5,"axis":"x","origin":[7.983275,3.72577,11.654528]},"faces":{"down":{"uv":[7.25,3.5,6.25,5.0],"rotation":0,"texture":"#0","tintindex":0},"east":{"uv":[11.25,4.0,10.25,5.0],"rotation":0,"texture":"#0","tintindex":0},"north":{"uv":[7.0,3.5,6.0,5.0],"rotation":0,"texture":"#0","tintindex":0},"south":{"uv":[7.0,3.5,6.0,5.0],"rotation":0,"texture":"#0","tintindex":0},"up":{"uv":[10.25,5.0,9.0,6.0],"rotation":0,"texture":"#0","tintindex":0},"west":{"uv":[10.25,4.0,11.25,5.0],"rotation":0,"texture":"#0","tintindex":0}}},{"name":"upperbody","from":[6.9921417,6.9025893,4.0778136],"to":[8.886164,8.323106,5.4391413],"rotation":{"angle":0.0,"axis":"x","origin":[7.983275,3.72577,11.654528]},"faces":{"down":{"uv":[9.0,3.5,8.0,4.25],"rotation":0,"texture":"#0","tintindex":0},"east":{"uv":[9.0,3.5,8.0,4.25],"rotation":0,"texture":"#0","tintindex":0},"north":{"uv":[9.0,3.5,8.0,4.25],"rotation":0,"texture":"#0","tintindex":0},"south":{"uv":[9.0,3.5,8.0,4.25],"rotation":0,"texture":"#0","tintindex":0},"up":{"uv":[9.0,3.5,8.0,4.25],"rotation":0,"texture":"#0","tintindex":0},"west":{"uv":[9.0,3.5,8.0,4.25],"rotation":0,"texture":"#0","tintindex":0}}},{"name":"upperbody","from":[7.2301655,10.620474,5.9378357],"to":[8.64814,12.040142,7.1199055],"rotation":{"angle":-22.5,"axis":"x","origin":[7.983275,3.72577,11.773328]},"faces":{"down":{"uv":[15.75,0.5,15.0,1.0],"rotation":0,"texture":"#0","tintindex":0},"east":{"uv":[15.5,0.25,14.75,1.25],"rotation":0,"texture":"#0","tintindex":0},"north":{"uv":[15.75,1.25,14.75,2.25],"rotation":0,"texture":"#0","tintindex":0},"south":{"uv":[15.75,0.5,15.0,1.0],"rotation":0,"texture":"#0","tintindex":0},"up":{"uv":[15.75,1.5,14.75,2.5],"rotation":0,"texture":"#0","tintindex":0},"west":{"uv":[15.75,0.25,15.0,1.25],"rotation":0,"texture":"#0","tintindex":0}}}],"display":{"head":{"translation":[0.0,-6.4,0.0],"rotation":[0.0,0.0,0.0],"scale":[3.8095,3.8095,3.8095]}}}