{"textures":{"0":"modelengine:entity/deer"},"elements":[{"name":"upperbody","from":[6.3105035,8.217038,5.14197],"to":[9.453667,15.712274,7.80157],"rotation":{"angle":-22.5,"axis":"x","origin":[7.9271445,8.93339,8.644848]},"faces":{"down":{"uv":[1.5,5.0,0.0,7.0],"rotation":0,"texture":"#0","tintindex":0},"east":{"uv":[12.0,3.75,9.75,5.0],"rotation":270,"texture":"#0","tintindex":0},"north":{"uv":[7.5,5.0,6.0,7.25],"rotation":180,"texture":"#0","tintindex":0},"south":{"uv":[10.5,3.5,9.75,5.0],"rotation":0,"texture":"#0","tintindex":0},"up":{"uv":[10.5,7.5,9.5,8.5],"rotation":0,"texture":"#0","tintindex":0},"west":{"uv":[12.0,5.0,9.75,3.75],"rotation":270,"texture":"#0","tintindex":0}}},{"name":"upperbody","from":[6.7940674,7.8533006,8.1603775],"to":[8.970103,15.711208,10.100904],"rotation":{"angle":-45.0,"axis":"x","origin":[7.9271445,8.93339,8.644848]},"faces":{"down":{"uv":[7.25,3.5,6.25,5.0],"rotation":0,"texture":"#0","tintindex":0},"east":{"uv":[12.0,3.5,9.75,4.25],"rotation":90,"texture":"#0","tintindex":0},"north":{"uv":[7.0,3.5,6.0,5.0],"rotation":0,"texture":"#0","tintindex":0},"south":{"uv":[10.25,5.0,9.25,7.25],"rotation":0,"texture":"#0","tintindex":0},"up":{"uv":[10.5,7.5,9.5,8.5],"rotation":0,"texture":"#0","tintindex":0},"west":{"uv":[12.0,3.5,9.75,4.25],"rotation":90,"texture":"#0","tintindex":0}}}],"display":{"head":{"translation":[0.0,-6.4,0.0],"rotation":[0.0,0.0,0.0],"scale":[3.8095,3.8095,3.8095]}}}