{"textures":{"0":"modelengine:entity/deer"},"elements":[{"name":"leg6","from":[7.60837,4.893875,5.7922544],"to":[9.421734,9.004166,8.330963],"rotation":{"angle":-22.5,"axis":"x","origin":[6.4445205,9.6485405,8.915712]},"faces":{"down":{"uv":[10.5,3.5,9.75,5.0],"rotation":0,"texture":"#0","tintindex":0},"east":{"uv":[10.5,3.5,9.75,5.0],"rotation":0,"texture":"#0","tintindex":0},"north":{"uv":[10.5,3.5,9.75,5.0],"rotation":0,"texture":"#0","tintindex":0},"south":{"uv":[10.5,3.5,9.75,5.0],"rotation":0,"texture":"#0","tintindex":0},"up":{"uv":[10.5,3.5,9.75,5.0],"rotation":0,"texture":"#0","tintindex":0},"west":{"uv":[10.5,3.5,9.75,5.0],"rotation":0,"texture":"#0","tintindex":0}}},{"name":"leg7","from":[7.729261,6.9317083,7.0625286],"to":[9.5426235,9.712198,10.326582],"rotation":{"angle":22.5,"axis":"x","origin":[6.4445205,9.6485405,8.915712]},"faces":{"down":{"uv":[13.75,1.5,12.75,3.25],"rotation":0,"texture":"#0","tintindex":0},"east":{"uv":[14.0,2.0,12.75,3.25],"rotation":0,"texture":"#0","tintindex":0},"north":{"uv":[14.0,2.0,13.25,3.25],"rotation":0,"texture":"#0","tintindex":0},"south":{"uv":[13.75,1.5,12.75,3.25],"rotation":0,"texture":"#0","tintindex":0},"up":{"uv":[14.0,2.0,13.25,3.25],"rotation":0,"texture":"#0","tintindex":0},"west":{"uv":[13.75,1.5,12.75,3.25],"rotation":0,"texture":"#0","tintindex":0}}}],"display":{"head":{"translation":[0.0,-6.4,0.0],"rotation":[0.0,0.0,0.0],"scale":[3.8095,3.8095,3.8095]}}}