{"textures":{"0":"modelengine:entity/deer"},"elements":[{"name":"leg5","from":[8.655331,0.67300916,5.5025806],"to":[10.831366,5.5086446,8.403961],"rotation":{"angle":-22.5,"axis":"x","origin":[7.1288085,9.205357,1.8542404]},"faces":{"down":{"uv":[10.5,3.5,9.75,5.0],"rotation":0,"texture":"#0","tintindex":0},"east":{"uv":[10.5,3.5,9.75,5.0],"rotation":0,"texture":"#0","tintindex":0},"north":{"uv":[10.5,3.5,9.75,5.0],"rotation":0,"texture":"#0","tintindex":0},"south":{"uv":[10.5,3.5,9.75,5.0],"rotation":0,"texture":"#0","tintindex":0},"up":{"uv":[10.5,3.5,9.75,5.0],"rotation":0,"texture":"#0","tintindex":0},"west":{"uv":[10.5,3.5,9.75,5.0],"rotation":0,"texture":"#0","tintindex":0}}},{"name":"leg6","from":[7.8090944,6.4806976,6.6349335],"to":[10.952257,9.744751,10.019878],"rotation":{"angle":0.0,"axis":"x","origin":[7.1288085,9.205357,1.8542404]},"faces":{"down":{"uv":[10.75,3.5,9.75,4.5],"rotation":0,"texture":"#0","tintindex":0},"east":{"uv":[10.75,3.5,9.75,4.5],"rotation":0,"texture":"#0","tintindex":0},"north":{"uv":[10.75,3.5,9.75,4.5],"rotation":0,"texture":"#0","tintindex":0},"south":{"uv":[10.75,3.5,9.75,4.5],"rotation":0,"texture":"#0","tintindex":0},"up":{"uv":[10.75,3.5,9.75,4.5],"rotation":0,"texture":"#0","tintindex":0},"west":{"uv":[10.75,3.5,9.75,4.5],"rotation":0,"texture":"#0","tintindex":0}}}],"display":{"head":{"translation":[0.0,-6.4,0.0],"rotation":[0.0,0.0,0.0],"scale":[3.8095,3.8095,3.8095]}}}