{"textures":{"0":"modelengine:entity/bearmeg","1":"modelengine:entity/beararmor"},"elements":[{"name":"box1","from":[2.5571446,3.2163694,4.3734684],"to":[13.247768,13.57614,11.10732],"rotation":{"angle":0.0,"axis":"x","origin":[6.776886,10.6773615,-0.5617945]},"faces":{"down":{"uv":[2.25,6.75,0.0,8.125],"rotation":0,"texture":"#0","tintindex":0},"east":{"uv":[8.625,0.0,7.25,2.125],"rotation":0,"texture":"#0","tintindex":0},"north":{"uv":[2.5,2.5,4.75,4.625],"rotation":0,"texture":"#0","tintindex":0},"south":{"uv":[2.5,0.0,4.75,2.125],"rotation":0,"texture":"#0","tintindex":0},"up":{"uv":[7.25,8.0,5.0,6.625],"rotation":0,"texture":"#0","tintindex":0},"west":{"uv":[7.25,0.0,8.625,2.125],"rotation":0,"texture":"#0","tintindex":0}}},{"name":"box2","from":[1.3571445,7.85,4.3734684],"to":[2.4477682,13.409771,11.70732],"rotation":{"angle":0.0,"axis":"x","origin":[5.5768867,10.6773615,-0.5617945]},"faces":{"down":{"uv":[11.125,1.75,10.875,3.25],"rotation":0,"texture":"#1","tintindex":0},"east":{"uv":[8.375,7.125,9.875,8.25],"rotation":0,"texture":"#1","tintindex":0},"north":{"uv":[4.0,11.125,4.25,12.25],"rotation":0,"texture":"#1","tintindex":0},"south":{"uv":[4.25,11.125,4.5,12.25],"rotation":0,"texture":"#1","tintindex":0},"up":{"uv":[11.125,12.375,10.875,10.875],"rotation":0,"texture":"#1","tintindex":0},"west":{"uv":[4.5,8.75,6.0,9.875],"rotation":0,"texture":"#1","tintindex":0}}},{"name":"box3","from":[13.357144,7.856599,4.9734683],"to":[14.447768,13.416369,12.30732],"rotation":{"angle":0.0,"axis":"x","origin":[17.576887,10.68396,0.038205385]},"faces":{"down":{"uv":[10.875,10.875,10.625,12.375],"rotation":0,"texture":"#1","tintindex":0},"east":{"uv":[6.0,8.75,4.5,9.875],"rotation":0,"texture":"#1","tintindex":0},"north":{"uv":[4.25,11.125,4.0,12.25],"rotation":0,"texture":"#1","tintindex":0},"south":{"uv":[4.5,11.125,4.25,12.25],"rotation":0,"texture":"#1","tintindex":0},"up":{"uv":[9.625,11.875,9.375,10.375],"rotation":0,"texture":"#1","tintindex":0},"west":{"uv":[8.375,6.0,9.875,7.125],"rotation":0,"texture":"#1","tintindex":0}}},{"name":"box4","from":[13.1,9.056599,2.1799998],"to":[14.190619,14.61637,5.18],"rotation":{"angle":0.0,"axis":"x","origin":[16.976887,11.88396,-2.9617949]},"faces":{"down":{"uv":[11.25,9.0,11.0,9.625],"rotation":0,"texture":"#1","tintindex":0},"east":{"uv":[0.625,10.5,0.0,11.625],"rotation":0,"texture":"#1","tintindex":0},"north":{"uv":[11.125,3.25,10.875,4.375],"rotation":0,"texture":"#1","tintindex":0},"south":{"uv":[5.25,3.0,5.5,4.125],"rotation":0,"texture":"#1","tintindex":0},"up":{"uv":[11.0,9.625,10.75,9.0],"rotation":0,"texture":"#1","tintindex":0},"west":{"uv":[8.75,10.375,9.375,11.5],"rotation":0,"texture":"#1","tintindex":0}}},{"name":"box5","from":[1.5199996,9.056599,2.1799998],"to":[2.61062,14.61637,5.18],"rotation":{"angle":0.0,"axis":"x","origin":[5.5768867,11.88396,-2.9617949]},"faces":{"down":{"uv":[11.375,6.375,11.125,7.0],"rotation":0,"texture":"#1","tintindex":0},"east":{"uv":[10.375,0.0,11.0,1.125],"rotation":0,"texture":"#1","tintindex":0},"north":{"uv":[10.875,3.25,11.125,4.375],"rotation":0,"texture":"#1","tintindex":0},"south":{"uv":[10.875,5.75,11.125,6.875],"rotation":0,"texture":"#1","tintindex":0},"up":{"uv":[11.375,6.375,11.125,5.75],"rotation":0,"texture":"#1","tintindex":0},"west":{"uv":[0.0,10.5,0.625,11.625],"rotation":0,"texture":"#1","tintindex":0}}},{"name":"box5","from":[13.1,9.056599,11.54],"to":[14.190619,14.61637,14.54],"rotation":{"angle":0.0,"axis":"x","origin":[16.976887,11.88396,6.0382056]},"faces":{"down":{"uv":[3.625,11.25,3.375,11.875],"rotation":0,"texture":"#1","tintindex":0},"east":{"uv":[1.875,10.5,1.25,11.625],"rotation":0,"texture":"#1","tintindex":0},"north":{"uv":[11.125,11.125,11.375,12.25],"rotation":0,"texture":"#1","tintindex":0},"south":{"uv":[5.0,11.125,4.75,12.25],"rotation":0,"texture":"#1","tintindex":0},"up":{"uv":[3.375,11.875,3.125,11.25],"rotation":0,"texture":"#1","tintindex":0},"west":{"uv":[2.5,10.5,3.125,11.625],"rotation":0,"texture":"#1","tintindex":0}}},{"name":"box6","from":[1.5199996,9.056599,11.54],"to":[2.61062,14.61637,14.54],"rotation":{"angle":0.0,"axis":"x","origin":[5.5768867,11.88396,6.0382056]},"faces":{"down":{"uv":[11.375,7.625,11.125,8.25],"rotation":0,"texture":"#1","tintindex":0},"east":{"uv":[0.625,10.5,1.25,11.625],"rotation":0,"texture":"#1","tintindex":0},"north":{"uv":[4.5,11.125,4.75,12.25],"rotation":0,"texture":"#1","tintindex":0},"south":{"uv":[4.75,11.125,5.0,12.25],"rotation":0,"texture":"#1","tintindex":0},"up":{"uv":[11.375,7.625,11.125,7.0],"rotation":0,"texture":"#1","tintindex":0},"west":{"uv":[1.25,10.5,1.875,11.625],"rotation":0,"texture":"#1","tintindex":0}}},{"name":"box7","from":[0.9199996,8.456598,13.34],"to":[2.0106199,12.21637,17.54],"rotation":{"angle":0.0,"axis":"x","origin":[4.9768867,11.28396,7.838206]},"faces":{"down":{"uv":[8.25,6.0,8.0,6.875],"rotation":0,"texture":"#1","tintindex":0},"east":{"uv":[4.5,5.875,5.375,6.625],"rotation":0,"texture":"#1","tintindex":0},"north":{"uv":[11.125,2.875,11.375,3.625],"rotation":0,"texture":"#1","tintindex":0},"south":{"uv":[11.125,3.625,11.375,4.375],"rotation":0,"texture":"#1","tintindex":0},"up":{"uv":[8.0,6.875,7.75,6.0],"rotation":0,"texture":"#1","tintindex":0},"west":{"uv":[3.125,10.5,4.0,11.25],"rotation":0,"texture":"#1","tintindex":0}}},{"name":"box8","from":[13.52,8.456598,13.34],"to":[15.320001,9.956598,15.14],"rotation":{"angle":0.0,"axis":"x","origin":[17.576887,11.28396,7.838206]},"faces":{"down":{"uv":[6.5,11.25,6.125,11.625],"rotation":0,"texture":"#1","tintindex":0},"east":{"uv":[3.625,11.25,4.0,11.625],"rotation":0,"texture":"#1","tintindex":0},"north":{"uv":[4.125,9.5,4.5,9.875],"rotation":0,"texture":"#1","tintindex":0},"south":{"uv":[5.0,11.25,5.375,11.625],"rotation":0,"texture":"#1","tintindex":0},"up":{"uv":[6.125,11.625,5.75,11.25],"rotation":0,"texture":"#1","tintindex":0},"west":{"uv":[5.375,11.25,5.75,11.625],"rotation":0,"texture":"#1","tintindex":0}}},{"name":"box9","from":[13.94,1.8565979,14.54],"to":[14.84,3.356598,15.440001],"rotation":{"angle":-45.0,"axis":"x","origin":[17.576887,4.68396,9.038206]},"faces":{"down":{"uv":[10.375,11.25,10.625,11.625],"rotation":0,"texture":"#1","tintindex":0},"east":{"uv":[10.375,11.25,10.625,11.625],"rotation":0,"texture":"#1","tintindex":0},"north":{"uv":[10.625,11.25,10.375,11.625],"rotation":0,"texture":"#1","tintindex":0},"south":{"uv":[10.625,11.25,10.375,11.625],"rotation":0,"texture":"#1","tintindex":0},"up":{"uv":[9.75,6.0,9.5,5.75],"rotation":0,"texture":"#1","tintindex":0},"west":{"uv":[11.25,0.375,11.5,0.75],"rotation":0,"texture":"#1","tintindex":0}}},{"name":"box10","from":[13.94,1.1599998,15.5],"to":[14.54,2.66,16.1],"rotation":{"angle":-45.0,"axis":"x","origin":[17.576887,4.0839596,10.238206]},"faces":{"down":{"uv":[5.375,5.875,5.5,6.25],"rotation":0,"texture":"#1","tintindex":0},"east":{"uv":[5.375,5.875,5.5,6.25],"rotation":0,"texture":"#1","tintindex":0},"north":{"uv":[5.375,5.875,5.5,6.25],"rotation":0,"texture":"#1","tintindex":0},"south":{"uv":[5.375,5.875,5.5,6.25],"rotation":0,"texture":"#1","tintindex":0},"up":{"uv":[5.0,2.375,4.875,2.25],"rotation":0,"texture":"#1","tintindex":0},"west":{"uv":[7.625,1.75,7.75,2.125],"rotation":0,"texture":"#1","tintindex":0}}},{"name":"box10","from":[13.64,4.856598,13.34],"to":[15.14,6.356599,14.84],"rotation":{"angle":-22.5,"axis":"x","origin":[17.576887,7.68396,7.838206]},"faces":{"down":{"uv":[10.375,11.25,10.0,11.625],"rotation":0,"texture":"#1","tintindex":0},"east":{"uv":[6.875,11.25,7.25,11.625],"rotation":0,"texture":"#1","tintindex":0},"north":{"uv":[6.875,11.25,7.25,11.625],"rotation":0,"texture":"#1","tintindex":0},"south":{"uv":[7.25,11.25,6.875,11.625],"rotation":0,"texture":"#1","tintindex":0},"up":{"uv":[10.0,11.625,9.625,11.25],"rotation":0,"texture":"#1","tintindex":0},"west":{"uv":[7.625,11.25,8.0,11.625],"rotation":0,"texture":"#1","tintindex":0}}},{"name":"box2","from":[1.3571445,13.416369,4.3734684],"to":[14.447768,14.776141,12.30732],"rotation":{"angle":0.0,"axis":"x","origin":[6.776886,11.877361,0.6382055]},"faces":{"down":{"uv":[5.5,4.25,2.75,5.875],"rotation":0,"texture":"#1","tintindex":0},"east":{"uv":[12.375,8.75,10.75,9.0],"rotation":0,"texture":"#1","tintindex":0},"north":{"uv":[10.25,4.5,13.0,4.75],"rotation":0,"texture":"#1","tintindex":0},"south":{"uv":[10.25,4.75,13.0,5.0],"rotation":0,"texture":"#1","tintindex":0},"up":{"uv":[2.75,5.875,0.0,4.25],"rotation":0,"texture":"#1","tintindex":0},"west":{"uv":[10.75,8.75,12.375,9.0],"rotation":0,"texture":"#1","tintindex":0}}},{"name":"box3","from":[1.2199997,16.640001,1.8199997],"to":[14.54,17.999771,4.353851],"rotation":{"angle":22.5,"axis":"x","origin":[6.776886,14.877361,-3.5617948]},"faces":{"down":{"uv":[12.375,9.625,9.625,10.125],"rotation":0,"texture":"#1","tintindex":0},"east":{"uv":[5.5,6.625,5.0,6.875],"rotation":0,"texture":"#1","tintindex":0},"north":{"uv":[10.625,10.625,13.375,10.875],"rotation":0,"texture":"#1","tintindex":0},"south":{"uv":[10.625,10.125,13.375,10.375],"rotation":0,"texture":"#1","tintindex":0},"up":{"uv":[4.125,10.0,1.375,9.5],"rotation":0,"texture":"#1","tintindex":0},"west":{"uv":[5.0,6.625,5.5,6.875],"rotation":0,"texture":"#1","tintindex":0}}},{"name":"box4","from":[1.8199997,11.48,13.334315],"to":[13.94,12.839772,15.868168],"rotation":{"angle":-22.5,"axis":"x","origin":[6.9140315,9.99572,7.799053]},"faces":{"down":{"uv":[3.875,10.0,1.375,10.5],"rotation":0,"texture":"#1","tintindex":0},"east":{"uv":[5.625,9.875,5.125,10.125],"rotation":0,"texture":"#1","tintindex":0},"north":{"uv":[10.625,10.375,13.125,10.625],"rotation":0,"texture":"#1","tintindex":0},"south":{"uv":[10.75,8.25,13.25,8.5],"rotation":0,"texture":"#1","tintindex":0},"up":{"uv":[4.875,2.375,2.375,1.875],"rotation":0,"texture":"#1","tintindex":0},"west":{"uv":[5.125,9.875,5.625,10.125],"rotation":0,"texture":"#1","tintindex":0}}},{"name":"box2","from":[13.49,5.0163693,3.7734685],"to":[13.49,13.57614,11.10732],"rotation":{"angle":0.0,"axis":"x","origin":[6.776886,10.077362,-1.1617947]},"faces":{"down":{"uv":[0.0,0.0,0.0,1.5],"rotation":0,"texture":"#1","tintindex":0},"east":{"uv":[1.5,7.75,3.0,9.5],"rotation":0,"texture":"#1","tintindex":0},"north":{"uv":[0.0,0.0,0.0,1.75],"rotation":0,"texture":"#1","tintindex":0},"south":{"uv":[0.0,0.0,0.0,1.75],"rotation":0,"texture":"#1","tintindex":0},"up":{"uv":[0.0,1.5,0.0,0.0],"rotation":0,"texture":"#1","tintindex":0},"west":{"uv":[3.0,7.75,1.5,9.5],"rotation":0,"texture":"#1","tintindex":0}}},{"name":"box2","from":[2.51,5.0163693,3.7734685],"to":[2.51,13.57614,11.10732],"rotation":{"angle":0.0,"axis":"x","origin":[6.776886,10.6773615,-0.5617945]},"faces":{"down":{"uv":[0.0,0.0,0.0,1.5],"rotation":0,"texture":"#1","tintindex":0},"east":{"uv":[1.5,7.75,3.0,9.5],"rotation":0,"texture":"#1","tintindex":0},"north":{"uv":[0.0,0.0,0.0,1.75],"rotation":0,"texture":"#1","tintindex":0},"south":{"uv":[0.0,0.0,0.0,1.75],"rotation":0,"texture":"#1","tintindex":0},"up":{"uv":[0.0,1.5,0.0,0.0],"rotation":0,"texture":"#1","tintindex":0},"west":{"uv":[3.0,7.75,1.5,9.5],"rotation":0,"texture":"#1","tintindex":0}}},{"name":"box1","from":[2.5165374,4.3892126,-0.61928105],"to":[13.394298,14.230996,4.891457],"rotation":{"angle":0.0,"axis":"x","origin":[8.0,10.6773615,-0.5617945]},"faces":{"down":{"uv":[9.5,2.125,7.25,3.25],"rotation":0,"texture":"#0","tintindex":0},"east":{"uv":[7.25,8.0,6.125,10.0],"rotation":0,"texture":"#0","tintindex":0},"north":{"uv":[2.5,4.625,4.75,6.625],"rotation":0,"texture":"#0","tintindex":0},"south":{"uv":[4.75,4.625,2.5,6.625],"rotation":0,"texture":"#0","tintindex":0},"up":{"uv":[9.25,5.75,7.0,4.625],"rotation":0,"texture":"#0","tintindex":0},"west":{"uv":[6.125,8.0,7.25,10.0],"rotation":0,"texture":"#0","tintindex":0}}},{"name":"box2","from":[2.2399995,4.1,-0.69400024],"to":[13.717759,14.541783,-0.69400024],"rotation":{"angle":0.0,"axis":"x","origin":[8.0,10.6773615,-0.5617945]},"faces":{"down":{"uv":[2.375,0.0,0.0,0.0],"rotation":0,"texture":"#1","tintindex":0},"east":{"uv":[0.0,0.0,0.0,2.125],"rotation":0,"texture":"#1","tintindex":0},"north":{"uv":[0.0,0.0,2.375,2.125],"rotation":0,"texture":"#1","tintindex":0},"south":{"uv":[2.375,0.0,0.0,2.125],"rotation":0,"texture":"#1","tintindex":0},"up":{"uv":[2.375,0.0,0.0,0.0],"rotation":0,"texture":"#1","tintindex":0},"west":{"uv":[0.0,0.0,0.0,2.125],"rotation":0,"texture":"#1","tintindex":0}}},{"name":"box3","from":[2.2399995,14.541783,-0.69400024],"to":[13.717759,14.541783,4.7959995],"rotation":{"angle":0.0,"axis":"x","origin":[8.0,10.6773615,-0.5617945]},"faces":{"down":{"uv":[5.5,4.375,7.875,5.5],"rotation":0,"texture":"#1","tintindex":0},"east":{"uv":[0.0,0.0,1.125,0.0],"rotation":0,"texture":"#1","tintindex":0},"north":{"uv":[0.0,0.0,2.375,0.0],"rotation":0,"texture":"#1","tintindex":0},"south":{"uv":[0.0,0.0,2.375,0.0],"rotation":0,"texture":"#1","tintindex":0},"up":{"uv":[7.875,5.5,5.5,4.375],"rotation":0,"texture":"#1","tintindex":0},"west":{"uv":[0.0,0.0,1.125,0.0],"rotation":0,"texture":"#1","tintindex":0}}},{"name":"box3","from":[13.717759,4.1,-0.69400024],"to":[13.717759,14.541783,4.7959995],"rotation":{"angle":0.0,"axis":"x","origin":[8.0,10.6773615,-0.5617945]},"faces":{"down":{"uv":[0.0,0.0,0.0,1.125],"rotation":0,"texture":"#1","tintindex":0},"east":{"uv":[9.0,3.875,7.875,6.0],"rotation":0,"texture":"#1","tintindex":0},"north":{"uv":[0.0,0.0,0.0,2.125],"rotation":0,"texture":"#1","tintindex":0},"south":{"uv":[0.0,0.0,0.0,2.125],"rotation":0,"texture":"#1","tintindex":0},"up":{"uv":[0.0,1.125,0.0,0.0],"rotation":0,"texture":"#1","tintindex":0},"west":{"uv":[7.875,3.875,9.0,6.0],"rotation":0,"texture":"#1","tintindex":0}}},{"name":"box3","from":[2.2399995,4.1,-0.69400024],"to":[2.2399995,14.541783,4.7959995],"rotation":{"angle":0.0,"axis":"x","origin":[8.0,10.6773615,-0.5617945]},"faces":{"down":{"uv":[0.0,0.0,0.0,1.125],"rotation":0,"texture":"#1","tintindex":0},"east":{"uv":[9.0,3.875,7.875,6.0],"rotation":0,"texture":"#1","tintindex":0},"north":{"uv":[0.0,0.0,0.0,2.125],"rotation":0,"texture":"#1","tintindex":0},"south":{"uv":[0.0,0.0,0.0,2.125],"rotation":0,"texture":"#1","tintindex":0},"up":{"uv":[0.0,1.125,0.0,0.0],"rotation":0,"texture":"#1","tintindex":0},"west":{"uv":[7.875,3.875,9.0,6.0],"rotation":0,"texture":"#1","tintindex":0}}},{"name":"box2","from":[2.962607,3.612169,17.784908],"to":[13.466094,12.56169,20.849419],"rotation":{"angle":0.0,"axis":"x","origin":[6.776886,11.9004755,6.776886]},"faces":{"down":{"uv":[10.875,0.625,8.625,1.25],"rotation":0,"texture":"#0","tintindex":0},"east":{"uv":[12.0,9.25,11.375,10.0],"rotation":0,"texture":"#0","tintindex":0},"north":{"uv":[4.75,4.75,7.0,6.625],"rotation":0,"texture":"#0","tintindex":0},"south":{"uv":[4.75,0.0,7.0,1.875],"rotation":0,"texture":"#0","tintindex":0},"up":{"uv":[10.875,0.625,8.625,0.0],"rotation":0,"texture":"#0","tintindex":0},"west":{"uv":[9.875,6.75,10.5,8.625],"rotation":0,"texture":"#0","tintindex":0}}},{"name":"box3","from":[2.962607,6.1399994,20.904907],"to":[13.58,12.689521,20.904308],"rotation":{"angle":0.0,"axis":"x","origin":[6.776886,11.9004755,6.776886]},"faces":{"down":{"uv":[2.25,0.0,0.0,0.0],"rotation":0,"texture":"#1","tintindex":0},"east":{"uv":[0.0,0.0,0.0,1.375],"rotation":0,"texture":"#1","tintindex":0},"north":{"uv":[5.5,5.5,7.75,6.875],"rotation":0,"texture":"#1","tintindex":0},"south":{"uv":[7.75,5.5,5.5,6.875],"rotation":0,"texture":"#1","tintindex":0},"up":{"uv":[2.25,0.0,0.0,0.0],"rotation":0,"texture":"#1","tintindex":0},"west":{"uv":[0.0,0.0,0.0,1.375],"rotation":0,"texture":"#1","tintindex":0}}},{"name":"box3","from":[2.96,12.689521,17.840397],"to":[13.58,12.689521,20.904907],"rotation":{"angle":0.0,"axis":"x","origin":[6.7742796,12.028307,6.8323755]},"faces":{"down":{"uv":[11.375,1.125,9.125,1.75],"rotation":0,"texture":"#1","tintindex":0},"east":{"uv":[0.0,0.0,0.625,0.0],"rotation":0,"texture":"#1","tintindex":0},"north":{"uv":[0.0,0.0,2.25,0.0],"rotation":0,"texture":"#1","tintindex":0},"south":{"uv":[0.0,0.0,2.25,0.0],"rotation":0,"texture":"#1","tintindex":0},"up":{"uv":[11.25,5.75,9.0,5.125],"rotation":0,"texture":"#1","tintindex":0},"west":{"uv":[0.0,0.0,0.625,0.0],"rotation":0,"texture":"#1","tintindex":0}}},{"name":"box3","from":[2.96,6.1399994,17.784908],"to":[2.96,12.689521,20.904907],"rotation":{"angle":0.0,"axis":"x","origin":[6.776886,11.9004755,6.776886]},"faces":{"down":{"uv":[0.0,0.0,0.0,0.625],"rotation":0,"texture":"#1","tintindex":0},"east":{"uv":[10.875,3.125,10.25,4.5],"rotation":0,"texture":"#1","tintindex":0},"north":{"uv":[0.0,0.0,0.0,1.375],"rotation":0,"texture":"#1","tintindex":0},"south":{"uv":[0.0,0.0,0.0,1.375],"rotation":0,"texture":"#1","tintindex":0},"up":{"uv":[0.0,0.625,0.0,0.0],"rotation":0,"texture":"#1","tintindex":0},"west":{"uv":[10.25,3.125,10.875,4.5],"rotation":0,"texture":"#1","tintindex":0}}},{"name":"box4","from":[13.5794,6.1399994,17.784908],"to":[13.5794,12.689521,20.904907],"rotation":{"angle":0.0,"axis":"x","origin":[17.396286,11.9004755,6.776886]},"faces":{"down":{"uv":[10.875,0.625,8.625,1.25],"rotation":0,"texture":"#1","tintindex":0},"east":{"uv":[10.875,3.125,10.25,4.5],"rotation":0,"texture":"#1","tintindex":0},"north":{"uv":[4.75,4.75,7.0,6.625],"rotation":0,"texture":"#1","tintindex":0},"south":{"uv":[4.75,0.0,7.0,1.875],"rotation":0,"texture":"#1","tintindex":0},"up":{"uv":[10.875,0.625,8.625,0.0],"rotation":0,"texture":"#1","tintindex":0},"west":{"uv":[10.25,3.125,10.875,4.5],"rotation":0,"texture":"#1","tintindex":0}}},{"name":"box2","from":[14.08658,5.3,11.0906],"to":[14.08658,14.295749,17.9906],"rotation":{"angle":0.0,"axis":"x","origin":[19.103466,10.972549,-0.56239486]},"faces":{"down":{"uv":[0.0,0.0,0.0,1.5],"rotation":0,"texture":"#1","tintindex":0},"east":{"uv":[6.0,6.875,4.5,8.75],"rotation":0,"texture":"#1","tintindex":0},"north":{"uv":[0.0,0.0,0.0,1.875],"rotation":0,"texture":"#1","tintindex":0},"south":{"uv":[0.0,0.0,0.0,1.875],"rotation":0,"texture":"#1","tintindex":0},"up":{"uv":[0.0,1.5,0.0,0.0],"rotation":0,"texture":"#1","tintindex":0},"west":{"uv":[4.5,6.875,6.0,8.75],"rotation":0,"texture":"#1","tintindex":0}}},{"name":"box3","from":[1.7593998,5.2993994,11.0906],"to":[1.7593998,14.295149,17.9906],"rotation":{"angle":0.0,"axis":"x","origin":[6.7762866,10.97195,-0.56239486]},"faces":{"down":{"uv":[0.0,0.0,0.0,1.5],"rotation":0,"texture":"#1","tintindex":0},"east":{"uv":[6.0,6.875,4.5,8.75],"rotation":0,"texture":"#1","tintindex":0},"north":{"uv":[0.0,0.0,0.0,1.875],"rotation":0,"texture":"#1","tintindex":0},"south":{"uv":[0.0,0.0,0.0,1.875],"rotation":0,"texture":"#1","tintindex":0},"up":{"uv":[0.0,1.5,0.0,0.0],"rotation":0,"texture":"#1","tintindex":0},"west":{"uv":[4.5,6.875,6.0,8.75],"rotation":0,"texture":"#1","tintindex":0}}},{"name":"box2","from":[2.1199996,2.6048126,11.10732],"to":[13.8465805,14.000561,17.841171],"rotation":{"angle":0.0,"axis":"x","origin":[6.776886,10.6773615,-0.5617945]},"faces":{"down":{"uv":[7.25,3.25,4.75,4.625],"rotation":0,"texture":"#0","tintindex":0},"east":{"uv":[5.0,6.625,3.625,9.0],"rotation":0,"texture":"#0","tintindex":0},"north":{"uv":[2.5,4.625,4.75,6.625],"rotation":0,"texture":"#0","tintindex":0},"south":{"uv":[4.75,0.0,7.0,1.875],"rotation":0,"texture":"#0","tintindex":0},"up":{"uv":[7.25,3.25,4.75,1.875],"rotation":0,"texture":"#0","tintindex":0},"west":{"uv":[3.625,6.625,5.0,9.0],"rotation":0,"texture":"#0","tintindex":0}}},{"name":"box3","from":[1.76,14.295749,11.0906],"to":[14.08658,14.295149,17.9906],"rotation":{"angle":0.0,"axis":"x","origin":[6.4168863,10.97195,-0.57851434]},"faces":{"down":{"uv":[7.625,1.5,5.0,3.0],"rotation":0,"texture":"#1","tintindex":0},"east":{"uv":[0.0,0.0,1.5,0.0],"rotation":0,"texture":"#1","tintindex":0},"north":{"uv":[0.0,0.0,2.625,0.0],"rotation":0,"texture":"#1","tintindex":0},"south":{"uv":[0.0,0.0,2.625,0.0],"rotation":0,"texture":"#1","tintindex":0},"up":{"uv":[7.625,1.5,5.0,0.0],"rotation":0,"texture":"#1","tintindex":0},"west":{"uv":[0.0,0.0,1.5,0.0],"rotation":0,"texture":"#1","tintindex":0}}},{"name":"box2","from":[1.7593998,5.2993994,11.0906],"to":[14.085979,14.295149,11.0906],"rotation":{"angle":0.0,"axis":"x","origin":[6.7762866,10.676762,-0.5611949]},"faces":{"down":{"uv":[7.25,3.25,4.75,4.625],"rotation":0,"texture":"#1","tintindex":0},"east":{"uv":[5.0,6.625,3.625,9.0],"rotation":0,"texture":"#1","tintindex":0},"north":{"uv":[6.0,12.0,8.568037,13.874114],"rotation":0,"texture":"#1","tintindex":0},"south":{"uv":[8.568037,12.0,6.0,13.874114],"rotation":0,"texture":"#1","tintindex":0},"up":{"uv":[7.25,3.25,4.75,1.875],"rotation":0,"texture":"#1","tintindex":0},"west":{"uv":[3.625,6.625,5.0,9.0],"rotation":0,"texture":"#1","tintindex":0}}},{"name":"box3","from":[1.76,5.2993994,17.99],"to":[14.08658,14.295149,17.99],"rotation":{"angle":0.0,"axis":"x","origin":[6.776886,10.676762,6.3382053]},"faces":{"down":{"uv":[2.625,0.0,0.0,0.0],"rotation":0,"texture":"#1","tintindex":0},"east":{"uv":[0.0,0.0,0.0,1.875],"rotation":0,"texture":"#1","tintindex":0},"north":{"uv":[5.0,0.0,2.375,1.875],"rotation":0,"texture":"#1","tintindex":0},"south":{"uv":[2.375,0.0,5.0,1.875],"rotation":0,"texture":"#1","tintindex":0},"up":{"uv":[2.625,0.0,0.0,0.0],"rotation":0,"texture":"#1","tintindex":0},"west":{"uv":[5.0,0.0,2.375,1.875],"rotation":0,"texture":"#1","tintindex":0}}}],"display":{"head":{"translation":[0.0,-6.4,0.0],"rotation":[0.0,0.0,0.0],"scale":[3.8095,3.8095,3.8095]}}}