{"textures":{"0":"modelengine:entity/bearmeg","1":"modelengine:entity/beararmor"},"elements":[{"name":"box1","from":[4.942216,11.052971,1.1007309],"to":[10.690849,16.750843,4.5395145],"rotation":{"angle":-45.0,"axis":"x","origin":[8.0,15.8231125,12.223114]},"faces":{"down":{"uv":[6.0,10.0,4.75,10.75],"rotation":0,"texture":"#0","tintindex":0},"east":{"uv":[10.75,8.625,10.0,9.75],"rotation":0,"texture":"#0","tintindex":0},"north":{"uv":[9.75,5.75,8.625,7.0],"rotation":0,"texture":"#0","tintindex":0},"south":{"uv":[8.625,5.75,9.75,7.0],"rotation":0,"texture":"#0","tintindex":0},"up":{"uv":[3.875,10.75,2.625,10.0],"rotation":0,"texture":"#0","tintindex":0},"west":{"uv":[10.0,8.625,10.75,9.75],"rotation":0,"texture":"#0","tintindex":0}}},{"name":"box2","from":[4.9286,16.751925,-0.35928464],"to":[10.7306,16.751925,4.8007145],"rotation":{"angle":-45.0,"axis":"x","origin":[8.111116,15.824193,12.222034]},"faces":{"down":{"uv":[10.25,4.0,9.0,5.125],"rotation":0,"texture":"#1","tintindex":0},"east":{"uv":[0.0,0.0,1.125,0.0],"rotation":0,"texture":"#1","tintindex":0},"north":{"uv":[0.0,0.0,1.25,0.0],"rotation":0,"texture":"#1","tintindex":0},"south":{"uv":[0.0,0.0,1.25,0.0],"rotation":0,"texture":"#1","tintindex":0},"up":{"uv":[10.25,5.125,9.0,4.0],"rotation":0,"texture":"#1","tintindex":0},"west":{"uv":[0.0,0.0,1.125,0.0],"rotation":0,"texture":"#1","tintindex":0}}},{"name":"box2","from":[4.928,11.052971,-0.3582065],"to":[4.928,16.752972,4.5617943],"rotation":{"angle":-45.0,"axis":"x","origin":[8.0,15.8231125,12.223114]},"faces":{"down":{"uv":[0.0,0.0,0.0,1.0],"rotation":0,"texture":"#1","tintindex":0},"east":{"uv":[7.125,10.125,6.125,11.25],"rotation":0,"texture":"#1","tintindex":0},"north":{"uv":[0.0,0.0,0.0,1.125],"rotation":0,"texture":"#1","tintindex":0},"south":{"uv":[0.0,0.0,0.0,1.125],"rotation":0,"texture":"#1","tintindex":0},"up":{"uv":[0.0,1.0,0.0,0.0],"rotation":0,"texture":"#1","tintindex":0},"west":{"uv":[6.125,10.125,7.125,11.25],"rotation":0,"texture":"#1","tintindex":0}}},{"name":"box3","from":[10.73,11.052971,-0.3582065],"to":[10.73,16.752972,4.5617943],"rotation":{"angle":-45.0,"axis":"x","origin":[14.0,15.8231125,12.223114]},"faces":{"down":{"uv":[0.0,0.0,0.0,1.0],"rotation":0,"texture":"#1","tintindex":0},"east":{"uv":[7.125,10.125,6.125,11.25],"rotation":0,"texture":"#1","tintindex":0},"north":{"uv":[0.0,0.0,0.0,1.125],"rotation":0,"texture":"#1","tintindex":0},"south":{"uv":[0.0,0.0,0.0,1.125],"rotation":0,"texture":"#1","tintindex":0},"up":{"uv":[0.0,1.0,0.0,0.0],"rotation":0,"texture":"#1","tintindex":0},"west":{"uv":[6.125,10.125,7.125,11.25],"rotation":0,"texture":"#1","tintindex":0}}},{"name":"box2","from":[6.401391,11.052971,-2.087315],"to":[9.3221855,12.031462,-2.087315],"rotation":{"angle":-45.0,"axis":"x","origin":[8.0,14.6,11.0]},"faces":{"down":{"uv":[0.625,0.0,0.0,0.0],"rotation":0,"texture":"#0","tintindex":0},"east":{"uv":[0.0,0.0,0.0,0.25],"rotation":0,"texture":"#0","tintindex":0},"north":{"uv":[12.0,9.75,12.625,10.0],"rotation":0,"texture":"#0","tintindex":0},"south":{"uv":[12.625,9.75,12.0,10.0],"rotation":0,"texture":"#0","tintindex":0},"up":{"uv":[0.625,0.0,0.0,0.0],"rotation":0,"texture":"#0","tintindex":0},"west":{"uv":[0.0,0.0,0.0,0.25],"rotation":0,"texture":"#0","tintindex":0}}},{"name":"box3","from":[6.409952,11.909151,-1.7203808],"to":[6.409952,12.887641,1.2004182],"rotation":{"angle":-45.0,"axis":"x","origin":[4.3306594,14.6,12.223114]},"faces":{"down":{"uv":[0.0,0.0,0.0,0.625],"rotation":0,"texture":"#0","tintindex":0},"east":{"uv":[11.75,12.125,11.125,12.375],"rotation":0,"texture":"#0","tintindex":0},"north":{"uv":[0.0,0.0,0.0,0.25],"rotation":0,"texture":"#0","tintindex":0},"south":{"uv":[0.0,0.0,0.0,0.25],"rotation":0,"texture":"#0","tintindex":0},"up":{"uv":[0.0,0.625,0.0,0.0],"rotation":0,"texture":"#0","tintindex":0},"west":{"uv":[11.125,12.125,11.75,12.375],"rotation":0,"texture":"#0","tintindex":0}}},{"name":"box2","from":[9.247576,11.909151,-1.7203808],"to":[9.247576,12.887641,1.2004182],"rotation":{"angle":-45.0,"axis":"x","origin":[8.0,14.6,12.223114]},"faces":{"down":{"uv":[0.0,0.0,0.0,0.625],"rotation":0,"texture":"#0","tintindex":0},"east":{"uv":[11.75,12.125,11.125,12.375],"rotation":0,"texture":"#0","tintindex":0},"north":{"uv":[0.0,0.0,0.0,0.25],"rotation":0,"texture":"#0","tintindex":0},"south":{"uv":[0.0,0.0,0.0,0.25],"rotation":0,"texture":"#0","tintindex":0},"up":{"uv":[0.0,0.625,0.0,0.0],"rotation":0,"texture":"#0","tintindex":0},"west":{"uv":[11.125,12.125,11.75,12.375],"rotation":0,"texture":"#0","tintindex":0}}},{"name":"box1","from":[6.401391,12.009568,-2.4542494],"to":[9.3221855,14.211172,0.46654987],"rotation":{"angle":-45.0,"axis":"x","origin":[8.0,14.6,11.0]},"faces":{"down":{"uv":[12.125,4.125,11.5,4.75],"rotation":0,"texture":"#0","tintindex":0},"east":{"uv":[12.5,0.625,11.875,1.125],"rotation":0,"texture":"#0","tintindex":0},"north":{"uv":[10.75,9.25,11.375,9.75],"rotation":0,"texture":"#0","tintindex":0},"south":{"uv":[9.5,11.75,10.125,12.25],"rotation":0,"texture":"#0","tintindex":0},"up":{"uv":[12.125,4.125,11.5,3.5],"rotation":0,"texture":"#0","tintindex":0},"west":{"uv":[11.875,0.625,12.5,1.125],"rotation":0,"texture":"#0","tintindex":0}}},{"name":"box2","from":[6.401391,14.230185,-2.4542494],"to":[9.3221855,14.230185,0.46654987],"rotation":{"angle":-45.0,"axis":"x","origin":[8.0,14.6,11.0]},"faces":{"down":{"uv":[12.670999,1.3125,12.0625,1.9209998],"rotation":0,"texture":"#1","tintindex":0},"east":{"uv":[12.5,0.625,11.875,1.125],"rotation":0,"texture":"#1","tintindex":0},"north":{"uv":[10.75,9.25,11.375,9.75],"rotation":0,"texture":"#1","tintindex":0},"south":{"uv":[9.5,11.75,10.125,12.25],"rotation":0,"texture":"#1","tintindex":0},"up":{"uv":[12.670999,1.9209998,12.0625,1.3125],"rotation":0,"texture":"#1","tintindex":0},"west":{"uv":[11.875,0.625,12.5,1.125],"rotation":0,"texture":"#1","tintindex":0}}},{"name":"box52","from":[4.588339,10.030184,4.618646],"to":[5.106327,11.58415,6.172612],"rotation":{"angle":-22.5,"axis":"x","origin":[4.5884304,10.378927,5.7484093]},"faces":{"down":{"uv":[1.375,9.25,1.25,9.625],"rotation":0,"texture":"#0","tintindex":0},"east":{"uv":[9.25,4.875,9.625,5.25],"rotation":0,"texture":"#0","tintindex":0},"north":{"uv":[7.125,6.125,7.25,6.5],"rotation":0,"texture":"#0","tintindex":0},"south":{"uv":[4.75,9.0,4.875,9.375],"rotation":0,"texture":"#0","tintindex":0},"up":{"uv":[5.0,9.375,4.875,9.0],"rotation":0,"texture":"#0","tintindex":0},"west":{"uv":[9.625,5.25,9.25,5.625],"rotation":0,"texture":"#0","tintindex":0}}},{"name":"box52","from":[10.446228,10.030184,4.618616],"to":[10.964216,11.58415,6.172582],"rotation":{"angle":-22.5,"axis":"x","origin":[11.120927,10.296915,5.7484093]},"faces":{"down":{"uv":[7.25,5.75,7.125,6.125],"rotation":0,"texture":"#0","tintindex":0},"east":{"uv":[9.25,5.25,9.625,5.625],"rotation":0,"texture":"#0","tintindex":0},"north":{"uv":[7.125,6.125,7.25,6.5],"rotation":0,"texture":"#0","tintindex":0},"south":{"uv":[7.125,6.125,7.25,6.5],"rotation":0,"texture":"#0","tintindex":0},"up":{"uv":[7.25,1.75,7.125,1.375],"rotation":0,"texture":"#0","tintindex":0},"west":{"uv":[9.25,4.875,9.625,5.25],"rotation":0,"texture":"#0","tintindex":0}}},{"name":"box2","from":[4.942216,9.095989,-1.3454952],"to":[10.690849,13.62151,0.12223935],"rotation":{"angle":-45.0,"axis":"x","origin":[8.0,15.8231125,8.553773]},"faces":{"down":{"uv":[13.0,11.75,11.75,12.0],"rotation":0,"texture":"#0","tintindex":0},"east":{"uv":[7.25,0.0,7.0,1.0],"rotation":0,"texture":"#0","tintindex":0},"north":{"uv":[2.625,9.0,3.875,10.0],"rotation":0,"texture":"#0","tintindex":0},"south":{"uv":[0.0,9.25,1.25,10.25],"rotation":0,"texture":"#0","tintindex":0},"up":{"uv":[8.5,7.25,7.25,7.0],"rotation":0,"texture":"#0","tintindex":0},"west":{"uv":[7.0,0.0,7.25,1.0],"rotation":0,"texture":"#0","tintindex":0}}},{"name":"box3","from":[4.9286,8.050184,-1.608666],"to":[10.7306,13.734091,-1.608666],"rotation":{"angle":-45.0,"axis":"x","origin":[8.0,15.8231125,7.9537725]},"faces":{"down":{"uv":[1.25,0.0,0.0,0.0],"rotation":0,"texture":"#1","tintindex":0},"east":{"uv":[0.0,0.0,0.0,1.125],"rotation":0,"texture":"#1","tintindex":0},"north":{"uv":[8.875,1.75,10.125,2.875],"rotation":0,"texture":"#1","tintindex":0},"south":{"uv":[10.125,1.75,8.875,2.875],"rotation":0,"texture":"#1","tintindex":0},"up":{"uv":[1.25,0.0,0.0,0.0],"rotation":0,"texture":"#1","tintindex":0},"west":{"uv":[0.0,0.0,0.0,1.125],"rotation":0,"texture":"#1","tintindex":0}}}],"display":{"head":{"translation":[0.0,-6.4,0.0],"rotation":[0.0,0.0,0.0],"scale":[3.8095,3.8095,3.8095]}}}