{"textures":{"0":"modelengine:entity/bearmeg","1":"modelengine:entity/beararmor"},"elements":[{"name":"box2","from":[6.385768,2.2147653,5.9568415],"to":[10.342541,8.617764,9.913614],"rotation":{"angle":0.0,"axis":"x","origin":[-2.937965,2.2509818,5.956932]},"faces":{"down":{"uv":[0.875,10.25,0.0,11.125],"rotation":0,"texture":"#0","tintindex":0},"east":{"uv":[10.625,5.375,9.75,6.75],"rotation":0,"texture":"#0","tintindex":0},"north":{"uv":[9.75,5.375,10.625,6.75],"rotation":0,"texture":"#0","tintindex":0},"south":{"uv":[10.625,5.375,9.75,6.75],"rotation":0,"texture":"#0","tintindex":0},"up":{"uv":[11.125,11.375,10.5,12.25],"rotation":0,"texture":"#0","tintindex":0},"west":{"uv":[9.75,5.375,10.625,6.75],"rotation":0,"texture":"#0","tintindex":0}}}],"display":{"head":{"translation":[0.0,-6.4,0.0],"rotation":[0.0,0.0,0.0],"scale":[3.8095,3.8095,3.8095]}}}