{"textures":{"0":"modelengine:entity/bearmeg","1":"modelengine:entity/beararmor"},"elements":[{"name":"box1","from":[4.4589643,6.4209146,3.4677527],"to":[11.192816,12.636777,9.165627],"rotation":{"angle":-22.5,"axis":"x","origin":[8.0,10.9537735,10.446226]},"faces":{"down":{"uv":[10.0,8.625,8.625,9.75],"rotation":0,"texture":"#0","tintindex":0},"east":{"uv":[9.75,5.75,8.625,7.0],"rotation":0,"texture":"#0","tintindex":0},"north":{"uv":[9.75,5.75,8.625,7.0],"rotation":0,"texture":"#0","tintindex":0},"south":{"uv":[8.625,5.75,9.75,7.0],"rotation":0,"texture":"#0","tintindex":0},"up":{"uv":[1.375,9.25,0.0,8.125],"rotation":0,"texture":"#0","tintindex":0},"west":{"uv":[8.625,5.75,9.75,7.0],"rotation":0,"texture":"#0","tintindex":0}}},{"name":"box2","from":[4.3993998,6.6101837,3.4677527],"to":[4.3993998,12.826046,8.565627],"rotation":{"angle":-22.5,"axis":"x","origin":[7.9994,10.9537735,10.446226]},"faces":{"down":{"uv":[0.0,0.0,0.0,1.0],"rotation":0,"texture":"#1","tintindex":0},"east":{"uv":[10.875,7.0,9.875,8.25],"rotation":0,"texture":"#1","tintindex":0},"north":{"uv":[0.0,0.0,0.0,1.25],"rotation":0,"texture":"#1","tintindex":0},"south":{"uv":[0.0,0.0,0.0,1.25],"rotation":0,"texture":"#1","tintindex":0},"up":{"uv":[0.0,1.0,0.0,0.0],"rotation":0,"texture":"#1","tintindex":0},"west":{"uv":[9.875,7.0,10.875,8.25],"rotation":0,"texture":"#1","tintindex":0}}},{"name":"box3","from":[11.2394,6.6101837,3.4677527],"to":[11.2394,12.826046,8.565627],"rotation":{"angle":-22.5,"axis":"x","origin":[15.199401,10.9537735,10.446226]},"faces":{"down":{"uv":[0.0,0.0,0.0,1.0],"rotation":0,"texture":"#1","tintindex":0},"east":{"uv":[10.875,7.0,9.875,8.25],"rotation":0,"texture":"#1","tintindex":0},"north":{"uv":[0.0,0.0,0.0,1.25],"rotation":0,"texture":"#1","tintindex":0},"south":{"uv":[0.0,0.0,0.0,1.25],"rotation":0,"texture":"#1","tintindex":0},"up":{"uv":[0.0,1.0,0.0,0.0],"rotation":0,"texture":"#1","tintindex":0},"west":{"uv":[9.875,7.0,10.875,8.25],"rotation":0,"texture":"#1","tintindex":0}}},{"name":"box2","from":[4.3999996,12.753627,3.4917612],"to":[11.24,12.753627,8.531761],"rotation":{"angle":-22.5,"axis":"x","origin":[8.0,10.857216,10.276194]},"faces":{"down":{"uv":[9.625,9.375,8.25,10.375],"rotation":0,"texture":"#1","tintindex":0},"east":{"uv":[0.0,0.0,1.0,0.0],"rotation":0,"texture":"#1","tintindex":0},"north":{"uv":[0.0,0.0,1.375,0.0],"rotation":0,"texture":"#1","tintindex":0},"south":{"uv":[0.0,0.0,1.375,0.0],"rotation":0,"texture":"#1","tintindex":0},"up":{"uv":[9.625,10.375,8.25,9.375],"rotation":0,"texture":"#1","tintindex":0},"west":{"uv":[0.0,0.0,1.0,0.0],"rotation":0,"texture":"#1","tintindex":0}}}],"display":{"head":{"translation":[0.0,-6.4,0.0],"rotation":[0.0,0.0,0.0],"scale":[3.8095,3.8095,3.8095]}}}