{"textures":{"0":"modelengine:entity/bearmeg","1":"modelengine:entity/beararmor"},"elements":[{"name":"box1","from":[6.6547046,3.9338682,6.3454247],"to":[9.5755,8.214766,9.26622],"rotation":{"angle":0.0,"axis":"x","origin":[3.98,7.6032085,9.036274]},"faces":{"down":{"uv":[0.875,10.25,0.0,11.125],"rotation":0,"texture":"#0","tintindex":0},"east":{"uv":[11.125,11.375,10.5,12.25],"rotation":0,"texture":"#0","tintindex":0},"north":{"uv":[11.125,11.375,10.5,12.25],"rotation":0,"texture":"#0","tintindex":0},"south":{"uv":[10.5,11.375,11.125,12.25],"rotation":0,"texture":"#0","tintindex":0},"up":{"uv":[11.375,9.25,12.0,10.0],"rotation":0,"texture":"#0","tintindex":0},"west":{"uv":[10.5,11.375,11.125,12.25],"rotation":0,"texture":"#0","tintindex":0}}}],"display":{"head":{"translation":[0.0,-6.4,0.0],"rotation":[0.0,0.0,0.0],"scale":[3.8095,3.8095,3.8095]}}}