{"textures":{"0":"modelengine:entity/dt"},"elements":[{"name":"cube","from":[5.6239996,6.2,5.6239996],"to":[10.375999,10.952,10.375999],"rotation":{"angle":0.0,"axis":"x","origin":[8.792,-12.016001,4.04]},"faces":{"down":{"uv":[11.0,7.5,9.5,6.0],"rotation":0,"texture":"#0","tintindex":0},"east":{"uv":[9.5,4.5,11.0,6.0],"rotation":0,"texture":"#0","tintindex":0},"north":{"uv":[6.0,9.5,4.5,11.0],"rotation":0,"texture":"#0","tintindex":0},"south":{"uv":[3.0,9.0,1.5,10.5],"rotation":0,"texture":"#0","tintindex":0},"up":{"uv":[7.5,9.5,6.0,11.0],"rotation":0,"texture":"#0","tintindex":0},"west":{"uv":[11.0,4.5,9.5,6.0],"rotation":0,"texture":"#0","tintindex":0}}}],"display":{"head":{"translation":[0.0,-6.4,0.0],"rotation":[0.0,0.0,0.0],"scale":[3.8095,3.8095,3.8095]}}}