{"textures":{"0":"modelengine:entity/dragon_statue"},"elements":[{"name":"cube","from":[3.6499999,16.400002,3.7999997],"to":[12.05,17.0,12.2],"rotation":{"angle":0.0,"axis":"x","origin":[8.0,8.0,8.0]},"faces":{"down":{"uv":[5.5,3.5,3.75,5.25],"rotation":0,"texture":"#0","tintindex":0},"east":{"uv":[9.625,4.875,11.375,5.0],"rotation":0,"texture":"#0","tintindex":0},"north":{"uv":[9.625,4.75,11.375,4.875],"rotation":0,"texture":"#0","tintindex":0},"south":{"uv":[9.625,5.0,11.375,5.125],"rotation":0,"texture":"#0","tintindex":0},"up":{"uv":[5.5,3.5,3.75,1.75],"rotation":0,"texture":"#0","tintindex":0},"west":{"uv":[9.625,5.125,11.375,5.25],"rotation":0,"texture":"#0","tintindex":0}}},{"name":"cube","from":[5.0,9.8,5.0],"to":[11.0,18.8,11.0],"rotation":{"angle":0.0,"axis":"x","origin":[8.0,8.0,8.0]},"faces":{"down":{"uv":[5.25,7.125,4.0,8.375],"rotation":0,"texture":"#0","tintindex":0},"east":{"uv":[7.0,0.0,8.25,1.875],"rotation":0,"texture":"#0","tintindex":0},"north":{"uv":[6.0,5.625,7.25,7.5],"rotation":0,"texture":"#0","tintindex":0},"south":{"uv":[7.0,1.875,8.25,3.75],"rotation":0,"texture":"#0","tintindex":0},"up":{"uv":[4.0,8.375,2.75,7.125],"rotation":0,"texture":"#0","tintindex":0},"west":{"uv":[1.5,7.125,2.75,9.0],"rotation":0,"texture":"#0","tintindex":0}}},{"name":"cube","from":[5.6,9.8,4.3999996],"to":[6.2,18.8,11.6],"rotation":{"angle":0.0,"axis":"x","origin":[8.0,8.0,8.0]},"faces":{"down":{"uv":[10.0,5.625,9.875,7.125],"rotation":0,"texture":"#0","tintindex":0},"east":{"uv":[0.0,4.0,1.5,5.875],"rotation":0,"texture":"#0","tintindex":0},"north":{"uv":[8.5,9.25,8.625,11.125],"rotation":0,"texture":"#0","tintindex":0},"south":{"uv":[6.875,9.375,7.0,11.25],"rotation":0,"texture":"#0","tintindex":0},"up":{"uv":[7.375,11.125,7.25,9.625],"rotation":0,"texture":"#0","tintindex":0},"west":{"uv":[1.5,5.25,3.0,7.125],"rotation":0,"texture":"#0","tintindex":0}}},{"name":"cube","from":[6.8,17.0,4.3999996],"to":[7.4,18.8,11.6],"rotation":{"angle":0.0,"axis":"x","origin":[8.0,8.0,8.0]},"faces":{"down":{"uv":[6.875,9.875,6.75,11.375],"rotation":0,"texture":"#0","tintindex":0},"east":{"uv":[8.25,3.0,9.75,3.375],"rotation":0,"texture":"#0","tintindex":0},"north":{"uv":[1.25,10.75,1.375,11.125],"rotation":0,"texture":"#0","tintindex":0},"south":{"uv":[1.375,10.75,1.5,11.125],"rotation":0,"texture":"#0","tintindex":0},"up":{"uv":[6.75,11.375,6.625,9.875],"rotation":0,"texture":"#0","tintindex":0},"west":{"uv":[8.25,3.375,9.75,3.75],"rotation":0,"texture":"#0","tintindex":0}}},{"name":"cube","from":[8.6,17.0,4.3999996],"to":[9.2,18.8,11.6],"rotation":{"angle":0.0,"axis":"x","origin":[8.0,8.0,8.0]},"faces":{"down":{"uv":[10.125,0.0,10.0,1.5],"rotation":0,"texture":"#0","tintindex":0},"east":{"uv":[7.375,8.25,8.875,8.625],"rotation":0,"texture":"#0","tintindex":0},"north":{"uv":[1.5,10.75,1.625,11.125],"rotation":0,"texture":"#0","tintindex":0},"south":{"uv":[1.625,10.75,1.75,11.125],"rotation":0,"texture":"#0","tintindex":0},"up":{"uv":[10.0,10.75,9.875,9.25],"rotation":0,"texture":"#0","tintindex":0},"west":{"uv":[2.75,8.375,4.25,8.75],"rotation":0,"texture":"#0","tintindex":0}}},{"name":"cube","from":[9.8,9.8,4.3999996],"to":[10.4,18.8,11.6],"rotation":{"angle":0.0,"axis":"x","origin":[8.0,8.0,8.0]},"faces":{"down":{"uv":[6.625,9.875,6.5,11.375],"rotation":0,"texture":"#0","tintindex":0},"east":{"uv":[3.0,5.25,4.5,7.125],"rotation":0,"texture":"#0","tintindex":0},"north":{"uv":[8.625,9.375,8.75,11.25],"rotation":0,"texture":"#0","tintindex":0},"south":{"uv":[8.75,9.375,8.875,11.25],"rotation":0,"texture":"#0","tintindex":0},"up":{"uv":[6.5,11.375,6.375,9.875],"rotation":0,"texture":"#0","tintindex":0},"west":{"uv":[4.5,5.25,6.0,7.125],"rotation":0,"texture":"#0","tintindex":0}}},{"name":"cube","from":[4.3999996,9.8,5.6],"to":[11.6,18.8,6.2],"rotation":{"angle":0.0,"axis":"x","origin":[8.0,8.0,8.0]},"faces":{"down":{"uv":[11.375,7.25,9.875,7.375],"rotation":0,"texture":"#0","tintindex":0},"east":{"uv":[2.0,9.5,2.125,11.375],"rotation":0,"texture":"#0","tintindex":0},"north":{"uv":[0.0,5.875,1.5,7.75],"rotation":0,"texture":"#0","tintindex":0},"south":{"uv":[6.0,3.75,7.5,5.625],"rotation":0,"texture":"#0","tintindex":0},"up":{"uv":[11.375,7.25,9.875,7.125],"rotation":0,"texture":"#0","tintindex":0},"west":{"uv":[2.125,9.5,2.25,11.375],"rotation":0,"texture":"#0","tintindex":0}}},{"name":"cube","from":[4.25,17.0,6.95],"to":[11.45,18.8,7.55],"rotation":{"angle":0.0,"axis":"x","origin":[8.0,8.0,8.0]},"faces":{"down":{"uv":[11.25,4.625,9.75,4.75],"rotation":0,"texture":"#0","tintindex":0},"east":{"uv":[2.25,10.75,2.375,11.125],"rotation":0,"texture":"#0","tintindex":0},"north":{"uv":[8.375,6.375,9.875,6.75],"rotation":0,"texture":"#0","tintindex":0},"south":{"uv":[8.375,6.75,9.875,7.125],"rotation":0,"texture":"#0","tintindex":0},"up":{"uv":[11.25,4.625,9.75,4.5],"rotation":0,"texture":"#0","tintindex":0},"west":{"uv":[2.375,10.75,2.5,11.125],"rotation":0,"texture":"#0","tintindex":0}}},{"name":"cube","from":[4.25,17.0,8.75],"to":[11.45,18.8,9.35],"rotation":{"angle":0.0,"axis":"x","origin":[8.0,8.0,8.0]},"faces":{"down":{"uv":[11.125,8.125,9.625,8.25],"rotation":0,"texture":"#0","tintindex":0},"east":{"uv":[1.75,10.75,1.875,11.125],"rotation":0,"texture":"#0","tintindex":0},"north":{"uv":[8.375,5.625,9.875,6.0],"rotation":0,"texture":"#0","tintindex":0},"south":{"uv":[8.375,6.0,9.875,6.375],"rotation":0,"texture":"#0","tintindex":0},"up":{"uv":[11.125,8.125,9.625,8.0],"rotation":0,"texture":"#0","tintindex":0},"west":{"uv":[10.75,1.75,10.875,2.125],"rotation":0,"texture":"#0","tintindex":0}}},{"name":"cube","from":[4.3999996,9.8,9.8],"to":[11.6,18.8,10.4],"rotation":{"angle":0.0,"axis":"x","origin":[8.0,8.0,8.0]},"faces":{"down":{"uv":[11.125,5.375,9.625,5.5],"rotation":0,"texture":"#0","tintindex":0},"east":{"uv":[8.875,9.375,9.0,11.25],"rotation":0,"texture":"#0","tintindex":0},"north":{"uv":[5.5,0.0,7.0,1.875],"rotation":0,"texture":"#0","tintindex":0},"south":{"uv":[5.5,1.875,7.0,3.75],"rotation":0,"texture":"#0","tintindex":0},"up":{"uv":[11.125,5.375,9.625,5.25],"rotation":0,"texture":"#0","tintindex":0},"west":{"uv":[9.0,9.375,9.125,11.25],"rotation":0,"texture":"#0","tintindex":0}}},{"name":"cube","from":[3.7999997,8.0,3.7999997],"to":[12.2,9.8,12.2],"rotation":{"angle":0.0,"axis":"x","origin":[8.0,8.0,8.0]},"faces":{"down":{"uv":[3.75,1.75,2.0,3.5],"rotation":0,"texture":"#0","tintindex":0},"east":{"uv":[7.5,5.25,9.25,5.625],"rotation":0,"texture":"#0","tintindex":0},"north":{"uv":[7.5,4.875,9.25,5.25],"rotation":0,"texture":"#0","tintindex":0},"south":{"uv":[7.375,7.875,9.125,8.25],"rotation":0,"texture":"#0","tintindex":0},"up":{"uv":[3.75,1.75,2.0,0.0],"rotation":0,"texture":"#0","tintindex":0},"west":{"uv":[8.25,0.0,10.0,0.375],"rotation":0,"texture":"#0","tintindex":0}}},{"name":"cube","from":[3.1999998,8.6,3.1999998],"to":[12.8,9.2,12.8],"rotation":{"angle":0.0,"axis":"x","origin":[8.0,8.0,8.0]},"faces":{"down":{"uv":[2.0,2.0,0.0,4.0],"rotation":0,"texture":"#0","tintindex":0},"east":{"uv":[9.25,5.5,11.25,5.625],"rotation":0,"texture":"#0","tintindex":0},"north":{"uv":[8.75,2.875,10.75,3.0],"rotation":0,"texture":"#0","tintindex":0},"south":{"uv":[0.0,9.5,2.0,9.625],"rotation":0,"texture":"#0","tintindex":0},"up":{"uv":[2.0,2.0,0.0,0.0],"rotation":0,"texture":"#0","tintindex":0},"west":{"uv":[0.0,9.625,2.0,9.75],"rotation":0,"texture":"#0","tintindex":0}}},{"name":"cube","from":[3.6499999,18.2,3.7999997],"to":[12.05,20.0,12.2],"rotation":{"angle":0.0,"axis":"x","origin":[8.0,8.0,8.0]},"faces":{"down":{"uv":[5.5,0.0,3.75,1.75],"rotation":0,"texture":"#0","tintindex":0},"east":{"uv":[8.25,0.75,10.0,1.125],"rotation":0,"texture":"#0","tintindex":0},"north":{"uv":[8.25,0.375,10.0,0.75],"rotation":0,"texture":"#0","tintindex":0},"south":{"uv":[8.25,1.125,10.0,1.5],"rotation":0,"texture":"#0","tintindex":0},"up":{"uv":[3.75,5.25,2.0,3.5],"rotation":0,"texture":"#0","tintindex":0},"west":{"uv":[8.25,1.5,10.0,1.875],"rotation":0,"texture":"#0","tintindex":0}}},{"name":"cube","from":[3.0499997,18.8,5.0],"to":[3.6499999,20.0,11.0],"rotation":{"angle":0.0,"axis":"x","origin":[8.0,8.0,8.0]},"faces":{"down":{"uv":[3.375,10.0,3.25,11.25],"rotation":0,"texture":"#0","tintindex":0},"east":{"uv":[8.75,2.625,10.0,2.875],"rotation":0,"texture":"#0","tintindex":0},"north":{"uv":[10.75,10.75,10.875,11.0],"rotation":0,"texture":"#0","tintindex":0},"south":{"uv":[10.875,0.0,11.0,0.25],"rotation":0,"texture":"#0","tintindex":0},"up":{"uv":[10.125,4.25,10.0,3.0],"rotation":0,"texture":"#0","tintindex":0},"west":{"uv":[8.875,8.25,10.125,8.5],"rotation":0,"texture":"#0","tintindex":0}}},{"name":"cube","from":[12.05,18.8,5.0],"to":[12.650001,20.0,11.0],"rotation":{"angle":0.0,"axis":"x","origin":[8.0,8.0,8.0]},"faces":{"down":{"uv":[10.125,5.625,10.0,6.875],"rotation":0,"texture":"#0","tintindex":0},"east":{"uv":[9.125,8.5,10.375,8.75],"rotation":0,"texture":"#0","tintindex":0},"north":{"uv":[10.875,0.25,11.0,0.5],"rotation":0,"texture":"#0","tintindex":0},"south":{"uv":[10.875,0.5,11.0,0.75],"rotation":0,"texture":"#0","tintindex":0},"up":{"uv":[3.5,11.25,3.375,10.0],"rotation":0,"texture":"#0","tintindex":0},"west":{"uv":[9.125,8.75,10.375,9.0],"rotation":0,"texture":"#0","tintindex":0}}},{"name":"cube","from":[4.85,18.8,12.2],"to":[10.85,20.0,12.8],"rotation":{"angle":0.0,"axis":"x","origin":[8.0,8.0,8.0]},"faces":{"down":{"uv":[11.25,1.625,10.0,1.75],"rotation":0,"texture":"#0","tintindex":0},"east":{"uv":[10.875,1.25,11.0,1.5],"rotation":0,"texture":"#0","tintindex":0},"north":{"uv":[9.25,2.125,10.5,2.375],"rotation":0,"texture":"#0","tintindex":0},"south":{"uv":[9.25,2.375,10.5,2.625],"rotation":0,"texture":"#0","tintindex":0},"up":{"uv":[11.25,1.625,10.0,1.5],"rotation":0,"texture":"#0","tintindex":0},"west":{"uv":[10.875,1.75,11.0,2.0],"rotation":0,"texture":"#0","tintindex":0}}},{"name":"cube","from":[4.85,18.8,3.1999998],"to":[10.85,20.0,3.7999997],"rotation":{"angle":0.0,"axis":"x","origin":[8.0,8.0,8.0]},"faces":{"down":{"uv":[11.125,7.875,9.875,8.0],"rotation":0,"texture":"#0","tintindex":0},"east":{"uv":[10.875,0.75,11.0,1.0],"rotation":0,"texture":"#0","tintindex":0},"north":{"uv":[9.125,9.0,10.375,9.25],"rotation":0,"texture":"#0","tintindex":0},"south":{"uv":[9.25,1.875,10.5,2.125],"rotation":0,"texture":"#0","tintindex":0},"up":{"uv":[11.125,7.875,9.875,7.75],"rotation":0,"texture":"#0","tintindex":0},"west":{"uv":[10.875,1.0,11.0,1.25],"rotation":0,"texture":"#0","tintindex":0}}},{"name":"cube","from":[6.8,13.400001,4.3999996],"to":[9.2,15.8,6.8],"rotation":{"angle":0.0,"axis":"x","origin":[8.0,8.0,8.0]},"faces":{"down":{"uv":[0.5,0.625,1.0,1.125],"rotation":0,"texture":"#0","tintindex":0},"east":{"uv":[0.5,0.625,1.0,1.125],"rotation":0,"texture":"#0","tintindex":0},"north":{"uv":[0.5,0.625,1.0,1.125],"rotation":0,"texture":"#0","tintindex":0},"south":{"uv":[0.5,0.625,1.0,1.125],"rotation":0,"texture":"#0","tintindex":0},"up":{"uv":[0.5,0.625,1.0,1.125],"rotation":0,"texture":"#0","tintindex":0},"west":{"uv":[0.5,0.625,1.0,1.125],"rotation":0,"texture":"#0","tintindex":0}}}],"display":{"head":{"translation":[0.0,-6.4,0.0],"rotation":[0.0,0.0,0.0],"scale":[3.8095,3.8095,3.8095]}}}