{"textures":{"0":"modelengine:entity/dragon_statue"},"elements":[{"name":"cube","from":[7.4,-1.072793,11.338983],"to":[8.0,2.5272074,12.538982],"rotation":{"angle":-45.0,"axis":"x","origin":[8.0,7.3272076,4.738982]},"faces":{"down":{"uv":[10.875,6.625,10.75,6.875],"rotation":0,"texture":"#0","tintindex":0},"east":{"uv":[9.125,9.75,9.375,10.5],"rotation":0,"texture":"#0","tintindex":0},"north":{"uv":[10.375,5.625,10.5,6.375],"rotation":0,"texture":"#0","tintindex":0},"south":{"uv":[5.75,10.375,5.875,11.125],"rotation":0,"texture":"#0","tintindex":0},"up":{"uv":[10.875,6.625,10.75,6.375],"rotation":0,"texture":"#0","tintindex":0},"west":{"uv":[9.375,9.75,9.625,10.5],"rotation":0,"texture":"#0","tintindex":0}}},{"name":"cube","from":[6.2,15.988226,4.588225],"to":[9.2,17.788227,7.588225],"rotation":{"angle":0.0,"axis":"x","origin":[7.7,3.9882247,9.988225]},"faces":{"down":{"uv":[8.625,8.625,8.0,9.25],"rotation":0,"texture":"#0","tintindex":0},"east":{"uv":[6.375,7.5,7.0,7.875],"rotation":0,"texture":"#0","tintindex":0},"north":{"uv":[5.25,7.125,5.875,7.5],"rotation":0,"texture":"#0","tintindex":0},"south":{"uv":[2.25,9.625,2.875,10.0],"rotation":0,"texture":"#0","tintindex":0},"up":{"uv":[8.0,9.25,7.375,8.625],"rotation":0,"texture":"#0","tintindex":0},"west":{"uv":[2.875,9.625,3.5,10.0],"rotation":0,"texture":"#0","tintindex":0}}},{"name":"cube","from":[6.2,17.788227,4.588225],"to":[6.8,18.988226,5.188225],"rotation":{"angle":0.0,"axis":"x","origin":[7.7,3.9882247,9.988225]},"faces":{"down":{"uv":[9.0,7.75,8.875,7.875],"rotation":0,"texture":"#0","tintindex":0},"east":{"uv":[10.75,5.875,10.875,6.125],"rotation":0,"texture":"#0","tintindex":0},"north":{"uv":[5.875,10.75,6.0,11.0],"rotation":0,"texture":"#0","tintindex":0},"south":{"uv":[6.0,10.75,6.125,11.0],"rotation":0,"texture":"#0","tintindex":0},"up":{"uv":[1.5,9.0,1.375,8.875],"rotation":0,"texture":"#0","tintindex":0},"west":{"uv":[10.75,6.125,10.875,6.375],"rotation":0,"texture":"#0","tintindex":0}}},{"name":"cube","from":[8.6,17.788227,4.588225],"to":[9.2,18.988226,5.188225],"rotation":{"angle":0.0,"axis":"x","origin":[7.7,3.9882247,9.988225]},"faces":{"down":{"uv":[11.125,2.75,11.0,2.875],"rotation":0,"texture":"#0","tintindex":0},"east":{"uv":[11.0,1.75,11.125,2.0],"rotation":0,"texture":"#0","tintindex":0},"north":{"uv":[11.0,1.25,11.125,1.5],"rotation":0,"texture":"#0","tintindex":0},"south":{"uv":[11.0,2.0,11.125,2.25],"rotation":0,"texture":"#0","tintindex":0},"up":{"uv":[11.125,2.75,11.0,2.625],"rotation":0,"texture":"#0","tintindex":0},"west":{"uv":[11.0,2.25,11.125,2.5],"rotation":0,"texture":"#0","tintindex":0}}},{"name":"cube","from":[6.5,10.588224,-2.011775],"to":[8.9,15.388226,2.7882247],"rotation":{"angle":45.0,"axis":"x","origin":[7.7,3.9882247,9.988225]},"faces":{"down":{"uv":[5.75,8.625,5.25,9.625],"rotation":0,"texture":"#0","tintindex":0},"east":{"uv":[0.0,7.75,1.0,8.75],"rotation":0,"texture":"#0","tintindex":0},"north":{"uv":[4.25,8.375,4.75,9.375],"rotation":0,"texture":"#0","tintindex":0},"south":{"uv":[4.75,8.375,5.25,9.375],"rotation":0,"texture":"#0","tintindex":0},"up":{"uv":[9.125,4.75,8.625,3.75],"rotation":0,"texture":"#0","tintindex":0},"west":{"uv":[6.375,7.875,7.375,8.875],"rotation":0,"texture":"#0","tintindex":0}}},{"name":"cube","from":[6.5,15.388226,-2.011775],"to":[7.1,16.588226,-1.4117756],"rotation":{"angle":45.0,"axis":"x","origin":[7.7,3.9882247,9.988225]},"faces":{"down":{"uv":[10.75,1.375,10.625,1.5],"rotation":0,"texture":"#0","tintindex":0},"east":{"uv":[10.875,8.75,11.0,9.0],"rotation":0,"texture":"#0","tintindex":0},"north":{"uv":[10.875,8.5,11.0,8.75],"rotation":0,"texture":"#0","tintindex":0},"south":{"uv":[10.875,9.0,11.0,9.25],"rotation":0,"texture":"#0","tintindex":0},"up":{"uv":[10.75,0.875,10.625,0.75],"rotation":0,"texture":"#0","tintindex":0},"west":{"uv":[10.875,9.25,11.0,9.5],"rotation":0,"texture":"#0","tintindex":0}}},{"name":"cube","from":[8.3,15.388226,-2.011775],"to":[8.9,16.588226,-1.4117756],"rotation":{"angle":45.0,"axis":"x","origin":[7.7,3.9882247,9.988225]},"faces":{"down":{"uv":[10.875,1.375,10.75,1.5],"rotation":0,"texture":"#0","tintindex":0},"east":{"uv":[10.875,9.75,11.0,10.0],"rotation":0,"texture":"#0","tintindex":0},"north":{"uv":[10.875,9.5,11.0,9.75],"rotation":0,"texture":"#0","tintindex":0},"south":{"uv":[10.875,10.0,11.0,10.25],"rotation":0,"texture":"#0","tintindex":0},"up":{"uv":[10.75,9.875,10.625,9.75],"rotation":0,"texture":"#0","tintindex":0},"west":{"uv":[10.875,10.25,11.0,10.5],"rotation":0,"texture":"#0","tintindex":0}}},{"name":"cube","from":[6.5,15.088225,1.4382247],"to":[8.9,17.488226,2.0382247],"rotation":{"angle":22.5,"axis":"x","origin":[7.7,3.9882247,9.988225]},"faces":{"down":{"uv":[8.875,7.75,8.375,7.875],"rotation":0,"texture":"#0","tintindex":0},"east":{"uv":[10.625,6.125,10.75,6.625],"rotation":0,"texture":"#0","tintindex":0},"north":{"uv":[4.75,9.375,5.25,9.875],"rotation":0,"texture":"#0","tintindex":0},"south":{"uv":[6.375,9.375,6.875,9.875],"rotation":0,"texture":"#0","tintindex":0},"up":{"uv":[2.0,5.25,1.5,5.125],"rotation":0,"texture":"#0","tintindex":0},"west":{"uv":[10.625,6.625,10.75,7.125],"rotation":0,"texture":"#0","tintindex":0}}},{"name":"cube","from":[6.5,17.488226,1.4382247],"to":[7.1,18.688225,2.0382247],"rotation":{"angle":22.5,"axis":"x","origin":[7.7,3.9882247,9.988225]},"faces":{"down":{"uv":[10.875,7.625,10.75,7.75],"rotation":0,"texture":"#0","tintindex":0},"east":{"uv":[10.875,10.5,11.0,10.75],"rotation":0,"texture":"#0","tintindex":0},"north":{"uv":[10.5,10.875,10.625,11.125],"rotation":0,"texture":"#0","tintindex":0},"south":{"uv":[10.875,10.75,11.0,11.0],"rotation":0,"texture":"#0","tintindex":0},"up":{"uv":[10.875,2.25,10.75,2.125],"rotation":0,"texture":"#0","tintindex":0},"west":{"uv":[11.0,0.0,11.125,0.25],"rotation":0,"texture":"#0","tintindex":0}}},{"name":"cube","from":[8.3,17.488226,1.4382247],"to":[8.9,18.688225,2.0382247],"rotation":{"angle":22.5,"axis":"x","origin":[7.7,3.9882247,9.988225]},"faces":{"down":{"uv":[11.125,2.5,11.0,2.625],"rotation":0,"texture":"#0","tintindex":0},"east":{"uv":[11.0,0.5,11.125,0.75],"rotation":0,"texture":"#0","tintindex":0},"north":{"uv":[11.0,0.25,11.125,0.5],"rotation":0,"texture":"#0","tintindex":0},"south":{"uv":[11.0,0.75,11.125,1.0],"rotation":0,"texture":"#0","tintindex":0},"up":{"uv":[11.0,7.75,10.875,7.625],"rotation":0,"texture":"#0","tintindex":0},"west":{"uv":[11.0,1.0,11.125,1.25],"rotation":0,"texture":"#0","tintindex":0}}},{"name":"cube","from":[6.2,15.988226,11.788225],"to":[9.2,18.388226,14.788226],"rotation":{"angle":0.0,"axis":"x","origin":[7.7,3.9882247,9.988225]},"faces":{"down":{"uv":[6.375,8.625,5.75,9.25],"rotation":0,"texture":"#0","tintindex":0},"east":{"uv":[1.0,9.0,1.625,9.5],"rotation":0,"texture":"#0","tintindex":0},"north":{"uv":[6.375,8.875,7.0,9.375],"rotation":0,"texture":"#0","tintindex":0},"south":{"uv":[1.625,9.0,2.25,9.5],"rotation":0,"texture":"#0","tintindex":0},"up":{"uv":[9.0,7.75,8.375,7.125],"rotation":0,"texture":"#0","tintindex":0},"west":{"uv":[9.0,7.125,9.625,7.625],"rotation":0,"texture":"#0","tintindex":0}}},{"name":"cube","from":[7.4,18.388226,12.988226],"to":[8.0,18.988226,13.588225],"rotation":{"angle":0.0,"axis":"x","origin":[7.7,3.9882247,9.988225]},"faces":{"down":{"uv":[11.125,3.75,11.0,3.875],"rotation":0,"texture":"#0","tintindex":0},"east":{"uv":[11.0,3.25,11.125,3.375],"rotation":0,"texture":"#0","tintindex":0},"north":{"uv":[11.0,3.125,11.125,3.25],"rotation":0,"texture":"#0","tintindex":0},"south":{"uv":[11.0,3.375,11.125,3.5],"rotation":0,"texture":"#0","tintindex":0},"up":{"uv":[11.125,3.75,11.0,3.625],"rotation":0,"texture":"#0","tintindex":0},"west":{"uv":[11.0,3.5,11.125,3.625],"rotation":0,"texture":"#0","tintindex":0}}},{"name":"cube","from":[6.5,16.38751,3.0242639],"to":[8.9,18.78751,6.024264],"rotation":{"angle":45.0,"axis":"x","origin":[7.7,4.387511,8.424264]},"faces":{"down":{"uv":[9.625,7.625,9.125,8.25],"rotation":0,"texture":"#0","tintindex":0},"east":{"uv":[9.125,3.75,9.75,4.25],"rotation":0,"texture":"#0","tintindex":0},"north":{"uv":[9.125,9.25,9.625,9.75],"rotation":0,"texture":"#0","tintindex":0},"south":{"uv":[4.25,9.375,4.75,9.875],"rotation":0,"texture":"#0","tintindex":0},"up":{"uv":[2.75,9.625,2.25,9.0],"rotation":0,"texture":"#0","tintindex":0},"west":{"uv":[9.125,4.25,9.75,4.75],"rotation":0,"texture":"#0","tintindex":0}}},{"name":"cube","from":[7.4,18.78751,4.2242637],"to":[8.0,19.387512,4.8242636],"rotation":{"angle":45.0,"axis":"x","origin":[7.7,4.387511,8.424264]},"faces":{"down":{"uv":[11.125,4.25,11.0,4.375],"rotation":0,"texture":"#0","tintindex":0},"east":{"uv":[4.0,11.0,4.125,11.125],"rotation":0,"texture":"#0","tintindex":0},"north":{"uv":[11.0,3.875,11.125,4.0],"rotation":0,"texture":"#0","tintindex":0},"south":{"uv":[11.0,4.0,11.125,4.125],"rotation":0,"texture":"#0","tintindex":0},"up":{"uv":[11.125,4.25,11.0,4.125],"rotation":0,"texture":"#0","tintindex":0},"west":{"uv":[4.125,11.0,4.25,11.125],"rotation":0,"texture":"#0","tintindex":0}}},{"name":"cube","from":[6.8,12.666904,14.509546],"to":[8.6,16.266907,16.909546],"rotation":{"angle":0.0,"axis":"x","origin":[8.0,4.8669043,7.9095454]},"faces":{"down":{"uv":[1.5,9.75,1.125,10.25],"rotation":0,"texture":"#0","tintindex":0},"east":{"uv":[8.625,8.625,9.125,9.375],"rotation":0,"texture":"#0","tintindex":0},"north":{"uv":[7.0,8.875,7.375,9.625],"rotation":0,"texture":"#0","tintindex":0},"south":{"uv":[9.25,4.75,9.625,5.5],"rotation":0,"texture":"#0","tintindex":0},"up":{"uv":[1.125,10.25,0.75,9.75],"rotation":0,"texture":"#0","tintindex":0},"west":{"uv":[0.0,8.75,0.5,9.5],"rotation":0,"texture":"#0","tintindex":0}}},{"name":"cube","from":[7.4,15.066905,16.909546],"to":[8.0,15.666905,17.509546],"rotation":{"angle":0.0,"axis":"x","origin":[8.0,4.8669043,7.9095454]},"faces":{"down":{"uv":[6.125,11.0,6.0,11.125],"rotation":0,"texture":"#0","tintindex":0},"east":{"uv":[11.0,5.625,11.125,5.75],"rotation":0,"texture":"#0","tintindex":0},"north":{"uv":[11.0,4.375,11.125,4.5],"rotation":0,"texture":"#0","tintindex":0},"south":{"uv":[11.0,5.75,11.125,5.875],"rotation":0,"texture":"#0","tintindex":0},"up":{"uv":[11.125,6.0,11.0,5.875],"rotation":0,"texture":"#0","tintindex":0},"west":{"uv":[5.875,11.0,6.0,11.125],"rotation":0,"texture":"#0","tintindex":0}}},{"name":"cube","from":[7.4,13.266906,16.909546],"to":[8.0,13.866905,17.509546],"rotation":{"angle":0.0,"axis":"x","origin":[8.0,4.8669043,7.9095454]},"faces":{"down":{"uv":[11.125,6.625,11.0,6.75],"rotation":0,"texture":"#0","tintindex":0},"east":{"uv":[11.0,6.125,11.125,6.25],"rotation":0,"texture":"#0","tintindex":0},"north":{"uv":[11.0,6.0,11.125,6.125],"rotation":0,"texture":"#0","tintindex":0},"south":{"uv":[11.0,6.25,11.125,6.375],"rotation":0,"texture":"#0","tintindex":0},"up":{"uv":[11.125,6.625,11.0,6.5],"rotation":0,"texture":"#0","tintindex":0},"west":{"uv":[11.0,6.375,11.125,6.5],"rotation":0,"texture":"#0","tintindex":0}}},{"name":"cube","from":[7.1,14.0,8.6],"to":[8.3,17.6,11.0],"rotation":{"angle":45.0,"axis":"x","origin":[8.0,8.0,8.0]},"faces":{"down":{"uv":[1.5,10.25,1.25,10.75],"rotation":0,"texture":"#0","tintindex":0},"east":{"uv":[0.5,8.75,1.0,9.5],"rotation":0,"texture":"#0","tintindex":0},"north":{"uv":[1.5,9.75,1.75,10.5],"rotation":0,"texture":"#0","tintindex":0},"south":{"uv":[1.75,9.75,2.0,10.5],"rotation":0,"texture":"#0","tintindex":0},"up":{"uv":[1.25,10.75,1.0,10.25],"rotation":0,"texture":"#0","tintindex":0},"west":{"uv":[8.75,1.875,9.25,2.625],"rotation":0,"texture":"#0","tintindex":0}}},{"name":"cube","from":[7.4,15.8,11.0],"to":[8.0,16.400002,11.6],"rotation":{"angle":45.0,"axis":"x","origin":[8.0,8.0,8.0]},"faces":{"down":{"uv":[7.5,11.0,7.375,11.125],"rotation":0,"texture":"#0","tintindex":0},"east":{"uv":[11.0,6.875,11.125,7.0],"rotation":0,"texture":"#0","tintindex":0},"north":{"uv":[11.0,6.75,11.125,6.875],"rotation":0,"texture":"#0","tintindex":0},"south":{"uv":[7.0,11.0,7.125,11.125],"rotation":0,"texture":"#0","tintindex":0},"up":{"uv":[7.25,11.125,7.125,11.0],"rotation":0,"texture":"#0","tintindex":0},"west":{"uv":[11.0,7.0,11.125,7.125],"rotation":0,"texture":"#0","tintindex":0}}},{"name":"cube","from":[7.25,8.6,12.8],"to":[8.15,12.2,14.6],"rotation":{"angle":0.0,"axis":"x","origin":[8.0,8.0,8.0]},"faces":{"down":{"uv":[10.5,6.5,10.25,6.875],"rotation":0,"texture":"#0","tintindex":0},"east":{"uv":[5.75,9.25,6.125,10.0],"rotation":0,"texture":"#0","tintindex":0},"north":{"uv":[9.75,3.0,10.0,3.75],"rotation":0,"texture":"#0","tintindex":0},"south":{"uv":[9.75,3.75,10.0,4.5],"rotation":0,"texture":"#0","tintindex":0},"up":{"uv":[7.25,7.875,7.0,7.5],"rotation":0,"texture":"#0","tintindex":0},"west":{"uv":[7.375,9.25,7.75,10.0],"rotation":0,"texture":"#0","tintindex":0}}}],"display":{"head":{"translation":[0.0,-6.4,0.0],"rotation":[0.0,0.0,0.0],"scale":[3.8095,3.8095,3.8095]}}}