{"textures":{"0":"modelengine:entity/dragon_statue"},"elements":[{"name":"cube","from":[7.1,7.4,6.2],"to":[8.9,8.0,8.0],"rotation":{"angle":0.0,"axis":"x","origin":[8.0,-3.1000004,14.0]},"faces":{"down":{"uv":[7.75,10.0,7.375,10.375],"rotation":0,"texture":"#0","tintindex":0},"east":{"uv":[1.0,8.875,1.375,9.0],"rotation":0,"texture":"#0","tintindex":0},"north":{"uv":[8.625,4.75,9.0,4.875],"rotation":0,"texture":"#0","tintindex":0},"south":{"uv":[10.0,1.75,10.375,1.875],"rotation":0,"texture":"#0","tintindex":0},"up":{"uv":[6.125,10.375,5.75,10.0],"rotation":0,"texture":"#0","tintindex":0},"west":{"uv":[10.125,1.375,10.5,1.5],"rotation":0,"texture":"#0","tintindex":0}}}],"display":{"head":{"translation":[0.0,-6.4,0.0],"rotation":[0.0,0.0,0.0],"scale":[3.8095,3.8095,3.8095]}}}