{"textures":{"0":"modelengine:entity/dragon_statue"},"elements":[{"name":"cube","from":[17.6,7.5799994,9.23],"to":[18.2,12.98,11.63],"rotation":{"angle":45.0,"axis":"z","origin":[12.8,-3.8200011,10.43]},"faces":{"down":{"uv":[10.625,5.625,10.5,6.125],"rotation":0,"texture":"#0","tintindex":0},"east":{"uv":[1.5,4.0,2.0,5.125],"rotation":0,"texture":"#0","tintindex":0},"north":{"uv":[10.25,0.0,10.375,1.125],"rotation":0,"texture":"#0","tintindex":0},"south":{"uv":[0.125,10.25,0.25,11.375],"rotation":0,"texture":"#0","tintindex":0},"up":{"uv":[4.25,11.0,4.125,10.5],"rotation":0,"texture":"#0","tintindex":0},"west":{"uv":[5.5,3.75,6.0,4.875],"rotation":0,"texture":"#0","tintindex":0}}},{"name":"cube","from":[18.2,7.5799994,8.030001],"to":[18.8,11.18,9.23],"rotation":{"angle":45.0,"axis":"z","origin":[12.8,-3.8200011,10.43]},"faces":{"down":{"uv":[11.0,2.25,10.875,2.5],"rotation":0,"texture":"#0","tintindex":0},"east":{"uv":[2.25,10.0,2.5,10.75],"rotation":0,"texture":"#0","tintindex":0},"north":{"uv":[10.125,10.375,10.25,11.125],"rotation":0,"texture":"#0","tintindex":0},"south":{"uv":[10.375,10.375,10.5,11.125],"rotation":0,"texture":"#0","tintindex":0},"up":{"uv":[11.0,2.25,10.875,2.0],"rotation":0,"texture":"#0","tintindex":0},"west":{"uv":[2.5,10.0,2.75,10.75],"rotation":0,"texture":"#0","tintindex":0}}},{"name":"cube","from":[17.6,7.5799994,7.4300003],"to":[18.2,9.98,8.030001],"rotation":{"angle":45.0,"axis":"z","origin":[12.8,-3.8200011,10.43]},"faces":{"down":{"uv":[10.5,6.375,10.375,6.5],"rotation":0,"texture":"#0","tintindex":0},"east":{"uv":[4.5,10.625,4.625,11.125],"rotation":0,"texture":"#0","tintindex":0},"north":{"uv":[4.375,10.625,4.5,11.125],"rotation":0,"texture":"#0","tintindex":0},"south":{"uv":[4.625,10.625,4.75,11.125],"rotation":0,"texture":"#0","tintindex":0},"up":{"uv":[10.5,1.875,10.375,1.75],"rotation":0,"texture":"#0","tintindex":0},"west":{"uv":[4.75,10.625,4.875,11.125],"rotation":0,"texture":"#0","tintindex":0}}},{"name":"cube","from":[18.2,11.18,9.23],"to":[18.8,12.98,10.43],"rotation":{"angle":45.0,"axis":"z","origin":[12.8,-3.8200011,10.43]},"faces":{"down":{"uv":[11.0,2.75,10.875,3.0],"rotation":0,"texture":"#0","tintindex":0},"east":{"uv":[10.5,0.0,10.75,0.375],"rotation":0,"texture":"#0","tintindex":0},"north":{"uv":[2.5,10.75,2.625,11.125],"rotation":0,"texture":"#0","tintindex":0},"south":{"uv":[10.75,2.5,10.875,2.875],"rotation":0,"texture":"#0","tintindex":0},"up":{"uv":[11.0,2.75,10.875,2.5],"rotation":0,"texture":"#0","tintindex":0},"west":{"uv":[10.5,0.375,10.75,0.75],"rotation":0,"texture":"#0","tintindex":0}}},{"name":"cube","from":[18.2,11.78,10.43],"to":[18.8,12.98,11.63],"rotation":{"angle":45.0,"axis":"z","origin":[12.8,-3.8200011,10.43]},"faces":{"down":{"uv":[11.0,3.5,10.875,3.75],"rotation":0,"texture":"#0","tintindex":0},"east":{"uv":[10.5,9.875,10.75,10.125],"rotation":0,"texture":"#0","tintindex":0},"north":{"uv":[10.875,3.0,11.0,3.25],"rotation":0,"texture":"#0","tintindex":0},"south":{"uv":[10.875,3.25,11.0,3.5],"rotation":0,"texture":"#0","tintindex":0},"up":{"uv":[3.625,11.125,3.5,10.875],"rotation":0,"texture":"#0","tintindex":0},"west":{"uv":[10.5,10.125,10.75,10.375],"rotation":0,"texture":"#0","tintindex":0}}},{"name":"cube","from":[18.2,14.179999,13.429999],"to":[18.8,15.380001,15.83],"rotation":{"angle":45.0,"axis":"z","origin":[12.8,-3.8200011,10.43]},"faces":{"down":{"uv":[10.75,1.75,10.625,2.25],"rotation":0,"texture":"#0","tintindex":0},"east":{"uv":[10.0,6.875,10.5,7.125],"rotation":0,"texture":"#0","tintindex":0},"north":{"uv":[10.875,4.0,11.0,4.25],"rotation":0,"texture":"#0","tintindex":0},"south":{"uv":[10.875,4.25,11.0,4.5],"rotation":0,"texture":"#0","tintindex":0},"up":{"uv":[10.625,10.875,10.5,10.375],"rotation":0,"texture":"#0","tintindex":0},"west":{"uv":[10.125,1.125,10.625,1.375],"rotation":0,"texture":"#0","tintindex":0}}},{"name":"cube","from":[17.6,11.18,13.429999],"to":[18.2,15.380001,14.63],"rotation":{"angle":45.0,"axis":"z","origin":[12.8,-3.8200011,10.43]},"faces":{"down":{"uv":[10.875,9.0,10.75,9.25],"rotation":0,"texture":"#0","tintindex":0},"east":{"uv":[9.625,7.125,9.875,8.0],"rotation":0,"texture":"#0","tintindex":0},"north":{"uv":[8.375,10.25,8.5,11.125],"rotation":0,"texture":"#0","tintindex":0},"south":{"uv":[10.25,9.25,10.375,10.125],"rotation":0,"texture":"#0","tintindex":0},"up":{"uv":[10.875,9.0,10.75,8.75],"rotation":0,"texture":"#0","tintindex":0},"west":{"uv":[9.625,9.25,9.875,10.125],"rotation":0,"texture":"#0","tintindex":0}}},{"name":"cube","from":[17.6,9.98,11.63],"to":[18.2,14.179999,13.429999],"rotation":{"angle":45.0,"axis":"z","origin":[12.8,-3.8200011,10.43]},"faces":{"down":{"uv":[10.875,0.0,10.75,0.375],"rotation":0,"texture":"#0","tintindex":0},"east":{"uv":[3.5,8.75,3.875,9.625],"rotation":0,"texture":"#0","tintindex":0},"north":{"uv":[10.25,10.125,10.375,11.0],"rotation":0,"texture":"#0","tintindex":0},"south":{"uv":[10.375,0.0,10.5,0.875],"rotation":0,"texture":"#0","tintindex":0},"up":{"uv":[10.75,10.75,10.625,10.375],"rotation":0,"texture":"#0","tintindex":0},"west":{"uv":[3.875,8.75,4.25,9.625],"rotation":0,"texture":"#0","tintindex":0}}},{"name":"cube","from":[18.2,12.98,11.63],"to":[18.8,14.179999,13.429999],"rotation":{"angle":45.0,"axis":"z","origin":[12.8,-3.8200011,10.43]},"faces":{"down":{"uv":[2.875,10.75,2.75,11.125],"rotation":0,"texture":"#0","tintindex":0},"east":{"uv":[10.375,0.875,10.75,1.125],"rotation":0,"texture":"#0","tintindex":0},"north":{"uv":[3.625,10.875,3.75,11.125],"rotation":0,"texture":"#0","tintindex":0},"south":{"uv":[10.875,3.75,11.0,4.0],"rotation":0,"texture":"#0","tintindex":0},"up":{"uv":[2.75,11.125,2.625,10.75],"rotation":0,"texture":"#0","tintindex":0},"west":{"uv":[1.5,10.5,1.875,10.75],"rotation":0,"texture":"#0","tintindex":0}}},{"name":"cube","from":[17.6,7.5799994,8.030001],"to":[18.2,11.18,9.23],"rotation":{"angle":45.0,"axis":"z","origin":[12.8,-3.8200011,10.43]},"faces":{"down":{"uv":[10.75,10.75,10.625,11.0],"rotation":0,"texture":"#0","tintindex":0},"east":{"uv":[4.75,9.875,5.0,10.625],"rotation":0,"texture":"#0","tintindex":0},"north":{"uv":[10.375,9.625,10.5,10.375],"rotation":0,"texture":"#0","tintindex":0},"south":{"uv":[10.0,10.375,10.125,11.125],"rotation":0,"texture":"#0","tintindex":0},"up":{"uv":[10.875,10.75,10.75,10.5],"rotation":0,"texture":"#0","tintindex":0},"west":{"uv":[5.0,9.875,5.25,10.625],"rotation":0,"texture":"#0","tintindex":0}}}],"display":{"head":{"translation":[0.0,-6.4,0.0],"rotation":[0.0,0.0,0.0],"scale":[3.8095,3.8095,3.8095]}}}