{"textures":{"0":"modelengine:entity/dragon_statue"},"elements":[{"name":"cube","from":[7.4,3.1999998,14.0],"to":[8.0,8.6,19.400002],"rotation":{"angle":-22.5,"axis":"x","origin":[11.0,-8.200001,11.0]},"faces":{"down":{"uv":[10.25,5.625,10.125,6.75],"rotation":0,"texture":"#0","tintindex":0},"east":{"uv":[7.25,5.625,8.375,6.75],"rotation":0,"texture":"#0","tintindex":0},"north":{"uv":[10.0,9.25,10.125,10.375],"rotation":0,"texture":"#0","tintindex":0},"south":{"uv":[10.125,0.0,10.25,1.125],"rotation":0,"texture":"#0","tintindex":0},"up":{"uv":[10.25,4.125,10.125,3.0],"rotation":0,"texture":"#0","tintindex":0},"west":{"uv":[7.25,6.75,8.375,7.875],"rotation":0,"texture":"#0","tintindex":0}}},{"name":"cube","from":[7.4,3.1999998,19.400002],"to":[8.0,7.4,20.600002],"rotation":{"angle":-22.5,"axis":"x","origin":[11.0,-8.200001,11.0]},"faces":{"down":{"uv":[7.5,10.75,7.375,11.0],"rotation":0,"texture":"#0","tintindex":0},"east":{"uv":[3.5,9.625,3.75,10.5],"rotation":0,"texture":"#0","tintindex":0},"north":{"uv":[10.25,5.625,10.375,6.5],"rotation":0,"texture":"#0","tintindex":0},"south":{"uv":[6.125,10.25,6.25,11.125],"rotation":0,"texture":"#0","tintindex":0},"up":{"uv":[10.875,7.125,10.75,6.875],"rotation":0,"texture":"#0","tintindex":0},"west":{"uv":[3.75,9.625,4.0,10.5],"rotation":0,"texture":"#0","tintindex":0}}},{"name":"cube","from":[7.4,3.1999998,20.600002],"to":[8.0,5.6,21.2],"rotation":{"angle":-22.5,"axis":"x","origin":[11.0,-8.200001,11.0]},"faces":{"down":{"uv":[9.25,4.75,9.125,4.875],"rotation":0,"texture":"#0","tintindex":0},"east":{"uv":[7.125,10.5,7.25,11.0],"rotation":0,"texture":"#0","tintindex":0},"north":{"uv":[7.0,10.5,7.125,11.0],"rotation":0,"texture":"#0","tintindex":0},"south":{"uv":[10.5,8.875,10.625,9.375],"rotation":0,"texture":"#0","tintindex":0},"up":{"uv":[9.125,8.625,9.0,8.5],"rotation":0,"texture":"#0","tintindex":0},"west":{"uv":[9.125,10.5,9.25,11.0],"rotation":0,"texture":"#0","tintindex":0}}}],"display":{"head":{"translation":[0.0,-6.4,0.0],"rotation":[0.0,0.0,0.0],"scale":[3.8095,3.8095,3.8095]}}}