{"textures":{"0":"modelengine:entity/dragon_statue"},"elements":[{"name":"cube","from":[6.8,18.95,1.9999998],"to":[9.2,20.75,3.1999998],"rotation":{"angle":0.0,"axis":"x","origin":[8.0,8.0,8.0]},"faces":{"down":{"uv":[10.75,3.5,10.25,3.75],"rotation":0,"texture":"#0","tintindex":0},"east":{"uv":[5.25,10.5,5.5,10.875],"rotation":0,"texture":"#0","tintindex":0},"north":{"uv":[5.5,4.875,6.0,5.25],"rotation":0,"texture":"#0","tintindex":0},"south":{"uv":[9.875,7.375,10.375,7.75],"rotation":0,"texture":"#0","tintindex":0},"up":{"uv":[10.75,3.5,10.25,3.25],"rotation":0,"texture":"#0","tintindex":0},"west":{"uv":[5.5,10.5,5.75,10.875],"rotation":0,"texture":"#0","tintindex":0}}}],"display":{"head":{"translation":[0.0,-6.4,0.0],"rotation":[0.0,0.0,0.0],"scale":[3.8095,3.8095,3.8095]}}}