{"textures":{"0":"modelengine:entity/wasteland_shaman"},"elements":[{"name":"bottom","from":[5.6,13.400001,7.85],"to":[10.4,15.2,12.650001],"rotation":{"angle":0.0,"axis":"x","origin":[8.0,8.0,8.0]},"faces":{"down":{"uv":[9.75,4.25,9.25,5.25],"rotation":0,"texture":"#0","tintindex":0},"east":{"uv":[10.25,8.25,10.75,8.625],"rotation":0,"texture":"#0","tintindex":0},"north":{"uv":[12.0625,3.75,12.5625,4.125],"rotation":0,"texture":"#0","tintindex":0},"south":{"uv":[10.75,8.25,11.25,8.625],"rotation":0,"texture":"#0","tintindex":0},"up":{"uv":[9.25,5.125,8.75,4.125],"rotation":0,"texture":"#0","tintindex":0},"west":{"uv":[11.875,8.25,12.375,8.625],"rotation":0,"texture":"#0","tintindex":0}}},{"name":"bottom","from":[6.2,15.2,8.45],"to":[9.8,16.400002,10.25],"rotation":{"angle":0.0,"axis":"x","origin":[8.0,8.0,8.0]},"faces":{"down":{"uv":[9.75,4.25,9.25,5.25],"rotation":0,"texture":"#0","tintindex":0},"east":{"uv":[10.25,8.25,10.75,8.625],"rotation":0,"texture":"#0","tintindex":0},"north":{"uv":[12.125,3.75,12.5,4.0],"rotation":0,"texture":"#0","tintindex":0},"south":{"uv":[10.75,8.25,11.25,8.625],"rotation":0,"texture":"#0","tintindex":0},"up":{"uv":[8.8125,4.75,9.1875,5.125],"rotation":0,"texture":"#0","tintindex":0},"west":{"uv":[11.875,8.25,12.375,8.625],"rotation":0,"texture":"#0","tintindex":0}}},{"name":"cube","from":[3.1999998,14.6,12.2],"to":[4.3999996,15.8,13.400001],"rotation":{"angle":-22.5,"axis":"x","origin":[8.0,8.0,8.0]},"faces":{"down":{"uv":[8.0,0.0,8.125,0.25],"rotation":0,"texture":"#0","tintindex":0},"east":{"uv":[14.625,3.375,14.75,3.625],"rotation":0,"texture":"#0","tintindex":0},"north":{"uv":[14.625,3.375,14.75,3.625],"rotation":0,"texture":"#0","tintindex":0},"south":{"uv":[14.625,3.375,14.75,3.625],"rotation":0,"texture":"#0","tintindex":0},"up":{"uv":[8.0,0.0,8.125,0.25],"rotation":0,"texture":"#0","tintindex":0},"west":{"uv":[14.625,3.375,14.75,3.625],"rotation":0,"texture":"#0","tintindex":0}}},{"name":"cube","from":[2.8999999,15.8,11.900001],"to":[4.7,16.400002,13.7],"rotation":{"angle":-22.5,"axis":"x","origin":[8.0,8.0,8.0]},"faces":{"down":{"uv":[14.625,3.75,14.8125,4.125],"rotation":0,"texture":"#0","tintindex":0},"east":{"uv":[14.1875,4.375,14.375,4.5],"rotation":0,"texture":"#0","tintindex":0},"north":{"uv":[14.25,4.375,14.4375,4.5],"rotation":0,"texture":"#0","tintindex":0},"south":{"uv":[14.1875,4.375,14.375,4.5],"rotation":0,"texture":"#0","tintindex":0},"up":{"uv":[14.625,3.75,14.8125,4.125],"rotation":0,"texture":"#0","tintindex":0},"west":{"uv":[14.1875,4.375,14.375,4.5],"rotation":0,"texture":"#0","tintindex":0}}},{"name":"bottle","from":[2.6,12.2,11.6],"to":[5.0,14.6,14.0],"rotation":{"angle":-22.5,"axis":"x","origin":[8.0,8.0,8.0]},"faces":{"down":{"uv":[14.1875,4.375,14.4375,4.875],"rotation":0,"texture":"#0","tintindex":0},"east":{"uv":[14.1875,4.375,14.4375,4.875],"rotation":0,"texture":"#0","tintindex":0},"north":{"uv":[14.1875,4.375,14.4375,4.875],"rotation":0,"texture":"#0","tintindex":0},"south":{"uv":[14.1875,4.375,14.4375,4.875],"rotation":0,"texture":"#0","tintindex":0},"up":{"uv":[14.1875,4.375,14.4375,4.875],"rotation":0,"texture":"#0","tintindex":0},"west":{"uv":[14.1875,4.375,14.4375,4.875],"rotation":0,"texture":"#0","tintindex":0}}},{"name":"cube","from":[3.4999998,16.220001,12.44],"to":[4.1,16.82,13.04],"rotation":{"angle":-22.5,"axis":"x","origin":[8.0,8.0,8.0]},"faces":{"down":{"uv":[8.0,0.0,8.0625,0.125],"rotation":0,"texture":"#0","tintindex":0},"east":{"uv":[8.0,0.0,8.0625,0.125],"rotation":0,"texture":"#0","tintindex":0},"north":{"uv":[8.0,0.0,8.0625,0.125],"rotation":0,"texture":"#0","tintindex":0},"south":{"uv":[8.0,0.0,8.0625,0.125],"rotation":0,"texture":"#0","tintindex":0},"up":{"uv":[8.0,0.0,8.0625,0.125],"rotation":0,"texture":"#0","tintindex":0},"west":{"uv":[8.0,0.0,8.0625,0.125],"rotation":0,"texture":"#0","tintindex":0}}}],"display":{"head":{"translation":[0.0,-6.4,0.0],"rotation":[0.0,0.0,0.0],"scale":[3.8095,3.8095,3.8095]}}}