{"textures":{"0":"modelengine:entity/wasteland_shaman"},"elements":[{"name":"cube","from":[4.3999996,-7.1525574E-7,13.3],"to":[11.6,5.9999995,13.900001],"rotation":{"angle":-22.5,"axis":"x","origin":[8.0,-6.6000013,4.3]},"faces":{"down":{"uv":[13.25,3.125,12.5,3.25],"rotation":0,"texture":"#0","tintindex":0},"east":{"uv":[8.625,8.625,8.6875,9.875],"rotation":0,"texture":"#0","tintindex":0},"north":{"uv":[10.25,1.25,9.5,2.5],"rotation":0,"texture":"#0","tintindex":0},"south":{"uv":[9.5,1.25,10.25,2.5],"rotation":0,"texture":"#0","tintindex":0},"up":{"uv":[13.1875,7.75,12.4375,7.625],"rotation":0,"texture":"#0","tintindex":0},"west":{"uv":[10.375,9.125,10.4375,10.375],"rotation":0,"texture":"#0","tintindex":0}}}],"display":{"head":{"translation":[0.0,-6.4,0.0],"rotation":[0.0,0.0,0.0],"scale":[3.8095,3.8095,3.8095]}}}