{"textures":{"0":"modelengine:entity/wasteland_shaman"},"elements":[{"name":"cube","from":[8.0,0.7999997,5.3],"to":[8.0,8.0,10.700001],"rotation":{"angle":0.0,"axis":"x","origin":[11.0,0.7999997,7.1]},"faces":{"down":{"uv":[8.0,0.0,8.0,1.125],"rotation":0,"texture":"#0","tintindex":0},"east":{"uv":[13.875,5.375,13.3125,6.875],"rotation":0,"texture":"#0","tintindex":0},"north":{"uv":[8.0,0.0,8.0,1.5],"rotation":0,"texture":"#0","tintindex":0},"south":{"uv":[8.0,0.0,8.0,1.5],"rotation":0,"texture":"#0","tintindex":0},"up":{"uv":[8.0,0.0,8.0,1.125],"rotation":0,"texture":"#0","tintindex":0},"west":{"uv":[13.3125,5.375,13.875,6.875],"rotation":0,"texture":"#0","tintindex":0}}}],"display":{"head":{"translation":[0.0,-6.4,0.0],"rotation":[0.0,0.0,0.0],"scale":[3.8095,3.8095,3.8095]}}}