{"textures":{"0":"modelengine:entity/wasteland_shaman"},"elements":[{"name":"cube","from":[6.8,0.7999997,3.4999998],"to":[9.2,6.8,3.4999998],"rotation":{"angle":45.0,"axis":"x","origin":[8.0,1.9999998,8.0]},"faces":{"down":{"uv":[8.0,0.0,8.1875,0.0],"rotation":0,"texture":"#0","tintindex":0},"east":{"uv":[8.0,0.0,8.0,1.25],"rotation":0,"texture":"#0","tintindex":0},"north":{"uv":[14.25,2.875,14.5,4.125],"rotation":0,"texture":"#0","tintindex":0},"south":{"uv":[14.5,2.875,14.25,4.125],"rotation":0,"texture":"#0","tintindex":0},"up":{"uv":[8.0,0.0,8.1875,0.0],"rotation":0,"texture":"#0","tintindex":0},"west":{"uv":[8.0,0.0,8.0,1.25],"rotation":0,"texture":"#0","tintindex":0}}}],"display":{"head":{"translation":[0.0,-6.4,0.0],"rotation":[0.0,0.0,0.0],"scale":[3.8095,3.8095,3.8095]}}}