{"textures":{"0":"modelengine:entity/wasteland_shaman"},"elements":[{"name":"cube","from":[9.2,8.871038,3.7324674],"to":[9.8,10.071039,4.3324676],"rotation":{"angle":0.0,"axis":"x","origin":[8.0,-11.528963,9.132467]},"faces":{"down":{"uv":[9.125,9.5,9.0625,9.625],"rotation":0,"texture":"#0","tintindex":0},"east":{"uv":[12.75,0.5,12.8125,0.75],"rotation":0,"texture":"#0","tintindex":0},"north":{"uv":[8.25,9.5,8.3125,9.75],"rotation":0,"texture":"#0","tintindex":0},"south":{"uv":[8.3125,9.5,8.375,9.75],"rotation":0,"texture":"#0","tintindex":0},"up":{"uv":[9.0625,9.625,9.0,9.5],"rotation":0,"texture":"#0","tintindex":0},"west":{"uv":[8.375,9.5,8.4375,9.75],"rotation":0,"texture":"#0","tintindex":0}}},{"name":"cube","from":[6.2,8.02251,4.5809956],"to":[6.8,8.622509,6.3809958],"rotation":{"angle":0.0,"axis":"x","origin":[5.0,-11.177491,6.9809957]},"faces":{"down":{"uv":[11.5625,9.25,11.5,9.625],"rotation":0,"texture":"#0","tintindex":0},"east":{"uv":[11.9375,9.25,12.125,9.375],"rotation":0,"texture":"#0","tintindex":0},"north":{"uv":[9.125,9.5,9.1875,9.625],"rotation":0,"texture":"#0","tintindex":0},"south":{"uv":[9.1875,9.5,9.25,9.625],"rotation":0,"texture":"#0","tintindex":0},"up":{"uv":[9.4375,9.625,9.375,9.25],"rotation":0,"texture":"#0","tintindex":0},"west":{"uv":[12.625,8.0,12.8125,8.125],"rotation":0,"texture":"#0","tintindex":0}}},{"name":"cube","from":[6.2,0.5063615,-9.673421],"to":[6.8,1.1063614,-8.47342],"rotation":{"angle":45.0,"axis":"x","origin":[5.0,-11.493638,7.12658]},"faces":{"down":{"uv":[8.9375,9.5,8.875,9.75],"rotation":0,"texture":"#0","tintindex":0},"east":{"uv":[11.375,6.375,11.5,6.5],"rotation":0,"texture":"#0","tintindex":0},"north":{"uv":[12.75,3.75,12.8125,3.875],"rotation":0,"texture":"#0","tintindex":0},"south":{"uv":[12.75,3.875,12.8125,4.0],"rotation":0,"texture":"#0","tintindex":0},"up":{"uv":[8.8125,9.75,8.75,9.5],"rotation":0,"texture":"#0","tintindex":0},"west":{"uv":[9.0,7.375,9.125,7.5],"rotation":0,"texture":"#0","tintindex":0}}},{"name":"cube","from":[6.2,8.871038,3.7324674],"to":[6.8,10.071039,4.3324676],"rotation":{"angle":0.0,"axis":"x","origin":[5.0,-11.528963,9.132467]},"faces":{"down":{"uv":[9.375,9.5,9.3125,9.625],"rotation":0,"texture":"#0","tintindex":0},"east":{"uv":[8.5625,9.5,8.625,9.75],"rotation":0,"texture":"#0","tintindex":0},"north":{"uv":[8.5,9.5,8.5625,9.75],"rotation":0,"texture":"#0","tintindex":0},"south":{"uv":[12.75,1.25,12.8125,1.5],"rotation":0,"texture":"#0","tintindex":0},"up":{"uv":[9.3125,9.625,9.25,9.5],"rotation":0,"texture":"#0","tintindex":0},"west":{"uv":[8.6875,9.5,8.75,9.75],"rotation":0,"texture":"#0","tintindex":0}}},{"name":"cube","from":[9.2,8.02251,4.5809956],"to":[9.8,8.622509,6.3809958],"rotation":{"angle":0.0,"axis":"x","origin":[8.0,-11.177491,6.9809957]},"faces":{"down":{"uv":[8.875,9.25,8.8125,9.625],"rotation":0,"texture":"#0","tintindex":0},"east":{"uv":[12.625,7.0,12.8125,7.125],"rotation":0,"texture":"#0","tintindex":0},"north":{"uv":[11.5625,9.25,11.625,9.375],"rotation":0,"texture":"#0","tintindex":0},"south":{"uv":[12.6875,7.5,12.75,7.625],"rotation":0,"texture":"#0","tintindex":0},"up":{"uv":[8.75,8.25,8.6875,7.875],"rotation":0,"texture":"#0","tintindex":0},"west":{"uv":[12.625,7.125,12.8125,7.25],"rotation":0,"texture":"#0","tintindex":0}}},{"name":"cube","from":[9.2,0.5063615,-9.673421],"to":[9.8,1.1063614,-8.47342],"rotation":{"angle":45.0,"axis":"x","origin":[8.0,-11.493638,7.12658]},"faces":{"down":{"uv":[8.25,9.5,8.1875,9.75],"rotation":0,"texture":"#0","tintindex":0},"east":{"uv":[10.625,2.125,10.75,2.25],"rotation":0,"texture":"#0","tintindex":0},"north":{"uv":[12.75,1.5,12.8125,1.625],"rotation":0,"texture":"#0","tintindex":0},"south":{"uv":[8.9375,9.5,9.0,9.625],"rotation":0,"texture":"#0","tintindex":0},"up":{"uv":[12.8125,0.5,12.75,0.25],"rotation":0,"texture":"#0","tintindex":0},"west":{"uv":[9.125,6.625,9.25,6.75],"rotation":0,"texture":"#0","tintindex":0}}},{"name":"cube","from":[5.8999996,9.82251,12.380996],"to":[6.8,12.82251,13.580996],"rotation":{"angle":-22.5,"axis":"x","origin":[8.6,-7.577491,6.9809957]},"faces":{"down":{"uv":[8.8125,9.25,8.6875,9.5],"rotation":0,"texture":"#0","tintindex":0},"east":{"uv":[9.5,9.125,9.625,9.75],"rotation":0,"texture":"#0","tintindex":0},"north":{"uv":[10.625,1.5,10.75,2.125],"rotation":0,"texture":"#0","tintindex":0},"south":{"uv":[9.625,9.125,9.75,9.75],"rotation":0,"texture":"#0","tintindex":0},"up":{"uv":[11.375,8.5,11.25,8.25],"rotation":0,"texture":"#0","tintindex":0},"west":{"uv":[9.75,9.125,9.875,9.75],"rotation":0,"texture":"#0","tintindex":0}}},{"name":"cube","from":[9.2,9.82251,12.380996],"to":[10.1,12.82251,13.580996],"rotation":{"angle":-22.5,"axis":"x","origin":[7.4,-7.577491,6.9809957]},"faces":{"down":{"uv":[8.6875,9.25,8.8125,9.5],"rotation":0,"texture":"#0","tintindex":0},"east":{"uv":[9.875,9.125,9.75,9.75],"rotation":0,"texture":"#0","tintindex":0},"north":{"uv":[10.75,1.5,10.625,2.125],"rotation":0,"texture":"#0","tintindex":0},"south":{"uv":[9.75,9.125,9.625,9.75],"rotation":0,"texture":"#0","tintindex":0},"up":{"uv":[11.25,8.5,11.375,8.25],"rotation":0,"texture":"#0","tintindex":0},"west":{"uv":[9.625,9.125,9.5,9.75],"rotation":0,"texture":"#0","tintindex":0}}},{"name":"cube","from":[7.4,11.32251,4.5809956],"to":[8.6,12.52251,6.9809957],"rotation":{"angle":0.0,"axis":"x","origin":[8.6,-7.577491,6.9809957]},"faces":{"down":{"uv":[10.75,6.75,10.625,7.25],"rotation":0,"texture":"#0","tintindex":0},"east":{"uv":[10.9375,9.125,11.1875,9.375],"rotation":0,"texture":"#0","tintindex":0},"north":{"uv":[12.625,6.5,12.75,6.75],"rotation":0,"texture":"#0","tintindex":0},"south":{"uv":[12.625,6.75,12.75,7.0],"rotation":0,"texture":"#0","tintindex":0},"up":{"uv":[11.375,5.75,11.25,5.25],"rotation":0,"texture":"#0","tintindex":0},"west":{"uv":[11.625,9.125,11.875,9.375],"rotation":0,"texture":"#0","tintindex":0}}},{"name":"cube","from":[6.8,10.122509,4.2809954],"to":[9.2,11.922509,6.0809956],"rotation":{"angle":0.0,"axis":"x","origin":[8.6,-7.577491,6.9809957]},"faces":{"down":{"uv":[12.75,1.25,12.5,1.625],"rotation":0,"texture":"#0","tintindex":0},"east":{"uv":[12.0,5.75,12.1875,6.125],"rotation":0,"texture":"#0","tintindex":0},"north":{"uv":[10.875,1.25,11.125,1.625],"rotation":0,"texture":"#0","tintindex":0},"south":{"uv":[10.6875,9.125,10.9375,9.375],"rotation":0,"texture":"#0","tintindex":0},"up":{"uv":[12.6875,7.625,12.4375,7.25],"rotation":0,"texture":"#0","tintindex":0},"west":{"uv":[12.625,0.75,12.8125,1.125],"rotation":0,"texture":"#0","tintindex":0}}},{"name":"cube","from":[6.95,9.222509,4.5809956],"to":[7.55,10.42251,5.1809955],"rotation":{"angle":0.0,"axis":"x","origin":[8.0,-11.177491,6.9809957]},"faces":{"down":{"uv":[11.75,7.75,11.6875,7.875],"rotation":0,"texture":"#0","tintindex":0},"east":{"uv":[12.1875,9.375,12.25,9.625],"rotation":0,"texture":"#0","tintindex":0},"north":{"uv":[12.125,9.375,12.1875,9.625],"rotation":0,"texture":"#0","tintindex":0},"south":{"uv":[12.25,9.375,12.3125,9.625],"rotation":0,"texture":"#0","tintindex":0},"up":{"uv":[11.6875,7.875,11.625,7.75],"rotation":0,"texture":"#0","tintindex":0},"west":{"uv":[12.375,9.375,12.4375,9.625],"rotation":0,"texture":"#0","tintindex":0}}},{"name":"cube","from":[6.2,9.82251,5.1809955],"to":[6.8,11.02251,5.7809954],"rotation":{"angle":0.0,"axis":"x","origin":[8.0,-11.177491,6.9809957]},"faces":{"down":{"uv":[11.9375,6.625,11.875,6.75],"rotation":0,"texture":"#0","tintindex":0},"east":{"uv":[11.9375,9.375,12.0,9.625],"rotation":0,"texture":"#0","tintindex":0},"north":{"uv":[11.8125,9.375,11.875,9.625],"rotation":0,"texture":"#0","tintindex":0},"south":{"uv":[12.0,9.375,12.0625,9.625],"rotation":0,"texture":"#0","tintindex":0},"up":{"uv":[8.5,7.875,8.4375,7.75],"rotation":0,"texture":"#0","tintindex":0},"west":{"uv":[12.0625,9.375,12.125,9.625],"rotation":0,"texture":"#0","tintindex":0}}},{"name":"cube","from":[5.6,6.8225093,5.7809954],"to":[6.2,12.222509,9.380996],"rotation":{"angle":0.0,"axis":"x","origin":[8.6,-7.577491,6.9809957]},"faces":{"down":{"uv":[12.625,8.0,12.5625,8.75],"rotation":0,"texture":"#0","tintindex":0},"east":{"uv":[8.0,4.375,8.375,5.5],"rotation":0,"texture":"#0","tintindex":0},"north":{"uv":[10.4375,9.125,10.5,10.25],"rotation":0,"texture":"#0","tintindex":0},"south":{"uv":[10.5,9.125,10.5625,10.25],"rotation":0,"texture":"#0","tintindex":0},"up":{"uv":[8.5,7.75,8.4375,7.0],"rotation":0,"texture":"#0","tintindex":0},"west":{"uv":[8.375,4.375,8.75,5.5],"rotation":0,"texture":"#0","tintindex":0}}},{"name":"cube","from":[6.8,12.672509,6.3809958],"to":[9.2,13.27251,8.780996],"rotation":{"angle":0.0,"axis":"x","origin":[8.6,-7.577491,6.9809957]},"faces":{"down":{"uv":[12.625,0.5,12.375,1.0],"rotation":0,"texture":"#0","tintindex":0},"east":{"uv":[12.625,6.25,12.875,6.375],"rotation":0,"texture":"#0","tintindex":0},"north":{"uv":[9.25,4.125,9.5,4.25],"rotation":0,"texture":"#0","tintindex":0},"south":{"uv":[12.625,6.375,12.875,6.5],"rotation":0,"texture":"#0","tintindex":0},"up":{"uv":[12.625,0.5,12.375,0.0],"rotation":0,"texture":"#0","tintindex":0},"west":{"uv":[11.25,9.25,11.5,9.375],"rotation":0,"texture":"#0","tintindex":0}}},{"name":"cube","from":[6.2,8.02251,6.3809958],"to":[9.8,11.62251,9.980995],"rotation":{"angle":0.0,"axis":"x","origin":[8.6,-7.577491,6.9809957]},"faces":{"down":{"uv":[11.625,3.0,11.25,3.75],"rotation":0,"texture":"#0","tintindex":0},"east":{"uv":[11.125,0.0,11.5,0.75],"rotation":0,"texture":"#0","tintindex":0},"north":{"uv":[11.0,5.75,11.375,6.5],"rotation":0,"texture":"#0","tintindex":0},"south":{"uv":[11.125,0.75,11.5,1.5],"rotation":0,"texture":"#0","tintindex":0},"up":{"uv":[11.5,3.0,11.125,2.25],"rotation":0,"texture":"#0","tintindex":0},"west":{"uv":[11.125,1.5,11.5,2.25],"rotation":0,"texture":"#0","tintindex":0}}},{"name":"cube","from":[6.5,12.222509,6.0809956],"to":[9.5,12.82251,9.080996],"rotation":{"angle":0.0,"axis":"x","origin":[8.6,-7.577491,6.9809957]},"faces":{"down":{"uv":[12.1875,6.0,11.875,6.625],"rotation":0,"texture":"#0","tintindex":0},"east":{"uv":[12.625,3.625,12.9375,3.75],"rotation":0,"texture":"#0","tintindex":0},"north":{"uv":[12.625,3.5,12.9375,3.625],"rotation":0,"texture":"#0","tintindex":0},"south":{"uv":[12.625,5.75,12.9375,5.875],"rotation":0,"texture":"#0","tintindex":0},"up":{"uv":[12.1875,5.0,11.875,4.375],"rotation":0,"texture":"#0","tintindex":0},"west":{"uv":[12.625,5.875,12.9375,6.0],"rotation":0,"texture":"#0","tintindex":0}}},{"name":"cube","from":[6.2,11.62251,5.4809957],"to":[9.8,12.222509,9.680996],"rotation":{"angle":0.0,"axis":"x","origin":[8.6,-7.577491,6.9809957]},"faces":{"down":{"uv":[11.125,2.375,10.75,3.25],"rotation":0,"texture":"#0","tintindex":0},"east":{"uv":[11.9375,7.75,12.375,7.875],"rotation":0,"texture":"#0","tintindex":0},"north":{"uv":[11.9375,9.125,12.3125,9.25],"rotation":0,"texture":"#0","tintindex":0},"south":{"uv":[12.5625,7.875,12.9375,8.0],"rotation":0,"texture":"#0","tintindex":0},"up":{"uv":[11.125,2.375,10.75,1.5],"rotation":0,"texture":"#0","tintindex":0},"west":{"uv":[12.5625,7.75,13.0,7.875],"rotation":0,"texture":"#0","tintindex":0}}},{"name":"cube","from":[9.8,6.8225093,5.7809954],"to":[10.4,12.222509,9.380996],"rotation":{"angle":0.0,"axis":"x","origin":[8.6,-7.577491,6.9809957]},"faces":{"down":{"uv":[12.625,8.75,12.5625,9.5],"rotation":0,"texture":"#0","tintindex":0},"east":{"uv":[10.25,0.0,10.625,1.125],"rotation":0,"texture":"#0","tintindex":0},"north":{"uv":[10.5625,9.125,10.625,10.25],"rotation":0,"texture":"#0","tintindex":0},"south":{"uv":[10.625,9.125,10.6875,10.25],"rotation":0,"texture":"#0","tintindex":0},"up":{"uv":[12.375,9.875,12.3125,9.125],"rotation":0,"texture":"#0","tintindex":0},"west":{"uv":[10.25,1.125,10.625,2.25],"rotation":0,"texture":"#0","tintindex":0}}},{"name":"cube","from":[8.45,9.222509,4.5809956],"to":[9.05,10.42251,5.1809955],"rotation":{"angle":0.0,"axis":"x","origin":[8.0,-11.177491,6.9809957]},"faces":{"down":{"uv":[8.9375,8.375,8.875,8.5],"rotation":0,"texture":"#0","tintindex":0},"east":{"uv":[12.5,9.375,12.5625,9.625],"rotation":0,"texture":"#0","tintindex":0},"north":{"uv":[12.4375,9.375,12.5,9.625],"rotation":0,"texture":"#0","tintindex":0},"south":{"uv":[12.625,9.375,12.6875,9.625],"rotation":0,"texture":"#0","tintindex":0},"up":{"uv":[8.75,8.375,8.6875,8.25],"rotation":0,"texture":"#0","tintindex":0},"west":{"uv":[12.6875,9.375,12.75,9.625],"rotation":0,"texture":"#0","tintindex":0}}},{"name":"cube","from":[7.7,9.222509,4.5809956],"to":[8.3,10.42251,5.1809955],"rotation":{"angle":0.0,"axis":"x","origin":[8.0,-11.177491,6.9809957]},"faces":{"down":{"uv":[12.4375,7.25,12.375,7.375],"rotation":0,"texture":"#0","tintindex":0},"east":{"uv":[12.75,0.0,12.8125,0.25],"rotation":0,"texture":"#0","tintindex":0},"north":{"uv":[8.0,9.5,8.0625,9.75],"rotation":0,"texture":"#0","tintindex":0},"south":{"uv":[8.0625,9.5,8.125,9.75],"rotation":0,"texture":"#0","tintindex":0},"up":{"uv":[9.0,8.5,8.9375,8.375],"rotation":0,"texture":"#0","tintindex":0},"west":{"uv":[8.125,9.5,8.1875,9.75],"rotation":0,"texture":"#0","tintindex":0}}},{"name":"cube","from":[9.2,9.82251,5.1809955],"to":[9.8,11.02251,5.7809954],"rotation":{"angle":0.0,"axis":"x","origin":[8.0,-11.177491,6.9809957]},"faces":{"down":{"uv":[11.5,7.625,11.4375,7.75],"rotation":0,"texture":"#0","tintindex":0},"east":{"uv":[11.125,9.375,11.1875,9.625],"rotation":0,"texture":"#0","tintindex":0},"north":{"uv":[11.0625,9.375,11.125,9.625],"rotation":0,"texture":"#0","tintindex":0},"south":{"uv":[11.4375,9.375,11.5,9.625],"rotation":0,"texture":"#0","tintindex":0},"up":{"uv":[11.4375,7.75,11.375,7.625],"rotation":0,"texture":"#0","tintindex":0},"west":{"uv":[11.75,9.375,11.8125,9.625],"rotation":0,"texture":"#0","tintindex":0}}}],"display":{"head":{"translation":[0.0,-6.4,0.0],"rotation":[0.0,0.0,0.0],"scale":[3.8095,3.8095,3.8095]}}}