{"textures":{"0":"modelengine:entity/wasteland_shaman"},"elements":[{"name":"cube","from":[11.6,8.9,7.1],"to":[15.2,10.1,10.700001],"rotation":{"angle":22.5,"axis":"z","origin":[11.6,-8.650001,7.1]},"faces":{"down":{"uv":[11.875,1.5,11.5,2.25],"rotation":0,"texture":"#0","tintindex":0},"east":{"uv":[12.5,1.875,12.875,2.125],"rotation":0,"texture":"#0","tintindex":0},"north":{"uv":[12.5,1.625,12.875,1.875],"rotation":0,"texture":"#0","tintindex":0},"south":{"uv":[12.5,2.625,12.875,2.875],"rotation":0,"texture":"#0","tintindex":0},"up":{"uv":[11.75,6.0,11.375,5.25],"rotation":0,"texture":"#0","tintindex":0},"west":{"uv":[12.5,2.875,12.875,3.125],"rotation":0,"texture":"#0","tintindex":0}}},{"name":"cube","from":[6.2,3.9499998,7.7],"to":[8.0,9.35,10.1],"rotation":{"angle":0.0,"axis":"x","origin":[11.6,-5.05,7.1]},"faces":{"down":{"uv":[12.5625,7.75,12.375,8.25],"rotation":0,"texture":"#0","tintindex":0},"east":{"uv":[8.5,6.75,8.75,7.875],"rotation":0,"texture":"#0","tintindex":0},"north":{"uv":[11.75,6.75,11.9375,7.875],"rotation":0,"texture":"#0","tintindex":0},"south":{"uv":[11.875,1.0,12.0625,2.125],"rotation":0,"texture":"#0","tintindex":0},"up":{"uv":[11.875,1.5,11.6875,1.0],"rotation":0,"texture":"#0","tintindex":0},"west":{"uv":[9.5,6.75,9.75,7.875],"rotation":0,"texture":"#0","tintindex":0}}},{"name":"cube","from":[5.3,1.9999998,7.4],"to":[5.3,8.6,10.4],"rotation":{"angle":0.0,"axis":"x","origin":[8.0,8.0,8.0]},"faces":{"down":{"uv":[8.0,0.0,8.0,0.625],"rotation":0,"texture":"#0","tintindex":0},"east":{"uv":[13.625,7.125,13.3125,8.5],"rotation":0,"texture":"#0","tintindex":0},"north":{"uv":[8.0,0.0,8.0,1.375],"rotation":0,"texture":"#0","tintindex":0},"south":{"uv":[8.0,0.0,8.0,1.375],"rotation":0,"texture":"#0","tintindex":0},"up":{"uv":[8.0,0.0,8.0,0.625],"rotation":0,"texture":"#0","tintindex":0},"west":{"uv":[13.3125,7.125,13.625,8.5],"rotation":0,"texture":"#0","tintindex":0}}}],"display":{"head":{"translation":[0.0,-6.4,0.0],"rotation":[0.0,0.0,0.0],"scale":[3.8095,3.8095,3.8095]}}}