{"textures":{"0":"modelengine:entity/wasteland_shaman"},"elements":[{"name":"cube","from":[5.825,1.7381738,7.4905286],"to":[8.225,8.938174,9.890529],"rotation":{"angle":-22.5,"axis":"x","origin":[8.975,5.9381742,8.0905285]},"faces":{"down":{"uv":[10.5,8.625,10.25,9.125],"rotation":0,"texture":"#0","tintindex":0},"east":{"uv":[9.0,5.125,9.25,6.625],"rotation":0,"texture":"#0","tintindex":0},"north":{"uv":[8.75,5.125,9.0,6.625],"rotation":0,"texture":"#0","tintindex":0},"south":{"uv":[10.625,0.0,10.875,1.5],"rotation":0,"texture":"#0","tintindex":0},"up":{"uv":[10.25,9.125,10.0,8.625],"rotation":0,"texture":"#0","tintindex":0},"west":{"uv":[9.25,5.25,9.5,6.75],"rotation":0,"texture":"#0","tintindex":0}}}],"display":{"head":{"translation":[0.0,-6.4,0.0],"rotation":[0.0,0.0,0.0],"scale":[3.8095,3.8095,3.8095]}}}