{"textures":{"0":"modelengine:entity/wasteland_shaman"},"elements":[{"name":"cube","from":[6.5,7.1,4.3999996],"to":[9.5,8.9,9.2],"rotation":{"angle":0.0,"axis":"x","origin":[6.05,11.900001,6.2]},"faces":{"down":{"uv":[12.0,5.0,11.75,6.0],"rotation":0,"texture":"#0","tintindex":0},"east":{"uv":[12.0,5.0,12.5,5.375],"rotation":0,"texture":"#0","tintindex":0},"north":{"uv":[12.375,6.5,12.625,6.875],"rotation":0,"texture":"#0","tintindex":0},"south":{"uv":[12.375,6.875,12.625,7.25],"rotation":0,"texture":"#0","tintindex":0},"up":{"uv":[9.5,8.5,9.25,7.5],"rotation":0,"texture":"#0","tintindex":0},"west":{"uv":[12.0,5.375,12.5,5.75],"rotation":0,"texture":"#0","tintindex":0}}}],"display":{"head":{"translation":[0.0,-6.4,0.0],"rotation":[0.0,0.0,0.0],"scale":[3.8095,3.8095,3.8095]}}}