{"textures":{"0":"modelengine:entity/wasteland_shaman"},"elements":[{"name":"cube","from":[10.700001,1.9999998,7.4],"to":[10.700001,8.6,10.4],"rotation":{"angle":0.0,"axis":"x","origin":[8.0,8.0,8.0]},"faces":{"down":{"uv":[8.0,0.0,8.0,0.625],"rotation":0,"texture":"#0","tintindex":0},"east":{"uv":[13.625,7.125,13.3125,8.5],"rotation":0,"texture":"#0","tintindex":0},"north":{"uv":[8.0,0.0,8.0,1.375],"rotation":0,"texture":"#0","tintindex":0},"south":{"uv":[8.0,0.0,8.0,1.375],"rotation":0,"texture":"#0","tintindex":0},"up":{"uv":[8.0,0.0,8.0,0.625],"rotation":0,"texture":"#0","tintindex":0},"west":{"uv":[13.3125,7.125,13.625,8.5],"rotation":0,"texture":"#0","tintindex":0}}},{"name":"cube","from":[0.7999997,8.9,7.1],"to":[4.3999996,10.1,10.700001],"rotation":{"angle":-22.5,"axis":"z","origin":[4.3999996,-8.650001,7.1]},"faces":{"down":{"uv":[11.875,6.0,11.5,6.75],"rotation":0,"texture":"#0","tintindex":0},"east":{"uv":[12.5,4.625,12.875,4.875],"rotation":0,"texture":"#0","tintindex":0},"north":{"uv":[12.5,4.375,12.875,4.625],"rotation":0,"texture":"#0","tintindex":0},"south":{"uv":[12.5,4.875,12.875,5.125],"rotation":0,"texture":"#0","tintindex":0},"up":{"uv":[11.875,3.0,11.5,2.25],"rotation":0,"texture":"#0","tintindex":0},"west":{"uv":[12.5,5.125,12.875,5.375],"rotation":0,"texture":"#0","tintindex":0}}},{"name":"cube","from":[8.0,3.9499998,7.7],"to":[9.8,9.35,10.1],"rotation":{"angle":0.0,"axis":"x","origin":[4.3999996,-5.05,7.1]},"faces":{"down":{"uv":[12.5625,8.75,12.375,9.25],"rotation":0,"texture":"#0","tintindex":0},"east":{"uv":[9.75,6.75,10.0,7.875],"rotation":0,"texture":"#0","tintindex":0},"north":{"uv":[11.875,2.125,12.0625,3.25],"rotation":0,"texture":"#0","tintindex":0},"south":{"uv":[11.875,3.25,12.0625,4.375],"rotation":0,"texture":"#0","tintindex":0},"up":{"uv":[12.5625,8.75,12.375,8.25],"rotation":0,"texture":"#0","tintindex":0},"west":{"uv":[10.0,6.75,10.25,7.875],"rotation":0,"texture":"#0","tintindex":0}}}],"display":{"head":{"translation":[0.0,-6.4,0.0],"rotation":[0.0,0.0,0.0],"scale":[3.8095,3.8095,3.8095]}}}