{"textures":{"0":"modelengine:entity/wasteland_shaman"},"elements":[{"name":"cube","from":[6.8,1.9999998,6.8],"to":[9.2,8.0,9.2],"rotation":{"angle":0.0,"axis":"x","origin":[3.1999998,-1.0000005,6.2]},"faces":{"down":{"uv":[12.375,8.625,12.125,9.125],"rotation":0,"texture":"#0","tintindex":0},"east":{"uv":[10.875,0.0,11.125,1.25],"rotation":0,"texture":"#0","tintindex":0},"north":{"uv":[10.75,5.25,11.0,6.5],"rotation":0,"texture":"#0","tintindex":0},"south":{"uv":[11.0,3.25,11.25,4.5],"rotation":0,"texture":"#0","tintindex":0},"up":{"uv":[12.125,9.125,11.875,8.625],"rotation":0,"texture":"#0","tintindex":0},"west":{"uv":[11.0,4.5,11.25,5.75],"rotation":0,"texture":"#0","tintindex":0}}}],"display":{"head":{"translation":[0.0,-6.4,0.0],"rotation":[0.0,0.0,0.0],"scale":[3.8095,3.8095,3.8095]}}}