{"textures":{"0":"modelengine:entity/wasteland_shaman"},"elements":[{"name":"cube","from":[7.25,-4.3000007,8.0],"to":[10.25,-1.3000002,11.0],"rotation":{"angle":22.5,"axis":"x","origin":[6.5,-2.5000005,34.4]},"faces":{"down":{"uv":[13.6875,4.125,14.0,4.75],"rotation":0,"texture":"#0","tintindex":0},"east":{"uv":[13.6875,2.875,14.0,3.5],"rotation":0,"texture":"#0","tintindex":0},"north":{"uv":[13.375,4.125,13.6875,4.75],"rotation":0,"texture":"#0","tintindex":0},"south":{"uv":[13.375,2.875,13.6875,3.5],"rotation":0,"texture":"#0","tintindex":0},"up":{"uv":[13.375,3.5,13.6875,4.125],"rotation":0,"texture":"#0","tintindex":0},"west":{"uv":[13.6875,3.5,14.0,4.125],"rotation":0,"texture":"#0","tintindex":0}}},{"name":"cube","from":[6.95,8.3,8.6],"to":[7.55,8.9,15.2],"rotation":{"angle":0.0,"axis":"x","origin":[6.5,-3.1000004,34.4]},"faces":{"down":{"uv":[15.0,1.25,15.0625,2.625],"rotation":0,"texture":"#0","tintindex":0},"east":{"uv":[14.25,1.75,14.9375,1.875],"rotation":0,"texture":"#0","tintindex":0},"north":{"uv":[8.0,0.0,8.0625,0.125],"rotation":0,"texture":"#0","tintindex":0},"south":{"uv":[8.0,0.0,8.0625,0.125],"rotation":0,"texture":"#0","tintindex":0},"up":{"uv":[15.0,1.25,15.0625,2.625],"rotation":0,"texture":"#0","tintindex":0},"west":{"uv":[14.25,1.75,14.9375,1.875],"rotation":0,"texture":"#0","tintindex":0}}},{"name":"cube","from":[7.1,7.4,12.799999],"to":[10.1,10.4,15.8],"rotation":{"angle":0.0,"axis":"x","origin":[6.5,-2.5000005,34.4]},"faces":{"down":{"uv":[13.6875,4.125,14.0,4.75],"rotation":0,"texture":"#0","tintindex":0},"east":{"uv":[13.6875,2.875,14.0,3.5],"rotation":0,"texture":"#0","tintindex":0},"north":{"uv":[13.375,4.125,13.6875,4.75],"rotation":0,"texture":"#0","tintindex":0},"south":{"uv":[13.375,2.875,13.6875,3.5],"rotation":0,"texture":"#0","tintindex":0},"up":{"uv":[13.375,3.5,13.6875,4.125],"rotation":0,"texture":"#0","tintindex":0},"west":{"uv":[13.6875,3.5,14.0,4.125],"rotation":0,"texture":"#0","tintindex":0}}},{"name":"cube","from":[6.95,-3.1000004,5.6],"to":[7.55,-2.5000005,9.799999],"rotation":{"angle":22.5,"axis":"x","origin":[6.5,-3.1000004,34.4]},"faces":{"down":{"uv":[15.0,1.25,15.0625,2.125],"rotation":0,"texture":"#0","tintindex":0},"east":{"uv":[14.25,1.75,14.6875,1.875],"rotation":0,"texture":"#0","tintindex":0},"north":{"uv":[8.0,0.0,8.0625,0.125],"rotation":0,"texture":"#0","tintindex":0},"south":{"uv":[8.0,0.0,8.0625,0.125],"rotation":0,"texture":"#0","tintindex":0},"up":{"uv":[15.0,1.25,15.0625,2.125],"rotation":0,"texture":"#0","tintindex":0},"west":{"uv":[14.25,1.75,14.6875,1.875],"rotation":0,"texture":"#0","tintindex":0}}}],"display":{"head":{"translation":[0.0,-6.4,0.0],"rotation":[0.0,0.0,0.0],"scale":[3.8095,3.8095,3.8095]}}}