{"textures":{"0":"modelengine:entity/wasteland_shaman"},"elements":[{"name":"cube","from":[6.3199997,6.3199997,6.3199997],"to":[9.68,9.68,9.68],"rotation":{"angle":0.0,"axis":"x","origin":[8.0,6.3199997,8.0]},"faces":{"down":{"uv":[6.0,0.0,4.0,4.0],"rotation":0,"texture":"#0","tintindex":0},"east":{"uv":[0.0,0.0,2.0,4.0],"rotation":0,"texture":"#0","tintindex":0},"north":{"uv":[0.0,0.0,2.0,4.0],"rotation":0,"texture":"#0","tintindex":0},"south":{"uv":[0.0,0.0,2.0,4.0],"rotation":0,"texture":"#0","tintindex":0},"up":{"uv":[2.0,12.0,0.0,8.0],"rotation":0,"texture":"#0","tintindex":0},"west":{"uv":[0.0,0.0,2.0,4.0],"rotation":0,"texture":"#0","tintindex":0}}},{"name":"cube","from":[7.16,9.68,7.16],"to":[8.84,10.940001,8.84],"rotation":{"angle":0.0,"axis":"x","origin":[8.0,6.3199997,8.0]},"faces":{"down":{"uv":[13.5,7.0,12.5,9.0],"rotation":0,"texture":"#0","tintindex":0},"east":{"uv":[4.5,9.0,5.5,10.5],"rotation":0,"texture":"#0","tintindex":0},"north":{"uv":[4.5,10.5,5.5,12.0],"rotation":0,"texture":"#0","tintindex":0},"south":{"uv":[4.5,10.5,5.5,12.0],"rotation":0,"texture":"#0","tintindex":0},"up":{"uv":[12.5,10.0,11.5,8.0],"rotation":0,"texture":"#0","tintindex":0},"west":{"uv":[4.5,10.5,5.5,12.0],"rotation":0,"texture":"#0","tintindex":0}}},{"name":"cube","from":[6.74,10.940001,6.74],"to":[9.26,11.360001,9.26],"rotation":{"angle":0.0,"axis":"x","origin":[8.0,6.3199997,8.0]},"faces":{"down":{"uv":[3.5,8.0,2.0,11.0],"rotation":0,"texture":"#0","tintindex":0},"east":{"uv":[2.0,10.5,3.5,11.0],"rotation":0,"texture":"#0","tintindex":0},"north":{"uv":[2.0,10.5,3.5,11.0],"rotation":0,"texture":"#0","tintindex":0},"south":{"uv":[2.0,10.5,3.5,11.0],"rotation":0,"texture":"#0","tintindex":0},"up":{"uv":[3.5,11.0,2.0,8.0],"rotation":0,"texture":"#0","tintindex":0},"west":{"uv":[2.0,10.5,3.5,11.0],"rotation":0,"texture":"#0","tintindex":0}}}],"display":{"head":{"translation":[0.0,-6.4,0.0],"rotation":[0.0,0.0,0.0],"scale":[3.8095,3.8095,3.8095]}}}