{"textures":{"0":"modelengine:entity/deer"},"elements":[{"name":"upperbody","from":[6.5500736,6.9044504,6.5164776],"to":[9.354173,9.508257,9.120285],"rotation":{"angle":0.0,"axis":"x","origin":[7.9894505,3.629705,10.915684]},"faces":{"down":{"uv":[7.25,3.5,6.25,5.0],"rotation":0,"texture":"#0","tintindex":0},"east":{"uv":[11.25,4.0,10.25,5.0],"rotation":0,"texture":"#0","tintindex":0},"north":{"uv":[7.0,3.5,6.0,5.0],"rotation":0,"texture":"#0","tintindex":0},"south":{"uv":[10.5,5.0,9.0,6.5],"rotation":0,"texture":"#0","tintindex":0},"up":{"uv":[2.5,0.0,1.0,1.5],"rotation":0,"texture":"#0","tintindex":0},"west":{"uv":[11.25,4.0,10.25,5.0],"rotation":0,"texture":"#0","tintindex":0}}},{"name":"upperbody","from":[6.349781,8.406647,7.1173563],"to":[9.554465,9.107672,8.519406],"rotation":{"angle":0.0,"axis":"x","origin":[7.9894505,3.629705,10.915684]},"faces":{"down":{"uv":[7.25,3.5,6.25,5.0],"rotation":0,"texture":"#0","tintindex":0},"east":{"uv":[10.5,4.25,9.75,4.75],"rotation":0,"texture":"#0","tintindex":0},"north":{"uv":[7.0,3.5,6.0,5.0],"rotation":0,"texture":"#0","tintindex":0},"south":{"uv":[7.0,3.5,6.0,5.0],"rotation":0,"texture":"#0","tintindex":0},"up":{"uv":[10.75,3.5,9.75,4.5],"rotation":0,"texture":"#0","tintindex":0},"west":{"uv":[10.5,4.25,9.75,4.75],"rotation":0,"texture":"#0","tintindex":0}}},{"name":"upperbody","from":[6.349781,9.107672,6.316185],"to":[7.251098,9.608403,8.519406],"rotation":{"angle":0.0,"axis":"x","origin":[7.9894505,3.629705,10.915684]},"faces":{"down":{"uv":[10.25,3.5,9.75,4.25],"rotation":0,"texture":"#0","tintindex":0},"east":{"uv":[10.75,3.5,9.75,4.5],"rotation":0,"texture":"#0","tintindex":0},"north":{"uv":[11.25,4.5,10.75,4.75],"rotation":0,"texture":"#0","tintindex":0},"south":{"uv":[7.0,3.5,6.0,5.0],"rotation":0,"texture":"#0","tintindex":0},"up":{"uv":[11.25,4.0,10.75,4.75],"rotation":0,"texture":"#0","tintindex":0},"west":{"uv":[11.5,4.25,10.75,4.5],"rotation":0,"texture":"#0","tintindex":0}}},{"name":"upperbody","from":[6.2997074,9.107672,6.2160387],"to":[7.201025,9.107672,7.1173563],"rotation":{"angle":0.0,"axis":"x","origin":[7.9894505,3.629705,10.915684]},"faces":{"down":{"uv":[9.75,5.5,9.5,5.75],"rotation":0,"texture":"#0","tintindex":0},"east":{"uv":[9.75,5.5,9.5,5.75],"rotation":0,"texture":"#0","tintindex":0},"north":{"uv":[9.75,5.5,9.5,5.75],"rotation":0,"texture":"#0","tintindex":0},"south":{"uv":[9.75,5.5,9.5,5.75],"rotation":0,"texture":"#0","tintindex":0},"up":{"uv":[9.75,5.5,9.5,5.75],"rotation":0,"texture":"#0","tintindex":0},"west":{"uv":[9.75,5.5,9.5,5.75],"rotation":0,"texture":"#0","tintindex":0}}},{"name":"upperbody","from":[8.703221,9.107672,6.2160387],"to":[9.604538,9.107672,7.1173563],"rotation":{"angle":0.0,"axis":"x","origin":[7.9894505,3.629705,10.915684]},"faces":{"down":{"uv":[9.75,5.5,9.5,5.75],"rotation":0,"texture":"#0","tintindex":0},"east":{"uv":[9.75,5.5,9.5,5.75],"rotation":0,"texture":"#0","tintindex":0},"north":{"uv":[9.75,5.5,9.5,5.75],"rotation":0,"texture":"#0","tintindex":0},"south":{"uv":[9.75,5.5,9.5,5.75],"rotation":0,"texture":"#0","tintindex":0},"up":{"uv":[9.75,5.5,9.5,5.75],"rotation":0,"texture":"#0","tintindex":0},"west":{"uv":[9.75,5.5,9.5,5.75],"rotation":0,"texture":"#0","tintindex":0}}},{"name":"upperbody","from":[6.349781,6.883718,6.316185],"to":[7.251098,8.406647,8.519406],"rotation":{"angle":0.0,"axis":"x","origin":[7.9894505,3.629705,10.915684]},"faces":{"down":{"uv":[12.0,4.5,11.0,5.0],"rotation":0,"texture":"#0","tintindex":0},"east":{"uv":[10.75,3.5,9.75,4.5],"rotation":0,"texture":"#0","tintindex":0},"north":{"uv":[12.0,4.0,11.25,5.0],"rotation":0,"texture":"#0","tintindex":0},"south":{"uv":[10.25,3.5,9.75,4.5],"rotation":0,"texture":"#0","tintindex":0},"up":{"uv":[10.75,3.5,9.75,4.5],"rotation":0,"texture":"#0","tintindex":0},"west":{"uv":[12.0,4.0,11.0,5.0],"rotation":0,"texture":"#0","tintindex":0}}},{"name":"upperbody","from":[8.653149,9.107672,6.316185],"to":[9.554465,9.608403,8.519406],"rotation":{"angle":0.0,"axis":"x","origin":[7.9894505,3.629705,10.915684]},"faces":{"down":{"uv":[10.25,3.5,9.75,4.25],"rotation":0,"texture":"#0","tintindex":0},"east":{"uv":[11.5,4.25,10.75,4.5],"rotation":0,"texture":"#0","tintindex":0},"north":{"uv":[11.25,4.5,10.75,4.75],"rotation":0,"texture":"#0","tintindex":0},"south":{"uv":[7.0,3.5,6.0,5.0],"rotation":0,"texture":"#0","tintindex":0},"up":{"uv":[11.25,4.0,10.75,4.75],"rotation":0,"texture":"#0","tintindex":0},"west":{"uv":[10.75,3.5,9.75,4.5],"rotation":0,"texture":"#0","tintindex":0}}},{"name":"upperbody","from":[8.753294,6.883718,6.316185],"to":[9.554465,8.406647,8.519406],"rotation":{"angle":0.0,"axis":"x","origin":[7.9894505,3.629705,10.915684]},"faces":{"down":{"uv":[12.0,4.5,11.0,5.0],"rotation":0,"texture":"#0","tintindex":0},"east":{"uv":[11.0,4.0,12.0,5.0],"rotation":0,"texture":"#0","tintindex":0},"north":{"uv":[11.25,4.0,12.0,5.0],"rotation":0,"texture":"#0","tintindex":0},"south":{"uv":[10.25,3.5,9.75,4.5],"rotation":0,"texture":"#0","tintindex":0},"up":{"uv":[10.75,3.5,9.75,4.5],"rotation":0,"texture":"#0","tintindex":0},"west":{"uv":[10.75,3.5,9.75,4.5],"rotation":0,"texture":"#0","tintindex":0}}},{"name":"upperbody","from":[6.4499273,8.406647,6.4163313],"to":[6.950659,9.107672,7.1173563],"rotation":{"angle":0.0,"axis":"x","origin":[7.9894505,3.629705,10.915684]},"faces":{"down":{"uv":[4.5,2.75,3.5,3.5],"rotation":0,"texture":"#0","tintindex":0},"east":{"uv":[4.5,2.75,3.5,3.5],"rotation":0,"texture":"#0","tintindex":0},"north":{"uv":[4.25,3.5,3.25,2.75],"rotation":0,"texture":"#0","tintindex":0},"south":{"uv":[4.5,2.75,3.5,3.5],"rotation":0,"texture":"#0","tintindex":0},"up":{"uv":[4.5,2.75,3.5,3.5],"rotation":0,"texture":"#0","tintindex":0},"west":{"uv":[3.5,3.5,4.25,2.75],"rotation":0,"texture":"#0","tintindex":0}}},{"name":"upperbody","from":[8.953587,8.406647,6.4163313],"to":[9.454319,9.107672,7.1173563],"rotation":{"angle":0.0,"axis":"x","origin":[7.9894505,3.629705,10.915684]},"faces":{"down":{"uv":[4.5,2.75,3.5,3.5],"rotation":0,"texture":"#0","tintindex":0},"east":{"uv":[4.25,3.5,3.5,2.75],"rotation":0,"texture":"#0","tintindex":0},"north":{"uv":[3.25,3.5,4.25,2.75],"rotation":0,"texture":"#0","tintindex":0},"south":{"uv":[4.5,2.75,3.5,3.5],"rotation":0,"texture":"#0","tintindex":0},"up":{"uv":[4.5,2.75,3.5,3.5],"rotation":0,"texture":"#0","tintindex":0},"west":{"uv":[4.5,2.75,3.5,3.5],"rotation":0,"texture":"#0","tintindex":0}}},{"name":"upperbody","from":[5.2411137,9.172255,7.816948],"to":[7.05205,11.586221,8.217533],"rotation":{"angle":45.0,"axis":"z","origin":[6.9002275,9.757906,8.017241]},"faces":{"down":{"uv":[7.25,3.5,6.25,5.0],"rotation":0,"texture":"#0","tintindex":0},"east":{"uv":[8.5,3.5,8.25,4.0],"rotation":0,"texture":"#0","tintindex":0},"north":{"uv":[13.75,1.5,12.75,2.75],"rotation":0,"texture":"#0","tintindex":0},"south":{"uv":[8.75,3.5,8.25,4.0],"rotation":0,"texture":"#0","tintindex":0},"up":{"uv":[8.5,3.5,8.25,4.0],"rotation":90,"texture":"#0","tintindex":0},"west":{"uv":[8.5,3.5,8.25,4.0],"rotation":0,"texture":"#0","tintindex":0}}},{"name":"upperbody","from":[8.852196,9.172255,7.816948],"to":[10.663134,11.586221,8.217533],"rotation":{"angle":-45.0,"axis":"z","origin":[9.004019,9.757906,8.017241]},"faces":{"down":{"uv":[7.25,3.5,6.25,5.0],"rotation":0,"texture":"#0","tintindex":0},"east":{"uv":[8.5,3.5,8.25,4.0],"rotation":0,"texture":"#0","tintindex":0},"north":{"uv":[13.75,1.5,12.75,2.75],"rotation":0,"texture":"#0","tintindex":0},"south":{"uv":[8.75,3.5,8.25,4.0],"rotation":0,"texture":"#0","tintindex":0},"up":{"uv":[8.5,3.5,8.25,4.0],"rotation":90,"texture":"#0","tintindex":0},"west":{"uv":[8.5,3.5,8.25,4.0],"rotation":0,"texture":"#0","tintindex":0}}},{"name":"upperbody","from":[7.3638983,6.858984,4.8986783],"to":[8.540348,8.982351,7.3021913],"rotation":{"angle":-22.5,"axis":"x","origin":[7.952123,7.8306675,6.1004343]},"faces":{"down":{"uv":[12.0,4.5,11.0,5.0],"rotation":0,"texture":"#0","tintindex":0},"east":{"uv":[7.75,4.0,8.75,5.0],"rotation":0,"texture":"#0","tintindex":0},"north":{"uv":[7.0,3.5,6.0,5.0],"rotation":0,"texture":"#0","tintindex":0},"south":{"uv":[7.0,3.5,6.0,5.0],"rotation":0,"texture":"#0","tintindex":0},"up":{"uv":[2.25,0.0,1.0,1.0],"rotation":0,"texture":"#0","tintindex":0},"west":{"uv":[7.75,4.0,8.75,5.0],"rotation":0,"texture":"#0","tintindex":0}}},{"name":"upperbody","from":[7.2633934,8.906969,6.068817],"to":[8.640852,10.305792,7.6682925],"rotation":{"angle":-22.5,"axis":"x","origin":[7.9894505,3.629705,10.81518]},"faces":{"down":{"uv":[7.25,3.5,6.25,5.0],"rotation":0,"texture":"#0","tintindex":0},"east":{"uv":[7.75,3.75,8.75,4.75],"rotation":0,"texture":"#0","tintindex":0},"north":{"uv":[7.75,3.75,8.75,4.75],"rotation":0,"texture":"#0","tintindex":0},"south":{"uv":[7.0,3.5,6.0,5.0],"rotation":0,"texture":"#0","tintindex":0},"up":{"uv":[2.25,0.0,1.0,1.0],"rotation":0,"texture":"#0","tintindex":0},"west":{"uv":[7.75,3.75,8.75,4.75],"rotation":0,"texture":"#0","tintindex":0}}},{"name":"upperbody","from":[7.263752,6.4972935,4.405279],"to":[8.640494,7.5190506,5.556962],"rotation":{"angle":0.0,"axis":"x","origin":[7.9894505,3.629705,10.81518]},"faces":{"down":{"uv":[12.0,4.5,11.0,5.0],"rotation":0,"texture":"#0","tintindex":0},"east":{"uv":[12.0,4.5,11.0,5.0],"rotation":0,"texture":"#0","tintindex":0},"north":{"uv":[12.0,4.5,11.0,5.0],"rotation":0,"texture":"#0","tintindex":0},"south":{"uv":[9.0,3.5,8.0,4.25],"rotation":0,"texture":"#0","tintindex":0},"up":{"uv":[9.0,3.5,8.0,4.25],"rotation":0,"texture":"#0","tintindex":0},"west":{"uv":[12.0,4.5,11.0,5.0],"rotation":0,"texture":"#0","tintindex":0}}},{"name":"upperbody","from":[7.3523197,9.702623,5.978859],"to":[8.551926,10.483664,6.9788885],"rotation":{"angle":-22.5,"axis":"x","origin":[7.9894505,3.629705,10.915684]},"faces":{"down":{"uv":[15.75,0.5,15.0,1.0],"rotation":0,"texture":"#0","tintindex":0},"east":{"uv":[15.5,0.25,14.75,1.25],"rotation":0,"texture":"#0","tintindex":0},"north":{"uv":[15.75,1.25,14.75,2.25],"rotation":0,"texture":"#0","tintindex":0},"south":{"uv":[15.75,0.5,15.0,1.0],"rotation":0,"texture":"#0","tintindex":0},"up":{"uv":[15.75,1.5,14.75,2.5],"rotation":0,"texture":"#0","tintindex":0},"west":{"uv":[15.75,0.25,15.0,1.25],"rotation":0,"texture":"#0","tintindex":0}}}],"display":{"head":{"translation":[0.0,-6.4,0.0],"rotation":[0.0,0.0,0.0],"scale":[3.8095,3.8095,3.8095]}}}