{"textures":{"0":"modelengine:entity/deer"},"elements":[{"name":"upperbody","from":[5.7872868,6.933675,7.138071],"to":[10.219147,10.428553,11.910843],"rotation":{"angle":0.0,"axis":"x","origin":[7.875116,10.157937,4.4201493]},"faces":{"down":{"uv":[6.0,7.25,7.5,5.0],"rotation":0,"texture":"#0","tintindex":0},"east":{"uv":[16.0,3.5,13.75,5.0],"rotation":0,"texture":"#0","tintindex":0},"north":{"uv":[6.0,3.5,7.5,5.0],"rotation":0,"texture":"#0","tintindex":0},"south":{"uv":[7.5,3.5,9.0,5.0],"rotation":0,"texture":"#0","tintindex":0},"up":{"uv":[9.0,5.0,10.5,7.25],"rotation":0,"texture":"#0","tintindex":0},"west":{"uv":[12.0,3.5,9.75,5.0],"rotation":0,"texture":"#0","tintindex":0}}},{"name":"upperbody","from":[5.673649,6.5947275,3.0471234],"to":[10.332783,10.769466,7.592621],"rotation":{"angle":0.0,"axis":"x","origin":[7.875116,10.157937,4.4201493]},"faces":{"down":{"uv":[7.25,5.75,6.25,7.25],"rotation":0,"texture":"#0","tintindex":0},"east":{"uv":[5.5,1.5,7.0,3.25],"rotation":0,"texture":"#0","tintindex":0},"north":{"uv":[7.0,0.0,9.0,1.75],"rotation":0,"texture":"#0","tintindex":0},"south":{"uv":[9.0,0.0,11.0,1.75],"rotation":0,"texture":"#0","tintindex":0},"up":{"uv":[10.75,1.75,12.75,3.25],"rotation":0,"texture":"#0","tintindex":0},"west":{"uv":[12.75,1.5,14.25,3.25],"rotation":0,"texture":"#0","tintindex":0}}},{"name":"upperbody","from":[6.469111,6.6628327,1.4947797],"to":[8.969134,11.208329,3.4266157],"rotation":{"angle":-22.5,"axis":"x","origin":[7.875116,10.157937,4.4201493]},"faces":{"down":{"uv":[1.5,5.0,0.0,7.0],"rotation":0,"texture":"#0","tintindex":0},"east":{"uv":[7.0,3.5,6.0,4.75],"rotation":0,"texture":"#0","tintindex":0},"north":{"uv":[7.25,5.0,6.25,7.25],"rotation":0,"texture":"#0","tintindex":0},"south":{"uv":[7.0,3.5,6.0,5.0],"rotation":0,"texture":"#0","tintindex":0},"up":{"uv":[10.5,7.5,9.5,8.5],"rotation":0,"texture":"#0","tintindex":0},"west":{"uv":[7.0,3.5,6.0,4.75],"rotation":0,"texture":"#0","tintindex":0}}},{"name":"tail","from":[7.037298,6.525779,10.568432],"to":[8.855497,8.892271,13.014312],"rotation":{"angle":-22.5,"axis":"x","origin":[7.875116,11.3815975,7.7241507]},"faces":{"down":{"uv":[6.25,5.25,7.25,7.25],"rotation":0,"texture":"#0","tintindex":0},"east":{"uv":[6.25,5.25,7.25,7.25],"rotation":0,"texture":"#0","tintindex":0},"north":{"uv":[6.25,5.25,7.25,7.25],"rotation":0,"texture":"#0","tintindex":0},"south":{"uv":[6.25,5.25,7.25,7.25],"rotation":0,"texture":"#0","tintindex":0},"up":{"uv":[6.25,5.25,7.25,7.25],"rotation":0,"texture":"#0","tintindex":0},"west":{"uv":[6.25,5.25,7.25,7.25],"rotation":0,"texture":"#0","tintindex":0}}}],"display":{"head":{"translation":[0.0,-6.4,0.0],"rotation":[0.0,0.0,0.0],"scale":[3.8095,3.8095,3.8095]}}}