{"textures":{"0":"modelengine:entity/slime_pit"},"elements":[{"name":"6","from":[-3.4000006,0.6499996,11.6],"to":[19.400002,0.7699995,15.2],"rotation":{"angle":0.0,"axis":"x","origin":[8.0,0.26,8.0]},"faces":{"down":{"uv":[5.375,0.0,3.0,2.375],"rotation":0,"texture":"#0","tintindex":0},"east":{"uv":[3.0,2.375,5.375,0.0],"rotation":0,"texture":"#0","tintindex":0},"north":{"uv":[3.0,2.375,5.375,0.0],"rotation":0,"texture":"#0","tintindex":0},"south":{"uv":[3.0,2.375,5.375,0.0],"rotation":0,"texture":"#0","tintindex":0},"up":{"uv":[5.375,0.8125,3.0,0.4375],"rotation":0,"texture":"#0","tintindex":0},"west":{"uv":[3.0,2.375,5.375,0.0],"rotation":0,"texture":"#0","tintindex":0}}},{"name":"5","from":[-3.4000006,0.6499996,0.7999997],"to":[19.400002,0.7699995,4.3999996],"rotation":{"angle":0.0,"axis":"x","origin":[8.0,0.26,8.0]},"faces":{"down":{"uv":[5.375,2.375,3.0,0.0],"rotation":0,"texture":"#0","tintindex":0},"east":{"uv":[5.375,2.375,3.0,0.0],"rotation":0,"texture":"#0","tintindex":0},"north":{"uv":[5.375,2.375,3.0,0.0],"rotation":0,"texture":"#0","tintindex":0},"south":{"uv":[5.375,2.375,3.0,0.0],"rotation":0,"texture":"#0","tintindex":0},"up":{"uv":[5.375,1.9375,3.0,1.5625],"rotation":0,"texture":"#0","tintindex":0},"west":{"uv":[5.375,2.375,3.0,0.0],"rotation":0,"texture":"#0","tintindex":0}}}],"display":{"head":{"translation":[0.0,-6.4,0.0],"rotation":[0.0,0.0,0.0],"scale":[3.8095,3.8095,3.8095]}}}