{"textures":{"0":"modelengine:entity/slime_pit"},"elements":[{"name":"4","from":[-3.4000006,0.52999973,-1.0000005],"to":[19.400002,0.6499996,6.2],"rotation":{"angle":0.0,"axis":"x","origin":[8.0,0.26,8.0]},"faces":{"down":{"uv":[5.375,2.375,3.0,0.0],"rotation":0,"texture":"#0","tintindex":0},"east":{"uv":[5.375,2.375,3.0,0.0],"rotation":0,"texture":"#0","tintindex":0},"north":{"uv":[5.375,2.375,3.0,0.0],"rotation":0,"texture":"#0","tintindex":0},"south":{"uv":[5.375,2.375,3.0,0.0],"rotation":0,"texture":"#0","tintindex":0},"up":{"uv":[5.375,2.125,3.0,1.375],"rotation":0,"texture":"#0","tintindex":0},"west":{"uv":[5.375,2.375,3.0,0.0],"rotation":0,"texture":"#0","tintindex":0}}},{"name":"3","from":[-3.4000006,0.52999973,9.8],"to":[19.400002,0.6499996,17.0],"rotation":{"angle":0.0,"axis":"x","origin":[8.0,0.26,8.0]},"faces":{"down":{"uv":[5.375,2.375,3.0,0.0],"rotation":0,"texture":"#0","tintindex":0},"east":{"uv":[5.375,2.375,3.0,0.0],"rotation":0,"texture":"#0","tintindex":0},"north":{"uv":[5.375,2.375,3.0,0.0],"rotation":0,"texture":"#0","tintindex":0},"south":{"uv":[5.375,2.375,3.0,0.0],"rotation":0,"texture":"#0","tintindex":0},"up":{"uv":[5.375,1.0,3.0,0.25],"rotation":0,"texture":"#0","tintindex":0},"west":{"uv":[5.375,2.375,3.0,0.0],"rotation":0,"texture":"#0","tintindex":0}}}],"display":{"head":{"translation":[0.0,-6.4,0.0],"rotation":[0.0,0.0,0.0],"scale":[3.8095,3.8095,3.8095]}}}