{"textures":{"0":"modelengine:entity/slime_pit"},"elements":[{"name":"base","from":[-3.4000006,0.40999985,-3.4000006],"to":[19.400002,0.52999973,19.400002],"rotation":{"angle":0.0,"axis":"x","origin":[8.0,0.26,8.0]},"faces":{"down":{"uv":[5.375,2.375,3.0,0.0],"rotation":0,"texture":"#0","tintindex":0},"east":{"uv":[5.375,2.375,3.0,0.0],"rotation":0,"texture":"#0","tintindex":0},"north":{"uv":[5.375,2.375,3.0,0.0],"rotation":0,"texture":"#0","tintindex":0},"south":{"uv":[5.375,2.375,3.0,0.0],"rotation":0,"texture":"#0","tintindex":0},"up":{"uv":[5.375,2.375,3.0,0.0],"rotation":0,"texture":"#0","tintindex":0},"west":{"uv":[5.375,2.375,3.0,0.0],"rotation":0,"texture":"#0","tintindex":0}}}],"display":{"head":{"translation":[0.0,-6.4,0.0],"rotation":[0.0,0.0,0.0],"scale":[3.8095,3.8095,3.8095]}}}