{"textures":{"0":"modelengine:entity/spike_trap"},"elements":[{"name":"cube","from":[9.8,2.6,9.2],"to":[11.0,3.1999998,10.4],"rotation":{"angle":0.0,"axis":"x","origin":[8.0,1.9999998,8.0]},"faces":{"down":{"uv":[12.0,11.0,11.0,12.0],"rotation":0,"texture":"#0","tintindex":0},"east":{"uv":[8.0,10.0,9.0,10.5],"rotation":0,"texture":"#0","tintindex":0},"north":{"uv":[7.0,10.0,8.0,10.5],"rotation":0,"texture":"#0","tintindex":0},"south":{"uv":[9.0,10.0,10.0,10.5],"rotation":0,"texture":"#0","tintindex":0},"up":{"uv":[12.0,11.0,11.0,10.0],"rotation":0,"texture":"#0","tintindex":0},"west":{"uv":[10.0,10.0,11.0,10.5],"rotation":0,"texture":"#0","tintindex":0}}},{"name":"cube","from":[9.8,2.6,5.6],"to":[11.0,3.1999998,6.8],"rotation":{"angle":0.0,"axis":"x","origin":[8.0,1.9999998,8.0]},"faces":{"down":{"uv":[12.0,11.0,11.0,12.0],"rotation":0,"texture":"#0","tintindex":0},"east":{"uv":[8.0,10.0,9.0,10.5],"rotation":0,"texture":"#0","tintindex":0},"north":{"uv":[7.0,10.0,8.0,10.5],"rotation":0,"texture":"#0","tintindex":0},"south":{"uv":[9.0,10.0,10.0,10.5],"rotation":0,"texture":"#0","tintindex":0},"up":{"uv":[12.0,11.0,11.0,10.0],"rotation":0,"texture":"#0","tintindex":0},"west":{"uv":[10.0,10.0,11.0,10.5],"rotation":0,"texture":"#0","tintindex":0}}},{"name":"cube","from":[7.4,2.6,9.2],"to":[8.6,3.1999998,10.4],"rotation":{"angle":0.0,"axis":"x","origin":[8.0,1.9999998,8.0]},"faces":{"down":{"uv":[12.0,11.0,11.0,12.0],"rotation":0,"texture":"#0","tintindex":0},"east":{"uv":[8.0,10.0,9.0,10.5],"rotation":0,"texture":"#0","tintindex":0},"north":{"uv":[7.0,10.0,8.0,10.5],"rotation":0,"texture":"#0","tintindex":0},"south":{"uv":[9.0,10.0,10.0,10.5],"rotation":0,"texture":"#0","tintindex":0},"up":{"uv":[12.0,11.0,11.0,10.0],"rotation":0,"texture":"#0","tintindex":0},"west":{"uv":[10.0,10.0,11.0,10.5],"rotation":0,"texture":"#0","tintindex":0}}},{"name":"cube","from":[7.4,2.6,5.6],"to":[8.6,3.1999998,6.8],"rotation":{"angle":0.0,"axis":"x","origin":[8.0,1.9999998,8.0]},"faces":{"down":{"uv":[12.0,11.0,11.0,12.0],"rotation":0,"texture":"#0","tintindex":0},"east":{"uv":[8.0,10.0,9.0,10.5],"rotation":0,"texture":"#0","tintindex":0},"north":{"uv":[7.0,10.0,8.0,10.5],"rotation":0,"texture":"#0","tintindex":0},"south":{"uv":[9.0,10.0,10.0,10.5],"rotation":0,"texture":"#0","tintindex":0},"up":{"uv":[12.0,11.0,11.0,10.0],"rotation":0,"texture":"#0","tintindex":0},"west":{"uv":[10.0,10.0,11.0,10.5],"rotation":0,"texture":"#0","tintindex":0}}},{"name":"cube","from":[5.0,2.6,9.2],"to":[6.2,3.1999998,10.4],"rotation":{"angle":0.0,"axis":"x","origin":[8.0,1.9999998,8.0]},"faces":{"down":{"uv":[12.0,11.0,11.0,12.0],"rotation":0,"texture":"#0","tintindex":0},"east":{"uv":[8.0,10.0,9.0,10.5],"rotation":0,"texture":"#0","tintindex":0},"north":{"uv":[7.0,10.0,8.0,10.5],"rotation":0,"texture":"#0","tintindex":0},"south":{"uv":[9.0,10.0,10.0,10.5],"rotation":0,"texture":"#0","tintindex":0},"up":{"uv":[12.0,11.0,11.0,10.0],"rotation":0,"texture":"#0","tintindex":0},"west":{"uv":[10.0,10.0,11.0,10.5],"rotation":0,"texture":"#0","tintindex":0}}},{"name":"cube","from":[5.0,2.6,5.6],"to":[6.2,3.1999998,6.8],"rotation":{"angle":0.0,"axis":"x","origin":[8.0,1.9999998,8.0]},"faces":{"down":{"uv":[12.0,11.0,11.0,12.0],"rotation":0,"texture":"#0","tintindex":0},"east":{"uv":[8.0,10.0,9.0,10.5],"rotation":0,"texture":"#0","tintindex":0},"north":{"uv":[7.0,10.0,8.0,10.5],"rotation":0,"texture":"#0","tintindex":0},"south":{"uv":[9.0,10.0,10.0,10.5],"rotation":0,"texture":"#0","tintindex":0},"up":{"uv":[12.0,11.0,11.0,10.0],"rotation":0,"texture":"#0","tintindex":0},"west":{"uv":[10.0,10.0,11.0,10.5],"rotation":0,"texture":"#0","tintindex":0}}},{"name":"cube","from":[9.950001,3.1999998,9.35],"to":[10.85,4.3999996,10.25],"rotation":{"angle":0.0,"axis":"x","origin":[8.0,1.9999998,8.0]},"faces":{"down":{"uv":[12.5,10.5,12.0,11.0],"rotation":0,"texture":"#0","tintindex":0},"east":{"uv":[7.5,12.0,8.0,13.0],"rotation":0,"texture":"#0","tintindex":0},"north":{"uv":[7.0,12.0,7.5,13.0],"rotation":0,"texture":"#0","tintindex":0},"south":{"uv":[8.0,12.0,8.5,13.0],"rotation":0,"texture":"#0","tintindex":0},"up":{"uv":[12.5,10.5,12.0,10.0],"rotation":0,"texture":"#0","tintindex":0},"west":{"uv":[8.5,12.0,9.0,13.0],"rotation":0,"texture":"#0","tintindex":0}}},{"name":"cube","from":[9.950001,3.1999998,5.75],"to":[10.85,4.3999996,6.6499996],"rotation":{"angle":0.0,"axis":"x","origin":[8.0,1.9999998,8.0]},"faces":{"down":{"uv":[12.5,10.5,12.0,11.0],"rotation":0,"texture":"#0","tintindex":0},"east":{"uv":[7.5,12.0,8.0,13.0],"rotation":0,"texture":"#0","tintindex":0},"north":{"uv":[7.0,12.0,7.5,13.0],"rotation":0,"texture":"#0","tintindex":0},"south":{"uv":[8.0,12.0,8.5,13.0],"rotation":0,"texture":"#0","tintindex":0},"up":{"uv":[12.5,10.5,12.0,10.0],"rotation":0,"texture":"#0","tintindex":0},"west":{"uv":[8.5,12.0,9.0,13.0],"rotation":0,"texture":"#0","tintindex":0}}},{"name":"cube","from":[7.55,3.1999998,9.35],"to":[8.45,4.3999996,10.25],"rotation":{"angle":0.0,"axis":"x","origin":[8.0,1.9999998,8.0]},"faces":{"down":{"uv":[12.5,10.5,12.0,11.0],"rotation":0,"texture":"#0","tintindex":0},"east":{"uv":[7.5,12.0,8.0,13.0],"rotation":0,"texture":"#0","tintindex":0},"north":{"uv":[7.0,12.0,7.5,13.0],"rotation":0,"texture":"#0","tintindex":0},"south":{"uv":[8.0,12.0,8.5,13.0],"rotation":0,"texture":"#0","tintindex":0},"up":{"uv":[12.5,10.5,12.0,10.0],"rotation":0,"texture":"#0","tintindex":0},"west":{"uv":[8.5,12.0,9.0,13.0],"rotation":0,"texture":"#0","tintindex":0}}},{"name":"cube","from":[7.55,3.1999998,5.75],"to":[8.45,4.3999996,6.6499996],"rotation":{"angle":0.0,"axis":"x","origin":[8.0,1.9999998,8.0]},"faces":{"down":{"uv":[12.5,10.5,12.0,11.0],"rotation":0,"texture":"#0","tintindex":0},"east":{"uv":[7.5,12.0,8.0,13.0],"rotation":0,"texture":"#0","tintindex":0},"north":{"uv":[7.0,12.0,7.5,13.0],"rotation":0,"texture":"#0","tintindex":0},"south":{"uv":[8.0,12.0,8.5,13.0],"rotation":0,"texture":"#0","tintindex":0},"up":{"uv":[12.5,10.5,12.0,10.0],"rotation":0,"texture":"#0","tintindex":0},"west":{"uv":[8.5,12.0,9.0,13.0],"rotation":0,"texture":"#0","tintindex":0}}},{"name":"cube","from":[5.1499996,3.1999998,9.35],"to":[6.05,4.3999996,10.25],"rotation":{"angle":0.0,"axis":"x","origin":[8.0,1.9999998,8.0]},"faces":{"down":{"uv":[12.5,10.5,12.0,11.0],"rotation":0,"texture":"#0","tintindex":0},"east":{"uv":[7.5,12.0,8.0,13.0],"rotation":0,"texture":"#0","tintindex":0},"north":{"uv":[7.0,12.0,7.5,13.0],"rotation":0,"texture":"#0","tintindex":0},"south":{"uv":[8.0,12.0,8.5,13.0],"rotation":0,"texture":"#0","tintindex":0},"up":{"uv":[12.5,10.5,12.0,10.0],"rotation":0,"texture":"#0","tintindex":0},"west":{"uv":[8.5,12.0,9.0,13.0],"rotation":0,"texture":"#0","tintindex":0}}},{"name":"cube","from":[5.1499996,3.1999998,5.75],"to":[6.05,4.3999996,6.6499996],"rotation":{"angle":0.0,"axis":"x","origin":[8.0,1.9999998,8.0]},"faces":{"down":{"uv":[12.5,10.5,12.0,11.0],"rotation":0,"texture":"#0","tintindex":0},"east":{"uv":[7.5,12.0,8.0,13.0],"rotation":0,"texture":"#0","tintindex":0},"north":{"uv":[7.0,12.0,7.5,13.0],"rotation":0,"texture":"#0","tintindex":0},"south":{"uv":[8.0,12.0,8.5,13.0],"rotation":0,"texture":"#0","tintindex":0},"up":{"uv":[12.5,10.5,12.0,10.0],"rotation":0,"texture":"#0","tintindex":0},"west":{"uv":[8.5,12.0,9.0,13.0],"rotation":0,"texture":"#0","tintindex":0}}},{"name":"cube","from":[10.1,4.3999996,9.5],"to":[10.700001,5.6,10.1],"rotation":{"angle":0.0,"axis":"x","origin":[8.0,1.9999998,8.0]},"faces":{"down":{"uv":[12.5,10.5,12.0,11.0],"rotation":0,"texture":"#0","tintindex":0},"east":{"uv":[7.5,12.0,8.0,12.5],"rotation":0,"texture":"#0","tintindex":0},"north":{"uv":[7.0,12.0,7.5,12.5],"rotation":0,"texture":"#0","tintindex":0},"south":{"uv":[8.0,12.0,8.5,12.5],"rotation":0,"texture":"#0","tintindex":0},"up":{"uv":[12.5,10.5,12.0,10.0],"rotation":0,"texture":"#0","tintindex":0},"west":{"uv":[8.5,12.0,9.0,12.5],"rotation":0,"texture":"#0","tintindex":0}}},{"name":"cube","from":[10.1,4.3999996,5.8999996],"to":[10.700001,5.6,6.5],"rotation":{"angle":0.0,"axis":"x","origin":[8.0,1.9999998,8.0]},"faces":{"down":{"uv":[12.5,10.5,12.0,11.0],"rotation":0,"texture":"#0","tintindex":0},"east":{"uv":[7.5,12.0,8.0,12.5],"rotation":0,"texture":"#0","tintindex":0},"north":{"uv":[7.0,12.0,7.5,12.5],"rotation":0,"texture":"#0","tintindex":0},"south":{"uv":[8.0,12.0,8.5,12.5],"rotation":0,"texture":"#0","tintindex":0},"up":{"uv":[12.5,10.5,12.0,10.0],"rotation":0,"texture":"#0","tintindex":0},"west":{"uv":[8.5,12.0,9.0,12.5],"rotation":0,"texture":"#0","tintindex":0}}},{"name":"cube","from":[7.7,4.3999996,9.5],"to":[8.3,5.6,10.1],"rotation":{"angle":0.0,"axis":"x","origin":[8.0,1.9999998,8.0]},"faces":{"down":{"uv":[12.5,10.5,12.0,11.0],"rotation":0,"texture":"#0","tintindex":0},"east":{"uv":[7.5,12.0,8.0,12.5],"rotation":0,"texture":"#0","tintindex":0},"north":{"uv":[7.0,12.0,7.5,12.5],"rotation":0,"texture":"#0","tintindex":0},"south":{"uv":[8.0,12.0,8.5,12.5],"rotation":0,"texture":"#0","tintindex":0},"up":{"uv":[12.5,10.5,12.0,10.0],"rotation":0,"texture":"#0","tintindex":0},"west":{"uv":[8.5,12.0,9.0,12.5],"rotation":0,"texture":"#0","tintindex":0}}},{"name":"cube","from":[7.7,4.3999996,5.8999996],"to":[8.3,5.6,6.5],"rotation":{"angle":0.0,"axis":"x","origin":[8.0,1.9999998,8.0]},"faces":{"down":{"uv":[12.5,10.5,12.0,11.0],"rotation":0,"texture":"#0","tintindex":0},"east":{"uv":[7.5,12.0,8.0,12.5],"rotation":0,"texture":"#0","tintindex":0},"north":{"uv":[7.0,12.0,7.5,12.5],"rotation":0,"texture":"#0","tintindex":0},"south":{"uv":[8.0,12.0,8.5,12.5],"rotation":0,"texture":"#0","tintindex":0},"up":{"uv":[12.5,10.5,12.0,10.0],"rotation":0,"texture":"#0","tintindex":0},"west":{"uv":[8.5,12.0,9.0,12.5],"rotation":0,"texture":"#0","tintindex":0}}},{"name":"cube","from":[5.3,4.3999996,9.5],"to":[5.8999996,5.6,10.1],"rotation":{"angle":0.0,"axis":"x","origin":[8.0,1.9999998,8.0]},"faces":{"down":{"uv":[12.5,10.5,12.0,11.0],"rotation":0,"texture":"#0","tintindex":0},"east":{"uv":[7.5,12.0,8.0,12.5],"rotation":0,"texture":"#0","tintindex":0},"north":{"uv":[7.0,12.0,7.5,12.5],"rotation":0,"texture":"#0","tintindex":0},"south":{"uv":[8.0,12.0,8.5,12.5],"rotation":0,"texture":"#0","tintindex":0},"up":{"uv":[12.5,10.5,12.0,10.0],"rotation":0,"texture":"#0","tintindex":0},"west":{"uv":[8.5,12.0,9.0,12.5],"rotation":0,"texture":"#0","tintindex":0}}},{"name":"cube","from":[5.3,4.3999996,5.8999996],"to":[5.8999996,5.6,6.5],"rotation":{"angle":0.0,"axis":"x","origin":[8.0,1.9999998,8.0]},"faces":{"down":{"uv":[12.5,10.5,12.0,11.0],"rotation":0,"texture":"#0","tintindex":0},"east":{"uv":[7.5,12.0,8.0,12.5],"rotation":0,"texture":"#0","tintindex":0},"north":{"uv":[7.0,12.0,7.5,12.5],"rotation":0,"texture":"#0","tintindex":0},"south":{"uv":[8.0,12.0,8.5,12.5],"rotation":0,"texture":"#0","tintindex":0},"up":{"uv":[12.5,10.5,12.0,10.0],"rotation":0,"texture":"#0","tintindex":0},"west":{"uv":[8.5,12.0,9.0,12.5],"rotation":0,"texture":"#0","tintindex":0}}},{"name":"cube","from":[10.25,5.6,9.65],"to":[10.55,6.2,9.950001],"rotation":{"angle":0.0,"axis":"x","origin":[8.0,1.9999998,8.0]},"faces":{"down":{"uv":[12.5,10.5,12.0,11.0],"rotation":0,"texture":"#0","tintindex":0},"east":{"uv":[7.5,12.0,8.0,12.5],"rotation":0,"texture":"#0","tintindex":0},"north":{"uv":[7.0,12.0,7.5,12.5],"rotation":0,"texture":"#0","tintindex":0},"south":{"uv":[8.0,12.0,8.5,12.5],"rotation":0,"texture":"#0","tintindex":0},"up":{"uv":[12.5,10.5,12.0,10.0],"rotation":0,"texture":"#0","tintindex":0},"west":{"uv":[8.5,12.0,9.0,12.5],"rotation":0,"texture":"#0","tintindex":0}}},{"name":"cube","from":[10.25,5.6,6.05],"to":[10.55,6.2,6.35],"rotation":{"angle":0.0,"axis":"x","origin":[8.0,1.9999998,8.0]},"faces":{"down":{"uv":[12.5,10.5,12.0,11.0],"rotation":0,"texture":"#0","tintindex":0},"east":{"uv":[7.5,12.0,8.0,12.5],"rotation":0,"texture":"#0","tintindex":0},"north":{"uv":[7.0,12.0,7.5,12.5],"rotation":0,"texture":"#0","tintindex":0},"south":{"uv":[8.0,12.0,8.5,12.5],"rotation":0,"texture":"#0","tintindex":0},"up":{"uv":[12.5,10.5,12.0,10.0],"rotation":0,"texture":"#0","tintindex":0},"west":{"uv":[8.5,12.0,9.0,12.5],"rotation":0,"texture":"#0","tintindex":0}}},{"name":"cube","from":[7.85,5.6,9.65],"to":[8.15,6.2,9.950001],"rotation":{"angle":0.0,"axis":"x","origin":[8.0,1.9999998,8.0]},"faces":{"down":{"uv":[12.5,10.5,12.0,11.0],"rotation":0,"texture":"#0","tintindex":0},"east":{"uv":[7.5,12.0,8.0,12.5],"rotation":0,"texture":"#0","tintindex":0},"north":{"uv":[7.0,12.0,7.5,12.5],"rotation":0,"texture":"#0","tintindex":0},"south":{"uv":[8.0,12.0,8.5,12.5],"rotation":0,"texture":"#0","tintindex":0},"up":{"uv":[12.5,10.5,12.0,10.0],"rotation":0,"texture":"#0","tintindex":0},"west":{"uv":[8.5,12.0,9.0,12.5],"rotation":0,"texture":"#0","tintindex":0}}},{"name":"cube","from":[7.85,5.6,6.05],"to":[8.15,6.2,6.35],"rotation":{"angle":0.0,"axis":"x","origin":[8.0,1.9999998,8.0]},"faces":{"down":{"uv":[12.5,10.5,12.0,11.0],"rotation":0,"texture":"#0","tintindex":0},"east":{"uv":[7.5,12.0,8.0,12.5],"rotation":0,"texture":"#0","tintindex":0},"north":{"uv":[7.0,12.0,7.5,12.5],"rotation":0,"texture":"#0","tintindex":0},"south":{"uv":[8.0,12.0,8.5,12.5],"rotation":0,"texture":"#0","tintindex":0},"up":{"uv":[12.5,10.5,12.0,10.0],"rotation":0,"texture":"#0","tintindex":0},"west":{"uv":[8.5,12.0,9.0,12.5],"rotation":0,"texture":"#0","tintindex":0}}},{"name":"cube","from":[5.45,5.6,9.65],"to":[5.75,6.2,9.950001],"rotation":{"angle":0.0,"axis":"x","origin":[8.0,1.9999998,8.0]},"faces":{"down":{"uv":[12.5,10.5,12.0,11.0],"rotation":0,"texture":"#0","tintindex":0},"east":{"uv":[7.5,12.0,8.0,12.5],"rotation":0,"texture":"#0","tintindex":0},"north":{"uv":[7.0,12.0,7.5,12.5],"rotation":0,"texture":"#0","tintindex":0},"south":{"uv":[8.0,12.0,8.5,12.5],"rotation":0,"texture":"#0","tintindex":0},"up":{"uv":[12.5,10.5,12.0,10.0],"rotation":0,"texture":"#0","tintindex":0},"west":{"uv":[8.5,12.0,9.0,12.5],"rotation":0,"texture":"#0","tintindex":0}}},{"name":"cube","from":[5.45,5.6,6.05],"to":[5.75,6.2,6.35],"rotation":{"angle":0.0,"axis":"x","origin":[8.0,1.9999998,8.0]},"faces":{"down":{"uv":[12.5,10.5,12.0,11.0],"rotation":0,"texture":"#0","tintindex":0},"east":{"uv":[7.5,12.0,8.0,12.5],"rotation":0,"texture":"#0","tintindex":0},"north":{"uv":[7.0,12.0,7.5,12.5],"rotation":0,"texture":"#0","tintindex":0},"south":{"uv":[8.0,12.0,8.5,12.5],"rotation":0,"texture":"#0","tintindex":0},"up":{"uv":[12.5,10.5,12.0,10.0],"rotation":0,"texture":"#0","tintindex":0},"west":{"uv":[8.5,12.0,9.0,12.5],"rotation":0,"texture":"#0","tintindex":0}}}],"display":{"head":{"translation":[0.0,-6.4,0.0],"rotation":[0.0,0.0,0.0],"scale":[3.8095,3.8095,3.8095]}}}