{"textures":{"0":"modelengine:entity/f3267d94f5a35281","1":"modelengine:entity/hana_horn","2":"modelengine:entity/stone_sword","3":"modelengine:entity/oak_planks"},"elements":[{"name":"left_sleve","from":[7.85,4.25,5.45],"to":[9.950001,8.15,8.15],"rotation":{"angle":0.0,"axis":"x","origin":[12.2,-2.8000002,6.8]},"faces":{"down":{"uv":[14.5,12.0,13.75,13.0],"rotation":0,"texture":"#0","tintindex":0},"east":{"uv":[12.0,13.0,13.0,14.5],"rotation":0,"texture":"#0","tintindex":0},"north":{"uv":[13.0,13.0,13.75,14.5],"rotation":0,"texture":"#0","tintindex":0},"south":{"uv":[14.75,13.0,15.5,14.5],"rotation":0,"texture":"#0","tintindex":0},"up":{"uv":[13.75,13.0,13.0,12.0],"rotation":0,"texture":"#0","tintindex":0},"west":{"uv":[13.75,13.0,14.75,14.5],"rotation":0,"texture":"#0","tintindex":0}}},{"name":"left_arm","from":[8.0,4.3999996,5.6],"to":[9.8,8.0,8.0],"rotation":{"angle":0.0,"axis":"x","origin":[12.2,-2.8000002,6.8]},"faces":{"down":{"uv":[10.5,13.5,9.75,14.5],"rotation":0,"texture":"#0","tintindex":0},"east":{"uv":[8.0,14.5,9.0,16.0],"rotation":0,"texture":"#0","tintindex":0},"north":{"uv":[9.0,14.5,9.75,16.0],"rotation":0,"texture":"#0","tintindex":0},"south":{"uv":[10.75,14.5,11.5,16.0],"rotation":0,"texture":"#0","tintindex":0},"up":{"uv":[9.75,14.5,9.0,13.5],"rotation":0,"texture":"#0","tintindex":0},"west":{"uv":[9.75,14.5,10.75,16.0],"rotation":0,"texture":"#0","tintindex":0}}}],"display":{"head":{"translation":[0.0,-6.4,0.0],"rotation":[0.0,0.0,0.0],"scale":[3.8095,3.8095,3.8095]}}}