{"textures":{"0":"modelengine:entity/f3267d94f5a35281","1":"modelengine:entity/hana_horn","2":"modelengine:entity/stone_sword","3":"modelengine:entity/oak_planks"},"elements":[{"name":"cube","from":[7.4,7.85,7.7],"to":[8.0,8.45,8.3],"rotation":{"angle":0.0,"axis":"x","origin":[8.15,7.85,8.0]},"faces":{"down":{"uv":[0.0,0.0,1.0,1.0],"rotation":0,"texture":"#0","tintindex":0},"east":{"uv":[0.0,0.0,1.0,1.0],"rotation":0,"texture":"#0","tintindex":0},"north":{"uv":[0.0,0.0,1.0,1.0],"rotation":0,"texture":"#0","tintindex":0},"south":{"uv":[0.0,0.0,1.0,1.0],"rotation":0,"texture":"#0","tintindex":0},"up":{"uv":[0.0,0.0,1.0,1.0],"rotation":0,"texture":"#0","tintindex":0},"west":{"uv":[0.0,0.0,1.0,1.0],"rotation":0,"texture":"#0","tintindex":0}}}],"display":{"head":{"translation":[0.0,-6.4,0.0],"rotation":[0.0,0.0,0.0],"scale":[3.8095,3.8095,3.8095]}}}