{"textures":{"0":"modelengine:entity/f3267d94f5a35281","1":"modelengine:entity/hana_horn","2":"modelengine:entity/stone_sword","3":"modelengine:entity/oak_planks"},"elements":[{"name":"right_leg","from":[6.8,4.3999996,8.0],"to":[9.2,8.0,10.4],"rotation":{"angle":0.0,"axis":"x","origin":[6.8,4.3999996,9.2]},"faces":{"down":{"uv":[3.0,5.5,2.0,6.5],"rotation":0,"texture":"#0","tintindex":0},"east":{"uv":[0.0,6.5,1.0,8.0],"rotation":0,"texture":"#0","tintindex":0},"north":{"uv":[1.0,6.5,2.0,8.0],"rotation":0,"texture":"#0","tintindex":0},"south":{"uv":[3.0,6.5,4.0,8.0],"rotation":0,"texture":"#0","tintindex":0},"up":{"uv":[2.0,6.5,1.0,5.5],"rotation":0,"texture":"#0","tintindex":0},"west":{"uv":[2.0,6.5,3.0,8.0],"rotation":0,"texture":"#0","tintindex":0}}},{"name":"right_pants","from":[6.6499996,4.25,7.85],"to":[9.35,8.15,10.55],"rotation":{"angle":0.0,"axis":"x","origin":[6.8,4.3999996,9.2]},"faces":{"down":{"uv":[3.0,9.75,2.0,10.75],"rotation":0,"texture":"#0","tintindex":0},"east":{"uv":[0.0,10.75,1.0,12.25],"rotation":0,"texture":"#0","tintindex":0},"north":{"uv":[1.0,10.75,2.0,12.25],"rotation":0,"texture":"#0","tintindex":0},"south":{"uv":[3.0,10.75,4.0,12.25],"rotation":0,"texture":"#0","tintindex":0},"up":{"uv":[2.0,10.75,1.0,9.75],"rotation":0,"texture":"#0","tintindex":0},"west":{"uv":[2.0,10.75,3.0,12.25],"rotation":0,"texture":"#0","tintindex":0}}}],"display":{"head":{"translation":[0.0,-6.4,0.0],"rotation":[0.0,0.0,0.0],"scale":[3.8095,3.8095,3.8095]}}}