{"textures":{"0":"modelengine:entity/f3267d94f5a35281","1":"modelengine:entity/hana_horn","2":"modelengine:entity/stone_sword","3":"modelengine:entity/oak_planks"},"elements":[{"name":"cube","from":[7.505,5.899893,8.338329],"to":[8.01188,7.420533,9.858971],"rotation":{"angle":0.0,"axis":"x","origin":[7.505,5.899893,12.90025]},"faces":{"down":{"uv":[0.0,15.0,3.0,16.0],"rotation":0,"texture":"#2","tintindex":0},"east":{"uv":[0.0,13.0,3.0,16.0],"rotation":0,"texture":"#2","tintindex":0},"north":{"uv":[2.0,13.0,3.0,16.0],"rotation":0,"texture":"#2","tintindex":0},"south":{"uv":[0.0,13.0,1.0,16.0],"rotation":0,"texture":"#2","tintindex":0},"up":{"uv":[2.0,13.0,3.0,16.0],"rotation":0,"texture":"#2","tintindex":0},"west":{"uv":[0.0,13.0,3.0,16.0],"rotation":0,"texture":"#2","tintindex":0}}},{"name":"cube","from":[7.505,7.420533,7.32457],"to":[8.01188,8.941174,7.83145],"rotation":{"angle":0.0,"axis":"x","origin":[7.505,5.899893,12.90025]},"faces":{"down":{"uv":[3.0,13.0,4.0,14.0],"rotation":0,"texture":"#2","tintindex":0},"east":{"uv":[3.0,11.0,4.0,14.0],"rotation":0,"texture":"#2","tintindex":0},"north":{"uv":[3.0,11.0,4.0,14.0],"rotation":0,"texture":"#2","tintindex":0},"south":{"uv":[3.0,11.0,4.0,14.0],"rotation":0,"texture":"#2","tintindex":0},"up":{"uv":[3.0,11.0,4.0,12.0],"rotation":0,"texture":"#2","tintindex":0},"west":{"uv":[3.0,11.0,4.0,14.0],"rotation":0,"texture":"#2","tintindex":0}}},{"name":"cube","from":[7.505,7.927413,6.81769],"to":[8.01188,9.448053,7.32457],"rotation":{"angle":0.0,"axis":"x","origin":[7.505,5.899893,12.90025]},"faces":{"down":{"uv":[4.0,12.0,5.0,13.0],"rotation":0,"texture":"#2","tintindex":0},"east":{"uv":[4.0,10.0,5.0,13.0],"rotation":0,"texture":"#2","tintindex":0},"north":{"uv":[4.0,10.0,5.0,13.0],"rotation":0,"texture":"#2","tintindex":0},"south":{"uv":[4.0,10.0,5.0,13.0],"rotation":0,"texture":"#2","tintindex":0},"up":{"uv":[4.0,10.0,5.0,11.0],"rotation":0,"texture":"#2","tintindex":0},"west":{"uv":[4.0,10.0,5.0,13.0],"rotation":0,"texture":"#2","tintindex":0}}},{"name":"cube","from":[7.505,8.434293,6.31081],"to":[8.01188,10.461813,6.81769],"rotation":{"angle":0.0,"axis":"x","origin":[7.505,5.899893,12.90025]},"faces":{"down":{"uv":[5.0,11.0,6.0,12.0],"rotation":0,"texture":"#2","tintindex":0},"east":{"uv":[5.0,8.0,6.0,12.0],"rotation":0,"texture":"#2","tintindex":0},"north":{"uv":[5.0,8.0,6.0,12.0],"rotation":0,"texture":"#2","tintindex":0},"south":{"uv":[5.0,8.0,6.0,12.0],"rotation":0,"texture":"#2","tintindex":0},"up":{"uv":[5.0,8.0,6.0,9.0],"rotation":0,"texture":"#2","tintindex":0},"west":{"uv":[5.0,8.0,6.0,12.0],"rotation":0,"texture":"#2","tintindex":0}}},{"name":"cube","from":[7.505,7.927413,5.80393],"to":[8.01188,10.968693,6.31081],"rotation":{"angle":0.0,"axis":"x","origin":[7.505,5.899893,12.90025]},"faces":{"down":{"uv":[6.0,12.0,7.0,13.0],"rotation":0,"texture":"#2","tintindex":0},"east":{"uv":[6.0,7.0,7.0,13.0],"rotation":0,"texture":"#2","tintindex":0},"north":{"uv":[6.0,7.0,7.0,13.0],"rotation":0,"texture":"#2","tintindex":0},"south":{"uv":[6.0,7.0,7.0,13.0],"rotation":0,"texture":"#2","tintindex":0},"up":{"uv":[6.0,7.0,7.0,8.0],"rotation":0,"texture":"#2","tintindex":0},"west":{"uv":[6.0,7.0,7.0,13.0],"rotation":0,"texture":"#2","tintindex":0}}},{"name":"cube","from":[7.505,7.927413,5.29705],"to":[8.01188,11.475574,5.80393],"rotation":{"angle":0.0,"axis":"x","origin":[7.505,5.899893,12.90025]},"faces":{"down":{"uv":[7.0,12.0,8.0,13.0],"rotation":0,"texture":"#2","tintindex":0},"east":{"uv":[7.0,6.0,8.0,13.0],"rotation":0,"texture":"#2","tintindex":0},"north":{"uv":[7.0,6.0,8.0,13.0],"rotation":0,"texture":"#2","tintindex":0},"south":{"uv":[7.0,6.0,8.0,13.0],"rotation":0,"texture":"#2","tintindex":0},"up":{"uv":[7.0,6.0,8.0,7.0],"rotation":0,"texture":"#2","tintindex":0},"west":{"uv":[7.0,6.0,8.0,13.0],"rotation":0,"texture":"#2","tintindex":0}}},{"name":"cube","from":[7.505,9.448053,4.7901697],"to":[8.01188,11.982452,5.29705],"rotation":{"angle":0.0,"axis":"x","origin":[7.505,5.899893,12.90025]},"faces":{"down":{"uv":[8.0,9.0,9.0,10.0],"rotation":0,"texture":"#2","tintindex":0},"east":{"uv":[8.0,5.0,9.0,10.0],"rotation":0,"texture":"#2","tintindex":0},"north":{"uv":[9.0,5.0,8.0,10.0],"rotation":0,"texture":"#2","tintindex":0},"south":{"uv":[8.0,5.0,9.0,10.0],"rotation":0,"texture":"#2","tintindex":0},"up":{"uv":[8.0,5.0,9.0,6.0],"rotation":0,"texture":"#2","tintindex":0},"west":{"uv":[8.0,5.0,9.0,10.0],"rotation":0,"texture":"#2","tintindex":0}}},{"name":"cube","from":[7.505,9.954933,4.28329],"to":[8.01188,12.489333,4.7901697],"rotation":{"angle":0.0,"axis":"x","origin":[7.505,5.899893,12.90025]},"faces":{"down":{"uv":[9.0,8.0,10.0,9.0],"rotation":0,"texture":"#2","tintindex":0},"east":{"uv":[9.0,4.0,10.0,9.0],"rotation":0,"texture":"#2","tintindex":0},"north":{"uv":[10.0,4.0,9.0,9.0],"rotation":0,"texture":"#2","tintindex":0},"south":{"uv":[9.0,4.0,10.0,9.0],"rotation":0,"texture":"#2","tintindex":0},"up":{"uv":[9.0,4.0,10.0,5.0],"rotation":0,"texture":"#2","tintindex":0},"west":{"uv":[9.0,4.0,10.0,9.0],"rotation":0,"texture":"#2","tintindex":0}}},{"name":"cube","from":[7.505,10.461813,3.7764099],"to":[8.01188,12.996213,4.28329],"rotation":{"angle":0.0,"axis":"x","origin":[7.505,5.899893,12.90025]},"faces":{"down":{"uv":[10.0,7.0,11.0,8.0],"rotation":0,"texture":"#2","tintindex":0},"east":{"uv":[10.0,3.0,11.0,8.0],"rotation":0,"texture":"#2","tintindex":0},"north":{"uv":[11.0,3.0,10.0,8.0],"rotation":0,"texture":"#2","tintindex":0},"south":{"uv":[10.0,3.0,11.0,8.0],"rotation":0,"texture":"#2","tintindex":0},"up":{"uv":[10.0,3.0,11.0,4.0],"rotation":0,"texture":"#2","tintindex":0},"west":{"uv":[10.0,3.0,11.0,8.0],"rotation":0,"texture":"#2","tintindex":0}}},{"name":"cube","from":[7.505,10.968693,3.2695298],"to":[8.01188,13.503093,3.7764099],"rotation":{"angle":0.0,"axis":"x","origin":[7.505,5.899893,12.90025]},"faces":{"down":{"uv":[11.0,6.0,12.0,7.0],"rotation":0,"texture":"#2","tintindex":0},"east":{"uv":[11.0,2.0,12.0,7.0],"rotation":0,"texture":"#2","tintindex":0},"north":{"uv":[12.0,2.0,11.0,7.0],"rotation":0,"texture":"#2","tintindex":0},"south":{"uv":[11.0,2.0,12.0,7.0],"rotation":0,"texture":"#2","tintindex":0},"up":{"uv":[11.0,2.0,12.0,3.0],"rotation":0,"texture":"#2","tintindex":0},"west":{"uv":[11.0,2.0,12.0,7.0],"rotation":0,"texture":"#2","tintindex":0}}},{"name":"cube","from":[7.505,11.475574,2.7626495],"to":[8.01188,14.009973,3.2695298],"rotation":{"angle":0.0,"axis":"x","origin":[7.505,5.899893,12.90025]},"faces":{"down":{"uv":[12.0,5.0,13.0,6.0],"rotation":0,"texture":"#2","tintindex":0},"east":{"uv":[12.0,1.0,13.0,6.0],"rotation":0,"texture":"#2","tintindex":0},"north":{"uv":[13.0,1.0,12.0,6.0],"rotation":0,"texture":"#2","tintindex":0},"south":{"uv":[12.0,1.0,13.0,6.0],"rotation":0,"texture":"#2","tintindex":0},"up":{"uv":[12.0,1.0,13.0,2.0],"rotation":0,"texture":"#2","tintindex":0},"west":{"uv":[12.0,1.0,13.0,6.0],"rotation":0,"texture":"#2","tintindex":0}}},{"name":"cube","from":[7.505,11.982452,2.2557695],"to":[8.01188,14.516853,2.7626495],"rotation":{"angle":0.0,"axis":"x","origin":[7.505,5.899893,12.90025]},"faces":{"down":{"uv":[13.0,4.0,14.0,5.0],"rotation":0,"texture":"#2","tintindex":0},"east":{"uv":[13.0,0.0,14.0,5.0],"rotation":0,"texture":"#2","tintindex":0},"north":{"uv":[14.0,0.0,13.0,5.0],"rotation":0,"texture":"#2","tintindex":0},"south":{"uv":[13.0,0.0,14.0,5.0],"rotation":0,"texture":"#2","tintindex":0},"up":{"uv":[13.0,0.0,14.0,1.0],"rotation":0,"texture":"#2","tintindex":0},"west":{"uv":[13.0,0.0,14.0,5.0],"rotation":0,"texture":"#2","tintindex":0}}},{"name":"cube","from":[7.505,12.489333,1.7488894],"to":[8.01188,14.516853,2.2557695],"rotation":{"angle":0.0,"axis":"x","origin":[7.505,5.899893,12.90025]},"faces":{"down":{"uv":[14.0,3.0,15.0,4.0],"rotation":0,"texture":"#2","tintindex":0},"east":{"uv":[14.0,0.0,15.0,4.0],"rotation":0,"texture":"#2","tintindex":0},"north":{"uv":[15.0,0.0,14.0,4.0],"rotation":0,"texture":"#2","tintindex":0},"south":{"uv":[14.0,0.0,15.0,4.0],"rotation":0,"texture":"#2","tintindex":0},"up":{"uv":[14.0,0.0,15.0,1.0],"rotation":0,"texture":"#2","tintindex":0},"west":{"uv":[14.0,0.0,15.0,4.0],"rotation":0,"texture":"#2","tintindex":0}}},{"name":"cube","from":[7.505,12.996213,1.2420095],"to":[8.01188,14.516853,1.7488894],"rotation":{"angle":0.0,"axis":"x","origin":[7.505,5.899893,12.90025]},"faces":{"down":{"uv":[15.0,2.0,16.0,3.0],"rotation":0,"texture":"#2","tintindex":0},"east":{"uv":[15.0,0.0,16.0,3.0],"rotation":0,"texture":"#2","tintindex":0},"north":{"uv":[16.0,0.0,15.0,3.0],"rotation":0,"texture":"#2","tintindex":0},"south":{"uv":[15.0,0.0,16.0,3.0],"rotation":0,"texture":"#2","tintindex":0},"up":{"uv":[15.0,0.0,16.0,1.0],"rotation":0,"texture":"#2","tintindex":0},"west":{"uv":[15.0,0.0,16.0,3.0],"rotation":0,"texture":"#2","tintindex":0}}},{"name":"cube","from":[7.505,7.420533,4.7901697],"to":[8.01188,8.941174,5.29705],"rotation":{"angle":0.0,"axis":"x","origin":[7.505,5.899893,12.90025]},"faces":{"down":{"uv":[8.0,13.0,9.0,14.0],"rotation":0,"texture":"#2","tintindex":0},"east":{"uv":[8.0,11.0,9.0,14.0],"rotation":0,"texture":"#2","tintindex":0},"north":{"uv":[8.0,11.0,9.0,14.0],"rotation":0,"texture":"#2","tintindex":0},"south":{"uv":[8.0,11.0,9.0,14.0],"rotation":0,"texture":"#2","tintindex":0},"up":{"uv":[8.0,11.0,9.0,12.0],"rotation":0,"texture":"#2","tintindex":0},"west":{"uv":[8.0,11.0,9.0,14.0],"rotation":0,"texture":"#2","tintindex":0}}},{"name":"cube","from":[7.505,7.420533,4.28329],"to":[8.01188,8.434293,4.7901697],"rotation":{"angle":0.0,"axis":"x","origin":[7.505,5.899893,12.90025]},"faces":{"down":{"uv":[9.0,13.0,10.0,14.0],"rotation":0,"texture":"#2","tintindex":0},"east":{"uv":[9.0,12.0,10.0,14.0],"rotation":0,"texture":"#2","tintindex":0},"north":{"uv":[9.0,12.0,10.0,14.0],"rotation":0,"texture":"#2","tintindex":0},"south":{"uv":[9.0,12.0,10.0,14.0],"rotation":0,"texture":"#2","tintindex":0},"up":{"uv":[9.0,12.0,10.0,13.0],"rotation":0,"texture":"#2","tintindex":0},"west":{"uv":[9.0,12.0,10.0,14.0],"rotation":0,"texture":"#2","tintindex":0}}},{"name":"cube","from":[7.505,9.448053,6.81769],"to":[8.01188,10.968693,7.32457],"rotation":{"angle":0.0,"axis":"x","origin":[7.505,5.899893,12.90025]},"faces":{"down":{"uv":[4.0,9.0,5.0,10.0],"rotation":0,"texture":"#2","tintindex":0},"east":{"uv":[4.0,7.0,5.0,10.0],"rotation":0,"texture":"#2","tintindex":0},"north":{"uv":[4.0,7.0,5.0,10.0],"rotation":0,"texture":"#2","tintindex":0},"south":{"uv":[4.0,7.0,5.0,10.0],"rotation":0,"texture":"#2","tintindex":0},"up":{"uv":[4.0,7.0,5.0,8.0],"rotation":0,"texture":"#2","tintindex":0},"west":{"uv":[4.0,7.0,5.0,10.0],"rotation":0,"texture":"#2","tintindex":0}}},{"name":"cube","from":[7.505,9.448053,7.32457],"to":[8.01188,11.475574,7.83145],"rotation":{"angle":0.0,"axis":"x","origin":[7.505,5.899893,12.90025]},"faces":{"down":{"uv":[3.0,9.0,4.0,10.0],"rotation":0,"texture":"#2","tintindex":0},"east":{"uv":[3.0,6.0,4.0,10.0],"rotation":0,"texture":"#2","tintindex":0},"north":{"uv":[3.0,6.0,4.0,10.0],"rotation":0,"texture":"#2","tintindex":0},"south":{"uv":[3.0,6.0,4.0,10.0],"rotation":0,"texture":"#2","tintindex":0},"up":{"uv":[3.0,6.0,4.0,7.0],"rotation":0,"texture":"#2","tintindex":0},"west":{"uv":[3.0,6.0,4.0,10.0],"rotation":0,"texture":"#2","tintindex":0}}},{"name":"cube","from":[7.505,10.461813,7.83145],"to":[8.01188,11.475574,8.338329],"rotation":{"angle":0.0,"axis":"x","origin":[7.505,5.899893,12.90025]},"faces":{"down":{"uv":[2.0,7.0,3.0,8.0],"rotation":0,"texture":"#2","tintindex":0},"east":{"uv":[2.0,6.0,3.0,8.0],"rotation":0,"texture":"#2","tintindex":0},"north":{"uv":[2.0,6.0,3.0,8.0],"rotation":0,"texture":"#2","tintindex":0},"south":{"uv":[2.0,6.0,3.0,8.0],"rotation":0,"texture":"#2","tintindex":0},"up":{"uv":[2.0,6.0,3.0,7.0],"rotation":0,"texture":"#2","tintindex":0},"west":{"uv":[2.0,6.0,3.0,8.0],"rotation":0,"texture":"#2","tintindex":0}}},{"name":"cube","from":[7.505,6.913653,7.83145],"to":[8.01188,8.434293,8.338329],"rotation":{"angle":0.0,"axis":"x","origin":[7.505,5.899893,12.90025]},"faces":{"down":{"uv":[2.0,14.0,3.0,15.0],"rotation":0,"texture":"#2","tintindex":0},"east":{"uv":[2.0,12.0,3.0,15.0],"rotation":0,"texture":"#2","tintindex":0},"north":{"uv":[2.0,12.0,3.0,15.0],"rotation":0,"texture":"#2","tintindex":0},"south":{"uv":[2.0,12.0,3.0,15.0],"rotation":0,"texture":"#2","tintindex":0},"up":{"uv":[2.0,12.0,3.0,13.0],"rotation":0,"texture":"#2","tintindex":0},"west":{"uv":[2.0,12.0,3.0,15.0],"rotation":0,"texture":"#2","tintindex":0}}},{"name":"cube","from":[7.505,7.420533,8.338329],"to":[8.01188,7.927413,8.84521],"rotation":{"angle":0.0,"axis":"x","origin":[7.505,5.899893,12.90025]},"faces":{"down":{"uv":[2.0,12.0,3.0,13.0],"rotation":0,"texture":"#2","tintindex":0},"east":{"uv":[2.0,12.0,3.0,13.0],"rotation":0,"texture":"#2","tintindex":0},"north":{"uv":[2.0,12.0,3.0,13.0],"rotation":0,"texture":"#2","tintindex":0},"south":{"uv":[2.0,12.0,3.0,13.0],"rotation":0,"texture":"#2","tintindex":0},"up":{"uv":[2.0,12.0,3.0,13.0],"rotation":0,"texture":"#2","tintindex":0},"west":{"uv":[2.0,12.0,3.0,13.0],"rotation":0,"texture":"#2","tintindex":0}}}],"display":{"head":{"translation":[0.0,-6.4,0.0],"rotation":[0.0,0.0,0.0],"scale":[3.8095,3.8095,3.8095]}}}