{"textures":{"0":"modelengine:entity/bluegraywolf"},"elements":[{"name":"head","from":[5.899743,7.1183534,5.2792206],"to":[9.902203,10.050095,7.4088106],"rotation":{"angle":-22.5,"axis":"x","origin":[7.9009733,8.538054,6.750186]},"faces":{"down":{"uv":[7.0,3.5,7.75,5.0],"rotation":0,"texture":"#0","tintindex":0},"east":{"uv":[4.25,7.5,5.75,9.0],"rotation":0,"texture":"#0","tintindex":0},"north":{"uv":[7.0,3.5,7.75,5.0],"rotation":0,"texture":"#0","tintindex":0},"south":{"uv":[7.0,3.5,7.75,5.0],"rotation":0,"texture":"#0","tintindex":0},"up":{"uv":[7.0,3.5,7.75,5.0],"rotation":0,"texture":"#0","tintindex":0},"west":{"uv":[9.0,7.5,10.5,9.0],"rotation":0,"texture":"#0","tintindex":0}}},{"name":"head","from":[8.661965,7.975528,5.106582],"to":[9.643245,8.6689825,7.956172],"rotation":{"angle":0.0,"axis":"x","origin":[7.9009733,8.538054,6.750186]},"faces":{"down":{"uv":[3.75,2.75,4.5,3.5],"rotation":0,"texture":"#0","tintindex":0},"east":{"uv":[3.75,2.75,4.5,3.5],"rotation":0,"texture":"#0","tintindex":0},"north":{"uv":[3.0,2.75,3.75,3.5],"rotation":0,"texture":"#0","tintindex":0},"south":{"uv":[3.75,2.75,4.5,3.5],"rotation":0,"texture":"#0","tintindex":0},"up":{"uv":[3.75,2.75,4.5,3.5],"rotation":0,"texture":"#0","tintindex":0},"west":{"uv":[3.75,2.75,4.5,3.5],"rotation":0,"texture":"#0","tintindex":0}}},{"name":"head","from":[6.2390003,7.975528,5.106582],"to":[7.3126197,8.6689825,7.956172],"rotation":{"angle":0.0,"axis":"x","origin":[7.9009733,8.538054,6.750186]},"faces":{"down":{"uv":[3.75,2.75,4.5,3.5],"rotation":0,"texture":"#0","tintindex":0},"east":{"uv":[3.75,2.75,4.5,3.5],"rotation":0,"texture":"#0","tintindex":0},"north":{"uv":[3.0,2.75,3.75,3.5],"rotation":0,"texture":"#0","tintindex":0},"south":{"uv":[3.75,2.75,4.5,3.5],"rotation":0,"texture":"#0","tintindex":0},"up":{"uv":[3.75,2.75,4.5,3.5],"rotation":0,"texture":"#0","tintindex":0},"west":{"uv":[3.75,2.75,4.5,3.5],"rotation":0,"texture":"#0","tintindex":0}}},{"name":"head","from":[8.733061,9.7913,5.9883194],"to":[10.48774,11.005979,7.081064],"rotation":{"angle":-22.5,"axis":"z","origin":[7.517964,10.766338,6.242161]},"faces":{"down":{"uv":[7.0,3.5,7.75,5.0],"rotation":0,"texture":"#0","tintindex":0},"east":{"uv":[7.0,3.5,7.75,5.0],"rotation":0,"texture":"#0","tintindex":0},"north":{"uv":[1.25,0.0,2.25,1.5],"rotation":0,"texture":"#0","tintindex":0},"south":{"uv":[6.5,3.5,7.75,5.0],"rotation":0,"texture":"#0","tintindex":0},"up":{"uv":[7.0,3.5,7.75,5.0],"rotation":0,"texture":"#0","tintindex":0},"west":{"uv":[7.0,3.5,7.75,5.0],"rotation":0,"texture":"#0","tintindex":0}}},{"name":"head","from":[5.3322606,9.7913,5.9883194],"to":[7.086939,11.005979,7.081064],"rotation":{"angle":22.5,"axis":"z","origin":[8.302036,10.766338,6.242161]},"faces":{"down":{"uv":[7.75,3.5,7.0,5.0],"rotation":0,"texture":"#0","tintindex":0},"east":{"uv":[7.75,3.5,7.0,5.0],"rotation":0,"texture":"#0","tintindex":0},"north":{"uv":[2.25,0.0,1.25,1.5],"rotation":0,"texture":"#0","tintindex":0},"south":{"uv":[7.75,3.5,6.5,5.0],"rotation":0,"texture":"#0","tintindex":0},"up":{"uv":[7.75,3.5,7.0,5.0],"rotation":0,"texture":"#0","tintindex":0},"west":{"uv":[7.75,3.5,7.0,5.0],"rotation":0,"texture":"#0","tintindex":0}}},{"name":"head","from":[9.4886,8.849779,5.936],"to":[10.824887,9.815098,6.6013937],"rotation":{"angle":45.0,"axis":"z","origin":[8.297964,9.206338,6.3621607]},"faces":{"down":{"uv":[7.0,3.5,7.75,5.0],"rotation":0,"texture":"#0","tintindex":0},"east":{"uv":[7.0,3.5,7.75,5.0],"rotation":0,"texture":"#0","tintindex":0},"north":{"uv":[1.25,1.5,2.25,1.0],"rotation":0,"texture":"#0","tintindex":0},"south":{"uv":[6.5,3.5,7.75,4.25],"rotation":0,"texture":"#0","tintindex":0},"up":{"uv":[7.0,3.5,7.75,5.0],"rotation":0,"texture":"#0","tintindex":0},"west":{"uv":[7.0,3.5,7.75,5.0],"rotation":0,"texture":"#0","tintindex":0}}},{"name":"head","from":[4.9951124,8.849779,5.996],"to":[6.3314,9.815098,6.661394],"rotation":{"angle":-45.0,"axis":"z","origin":[7.5220366,9.206338,6.4221606]},"faces":{"down":{"uv":[7.75,3.5,7.0,5.0],"rotation":0,"texture":"#0","tintindex":0},"east":{"uv":[7.75,3.5,7.0,5.0],"rotation":0,"texture":"#0","tintindex":0},"north":{"uv":[1.25,1.5,2.25,1.0],"rotation":0,"texture":"#0","tintindex":0},"south":{"uv":[7.75,3.5,6.5,4.25],"rotation":0,"texture":"#0","tintindex":0},"up":{"uv":[7.75,3.5,7.0,5.0],"rotation":0,"texture":"#0","tintindex":0},"west":{"uv":[7.75,3.5,7.0,5.0],"rotation":0,"texture":"#0","tintindex":0}}},{"name":"head","from":[9.0086,9.869778,6.0059404],"to":[10.344888,10.715098,6.671181],"rotation":{"angle":0.0,"axis":"x","origin":[8.297964,9.206338,6.4221606]},"faces":{"down":{"uv":[7.0,3.5,7.75,5.0],"rotation":0,"texture":"#0","tintindex":0},"east":{"uv":[7.0,3.5,7.75,5.0],"rotation":0,"texture":"#0","tintindex":0},"north":{"uv":[1.25,0.0,2.25,0.5],"rotation":0,"texture":"#0","tintindex":0},"south":{"uv":[6.5,3.5,7.75,4.25],"rotation":0,"texture":"#0","tintindex":0},"up":{"uv":[7.0,3.5,7.75,5.0],"rotation":0,"texture":"#0","tintindex":0},"west":{"uv":[7.0,3.5,7.75,5.0],"rotation":0,"texture":"#0","tintindex":0}}},{"name":"head","from":[5.475112,9.869778,6.0059404],"to":[6.8114004,10.715098,6.671181],"rotation":{"angle":0.0,"axis":"x","origin":[7.5220366,9.206338,6.4221606]},"faces":{"down":{"uv":[7.75,3.5,7.0,5.0],"rotation":0,"texture":"#0","tintindex":0},"east":{"uv":[7.75,3.5,7.0,5.0],"rotation":0,"texture":"#0","tintindex":0},"north":{"uv":[2.25,0.0,1.25,0.5],"rotation":0,"texture":"#0","tintindex":0},"south":{"uv":[7.75,3.5,6.5,4.25],"rotation":0,"texture":"#0","tintindex":0},"up":{"uv":[7.75,3.5,7.0,5.0],"rotation":0,"texture":"#0","tintindex":0},"west":{"uv":[7.75,3.5,7.0,5.0],"rotation":0,"texture":"#0","tintindex":0}}},{"name":"head","from":[7.085782,6.243311,3.117745],"to":[8.8293705,7.5827117,5.874995],"rotation":{"angle":0.0,"axis":"x","origin":[7.8975763,6.7330112,4.049604]},"faces":{"down":{"uv":[6.25,5.0,7.0,6.5],"rotation":0,"texture":"#0","tintindex":0},"east":{"uv":[4.5,8.0,6.25,9.0],"rotation":0,"texture":"#0","tintindex":0},"north":{"uv":[1.0,2.75,1.75,3.75],"rotation":0,"texture":"#0","tintindex":0},"south":{"uv":[7.0,3.5,7.75,5.0],"rotation":0,"texture":"#0","tintindex":0},"up":{"uv":[2.0,2.25,2.75,0.75],"rotation":0,"texture":"#0","tintindex":0},"west":{"uv":[8.5,8.0,10.25,9.0],"rotation":0,"texture":"#0","tintindex":0}}},{"name":"head","from":[7.8991013,6.336991,3.2714264],"to":[9.180537,7.8490314,6.1210155],"rotation":{"angle":22.5,"axis":"y","origin":[7.9224234,6.973011,4.049604]},"faces":{"down":{"uv":[7.0,5.0,6.25,6.5],"rotation":0,"texture":"#0","tintindex":0},"east":{"uv":[10.25,8.0,8.5,9.0],"rotation":0,"texture":"#0","tintindex":0},"north":{"uv":[2.25,2.75,1.5,3.75],"rotation":0,"texture":"#0","tintindex":0},"south":{"uv":[7.75,3.5,7.0,5.0],"rotation":0,"texture":"#0","tintindex":0},"up":{"uv":[2.75,2.25,2.0,0.75],"rotation":0,"texture":"#0","tintindex":0},"west":{"uv":[6.25,8.0,4.5,9.0],"rotation":0,"texture":"#0","tintindex":0}}},{"name":"head","from":[6.7594624,6.336991,3.2114263],"to":[8.040899,7.8490314,6.061016],"rotation":{"angle":-22.5,"axis":"y","origin":[7.8975763,6.973011,4.049604]},"faces":{"down":{"uv":[6.25,5.0,7.0,6.5],"rotation":0,"texture":"#0","tintindex":0},"east":{"uv":[4.5,8.0,6.25,9.0],"rotation":0,"texture":"#0","tintindex":0},"north":{"uv":[1.5,2.75,2.25,3.75],"rotation":0,"texture":"#0","tintindex":0},"south":{"uv":[7.0,3.5,7.75,5.0],"rotation":0,"texture":"#0","tintindex":0},"up":{"uv":[2.0,2.25,2.75,0.75],"rotation":0,"texture":"#0","tintindex":0},"west":{"uv":[8.5,8.0,10.25,9.0],"rotation":0,"texture":"#0","tintindex":0}}},{"name":"head","from":[5.7309017,6.179085,5.4340925],"to":[7.6650553,7.965577,8.628892],"rotation":{"angle":-22.5,"axis":"z","origin":[6.5779786,7.312331,5.561492]},"faces":{"down":{"uv":[1.0,5.0,0.25,7.0],"rotation":0,"texture":"#0","tintindex":0},"east":{"uv":[7.75,3.5,7.0,5.0],"rotation":0,"texture":"#0","tintindex":0},"north":{"uv":[7.75,3.5,7.0,5.0],"rotation":0,"texture":"#0","tintindex":0},"south":{"uv":[7.75,3.5,7.0,5.0],"rotation":0,"texture":"#0","tintindex":0},"up":{"uv":[1.0,7.0,0.25,5.0],"rotation":0,"texture":"#0","tintindex":0},"west":{"uv":[6.5,8.25,4.25,9.0],"rotation":0,"texture":"#0","tintindex":0}}},{"name":"head","from":[8.094945,6.179085,5.4340925],"to":[10.0290985,7.965577,8.628892],"rotation":{"angle":22.5,"axis":"z","origin":[9.242022,7.312331,5.561492]},"faces":{"down":{"uv":[0.25,5.0,1.0,7.0],"rotation":0,"texture":"#0","tintindex":0},"east":{"uv":[4.25,8.25,6.5,9.0],"rotation":0,"texture":"#0","tintindex":0},"north":{"uv":[7.0,3.5,7.75,5.0],"rotation":0,"texture":"#0","tintindex":0},"south":{"uv":[7.0,3.5,7.75,5.0],"rotation":0,"texture":"#0","tintindex":0},"up":{"uv":[0.25,7.0,1.0,5.0],"rotation":0,"texture":"#0","tintindex":0},"west":{"uv":[7.0,3.5,7.75,5.0],"rotation":0,"texture":"#0","tintindex":0}}},{"name":"head","from":[7.3228397,7.0438023,2.786689],"to":[8.656994,8.289013,5.814166],"rotation":{"angle":-22.5,"axis":"x","origin":[7.989917,7.4616895,3.901879]},"faces":{"down":{"uv":[7.0,3.5,7.75,5.0],"rotation":0,"texture":"#0","tintindex":0},"east":{"uv":[7.0,3.5,7.75,5.0],"rotation":0,"texture":"#0","tintindex":0},"north":{"uv":[7.0,3.5,7.75,5.0],"rotation":0,"texture":"#0","tintindex":0},"south":{"uv":[7.0,3.5,7.75,5.0],"rotation":0,"texture":"#0","tintindex":0},"up":{"uv":[7.0,3.5,7.75,5.0],"rotation":0,"texture":"#0","tintindex":0},"west":{"uv":[7.0,3.5,7.75,5.0],"rotation":0,"texture":"#0","tintindex":0}}},{"name":"head","from":[7.236521,6.4658856,2.328772],"to":[8.743313,7.193179,3.0256245],"rotation":{"angle":22.5,"axis":"x","origin":[7.989917,7.1616893,3.9618793]},"faces":{"down":{"uv":[1.0,3.75,1.75,4.0],"rotation":0,"texture":"#0","tintindex":0},"east":{"uv":[1.0,3.75,1.75,4.0],"rotation":0,"texture":"#0","tintindex":0},"north":{"uv":[1.0,3.75,1.75,4.0],"rotation":0,"texture":"#0","tintindex":0},"south":{"uv":[1.0,3.75,1.75,4.0],"rotation":0,"texture":"#0","tintindex":0},"up":{"uv":[1.0,3.75,1.75,4.0],"rotation":0,"texture":"#0","tintindex":0},"west":{"uv":[1.0,3.75,1.75,4.0],"rotation":0,"texture":"#0","tintindex":0}}}],"display":{"head":{"translation":[0.0,-6.4,0.0],"rotation":[0.0,0.0,0.0],"scale":[3.8095,3.8095,3.8095]}}}