{"textures":{"0":"modelengine:entity/bluegraywolf"},"elements":[{"name":"leg4","from":[6.5299997,5.0367727,7.807969],"to":[8.15,8.636772,9.96797],"rotation":{"angle":-22.5,"axis":"x","origin":[7.16,3.7767725,10.3279705]},"faces":{"down":{"uv":[6.25,3.5,7.25,5.0],"rotation":0,"texture":"#0","tintindex":0},"east":{"uv":[6.0,3.5,7.0,4.75],"rotation":0,"texture":"#0","tintindex":0},"north":{"uv":[6.0,3.5,6.75,4.75],"rotation":0,"texture":"#0","tintindex":0},"south":{"uv":[6.0,3.5,6.75,4.75],"rotation":0,"texture":"#0","tintindex":0},"up":{"uv":[9.5,7.5,10.5,8.5],"rotation":0,"texture":"#0","tintindex":0},"west":{"uv":[6.0,3.5,7.0,4.75],"rotation":0,"texture":"#0","tintindex":0}}},{"name":"leg5","from":[6.44,6.777238,6.3165236],"to":[8.780001,9.207239,9.286524],"rotation":{"angle":22.5,"axis":"x","origin":[6.62,7.497238,7.4415236]},"faces":{"down":{"uv":[7.25,3.5,6.25,5.0],"rotation":0,"texture":"#0","tintindex":0},"east":{"uv":[7.25,3.5,6.0,4.75],"rotation":0,"texture":"#0","tintindex":0},"north":{"uv":[7.0,3.5,6.0,5.0],"rotation":0,"texture":"#0","tintindex":0},"south":{"uv":[7.0,3.5,6.0,5.0],"rotation":0,"texture":"#0","tintindex":0},"up":{"uv":[10.5,7.5,9.5,8.5],"rotation":0,"texture":"#0","tintindex":0},"west":{"uv":[7.25,3.5,6.0,4.75],"rotation":0,"texture":"#0","tintindex":0}}}],"display":{"head":{"translation":[0.0,-6.4,0.0],"rotation":[0.0,0.0,0.0],"scale":[3.8095,3.8095,3.8095]}}}