{"textures":{"0":"modelengine:entity/bluegraywolf"},"elements":[{"name":"leg3","from":[7.25,6.5755796,7.9565964],"to":[8.69,9.36558,9.306597],"rotation":{"angle":-45.0,"axis":"x","origin":[7.79,7.9255795,9.126596]},"faces":{"down":{"uv":[1.5,4.5,1.0,5.0],"rotation":0,"texture":"#0","tintindex":0},"east":{"uv":[1.5,5.0,1.0,6.0],"rotation":0,"texture":"#0","tintindex":0},"north":{"uv":[1.0,5.0,0.5,6.0],"rotation":0,"texture":"#0","tintindex":0},"south":{"uv":[2.0,5.0,1.5,6.0],"rotation":0,"texture":"#0","tintindex":0},"up":{"uv":[1.0,4.5,0.5,5.0],"rotation":0,"texture":"#0","tintindex":0},"west":{"uv":[0.5,5.0,0.0,6.0],"rotation":0,"texture":"#0","tintindex":0}}},{"name":"leg2","from":[7.4300003,4.31,8.389999],"to":[8.51,7.28,9.56],"rotation":{"angle":22.5,"axis":"x","origin":[7.97,6.38,8.3]},"faces":{"down":{"uv":[1.5,4.5,1.0,5.0],"rotation":0,"texture":"#0","tintindex":0},"east":{"uv":[1.5,5.75,1.0,7.0],"rotation":0,"texture":"#0","tintindex":0},"north":{"uv":[1.0,5.75,0.5,7.0],"rotation":0,"texture":"#0","tintindex":0},"south":{"uv":[2.0,5.75,1.5,7.0],"rotation":0,"texture":"#0","tintindex":0},"up":{"uv":[1.0,4.5,0.5,5.0],"rotation":0,"texture":"#0","tintindex":0},"west":{"uv":[0.5,5.75,0.0,7.0],"rotation":0,"texture":"#0","tintindex":0}}},{"name":"leg8","from":[8.51,3.4099998,7.04],"to":[8.96,4.31,7.85],"rotation":{"angle":22.5,"axis":"x","origin":[8.825,3.9949996,8.21]},"faces":{"down":{"uv":[1.0,6.0,0.5,7.0],"rotation":0,"texture":"#0","tintindex":0},"east":{"uv":[7.25,5.25,6.25,6.25],"rotation":0,"texture":"#0","tintindex":0},"north":{"uv":[1.0,6.0,0.5,7.0],"rotation":0,"texture":"#0","tintindex":0},"south":{"uv":[1.0,6.0,0.5,7.0],"rotation":0,"texture":"#0","tintindex":0},"up":{"uv":[1.0,6.0,0.5,7.0],"rotation":0,"texture":"#0","tintindex":0},"west":{"uv":[7.25,5.25,6.25,6.25],"rotation":0,"texture":"#0","tintindex":0}}},{"name":"leg3","from":[7.07,3.6799998,7.4],"to":[8.780001,4.58,8.66],"rotation":{"angle":0.0,"axis":"x","origin":[7.97,6.38,9.02]},"faces":{"down":{"uv":[1.25,6.25,0.25,7.0],"rotation":0,"texture":"#0","tintindex":0},"east":{"uv":[1.25,6.25,0.25,7.0],"rotation":0,"texture":"#0","tintindex":0},"north":{"uv":[1.25,6.25,0.25,7.0],"rotation":0,"texture":"#0","tintindex":0},"south":{"uv":[1.25,6.25,0.25,7.0],"rotation":0,"texture":"#0","tintindex":0},"up":{"uv":[1.25,6.25,0.25,7.0],"rotation":0,"texture":"#0","tintindex":0},"west":{"uv":[1.25,6.25,0.25,7.0],"rotation":0,"texture":"#0","tintindex":0}}},{"name":"leg4","from":[7.52,3.6799998,6.41],"to":[7.79,4.04,7.31],"rotation":{"angle":0.0,"axis":"x","origin":[8.014999,3.9949996,7.2200003]},"faces":{"down":{"uv":[1.5,3.25,1.25,4.0],"rotation":0,"texture":"#0","tintindex":0},"east":{"uv":[1.5,3.25,1.25,4.0],"rotation":0,"texture":"#0","tintindex":0},"north":{"uv":[1.5,3.25,1.25,4.0],"rotation":0,"texture":"#0","tintindex":0},"south":{"uv":[1.5,3.25,1.25,4.0],"rotation":0,"texture":"#0","tintindex":0},"up":{"uv":[1.5,3.25,1.25,4.0],"rotation":0,"texture":"#0","tintindex":0},"west":{"uv":[1.5,3.25,1.25,4.0],"rotation":0,"texture":"#0","tintindex":0}}},{"name":"leg5","from":[6.98,3.6799998,6.6800003],"to":[7.25,4.04,7.58],"rotation":{"angle":0.0,"axis":"x","origin":[7.475,3.9949996,7.4900002]},"faces":{"down":{"uv":[1.5,3.25,1.25,4.0],"rotation":0,"texture":"#0","tintindex":0},"east":{"uv":[1.5,3.25,1.25,4.0],"rotation":0,"texture":"#0","tintindex":0},"north":{"uv":[1.5,3.25,1.25,4.0],"rotation":0,"texture":"#0","tintindex":0},"south":{"uv":[1.5,3.25,1.25,4.0],"rotation":0,"texture":"#0","tintindex":0},"up":{"uv":[1.5,3.25,1.25,4.0],"rotation":0,"texture":"#0","tintindex":0},"west":{"uv":[1.5,3.25,1.25,4.0],"rotation":0,"texture":"#0","tintindex":0}}},{"name":"leg6","from":[8.06,3.6799998,6.23],"to":[8.33,4.04,7.13],"rotation":{"angle":0.0,"axis":"x","origin":[8.555,3.9949996,7.04]},"faces":{"down":{"uv":[1.5,3.25,1.25,4.0],"rotation":0,"texture":"#0","tintindex":0},"east":{"uv":[1.5,3.25,1.25,4.0],"rotation":0,"texture":"#0","tintindex":0},"north":{"uv":[1.5,3.25,1.25,4.0],"rotation":0,"texture":"#0","tintindex":0},"south":{"uv":[1.5,3.25,1.25,4.0],"rotation":0,"texture":"#0","tintindex":0},"up":{"uv":[1.5,3.25,1.25,4.0],"rotation":0,"texture":"#0","tintindex":0},"west":{"uv":[1.5,3.25,1.25,4.0],"rotation":0,"texture":"#0","tintindex":0}}},{"name":"leg7","from":[8.6,3.6799998,6.59],"to":[8.87,4.04,7.4900002],"rotation":{"angle":0.0,"axis":"x","origin":[9.094999,3.9949996,7.4]},"faces":{"down":{"uv":[1.5,3.25,1.25,4.0],"rotation":0,"texture":"#0","tintindex":0},"east":{"uv":[1.5,3.25,1.25,4.0],"rotation":0,"texture":"#0","tintindex":0},"north":{"uv":[1.5,3.25,1.25,4.0],"rotation":0,"texture":"#0","tintindex":0},"south":{"uv":[1.5,3.25,1.25,4.0],"rotation":0,"texture":"#0","tintindex":0},"up":{"uv":[1.5,3.25,1.25,4.0],"rotation":0,"texture":"#0","tintindex":0},"west":{"uv":[1.5,3.25,1.25,4.0],"rotation":0,"texture":"#0","tintindex":0}}},{"name":"leg5","from":[7.4300003,3.4099998,6.8599997],"to":[7.88,4.31,7.67],"rotation":{"angle":22.5,"axis":"x","origin":[7.745,3.9949996,8.030001]},"faces":{"down":{"uv":[1.0,6.0,0.5,7.0],"rotation":0,"texture":"#0","tintindex":0},"east":{"uv":[7.25,5.25,6.25,6.25],"rotation":0,"texture":"#0","tintindex":0},"north":{"uv":[1.0,6.0,0.5,7.0],"rotation":0,"texture":"#0","tintindex":0},"south":{"uv":[1.0,6.0,0.5,7.0],"rotation":0,"texture":"#0","tintindex":0},"up":{"uv":[1.0,6.0,0.5,7.0],"rotation":0,"texture":"#0","tintindex":0},"west":{"uv":[7.25,5.25,6.25,6.25],"rotation":0,"texture":"#0","tintindex":0}}},{"name":"leg6","from":[6.8900003,3.4099998,7.04],"to":[7.34,4.31,7.85],"rotation":{"angle":22.5,"axis":"x","origin":[7.205,3.9949996,8.21]},"faces":{"down":{"uv":[1.0,6.0,0.5,7.0],"rotation":0,"texture":"#0","tintindex":0},"east":{"uv":[7.25,5.25,6.25,6.25],"rotation":0,"texture":"#0","tintindex":0},"north":{"uv":[1.0,6.0,0.5,7.0],"rotation":0,"texture":"#0","tintindex":0},"south":{"uv":[1.0,6.0,0.5,7.0],"rotation":0,"texture":"#0","tintindex":0},"up":{"uv":[1.0,6.0,0.5,7.0],"rotation":0,"texture":"#0","tintindex":0},"west":{"uv":[7.25,5.25,6.25,6.25],"rotation":0,"texture":"#0","tintindex":0}}},{"name":"leg7","from":[7.97,3.4099998,6.59],"to":[8.42,4.49,7.4900002],"rotation":{"angle":22.5,"axis":"x","origin":[8.285,4.1749997,7.7599998]},"faces":{"down":{"uv":[1.0,6.0,0.5,7.0],"rotation":0,"texture":"#0","tintindex":0},"east":{"uv":[7.25,5.25,6.25,6.25],"rotation":0,"texture":"#0","tintindex":0},"north":{"uv":[1.0,6.0,0.5,7.0],"rotation":0,"texture":"#0","tintindex":0},"south":{"uv":[1.0,6.0,0.5,7.0],"rotation":0,"texture":"#0","tintindex":0},"up":{"uv":[1.0,6.0,0.5,7.0],"rotation":0,"texture":"#0","tintindex":0},"west":{"uv":[7.25,5.25,6.25,6.25],"rotation":0,"texture":"#0","tintindex":0}}}],"display":{"head":{"translation":[0.0,-6.4,0.0],"rotation":[0.0,0.0,0.0],"scale":[3.8095,3.8095,3.8095]}}}