{"textures":{"0":"modelengine:entity/bluegraywolf"},"elements":[{"name":"leg5","from":[7.16,4.9944468,5.743529],"to":[8.33,8.864447,7.0935287],"rotation":{"angle":22.5,"axis":"x","origin":[7.97,4.184447,6.7335286]},"faces":{"down":{"uv":[1.5,4.5,1.0,5.0],"rotation":0,"texture":"#0","tintindex":0},"east":{"uv":[1.5,5.0,1.0,6.0],"rotation":0,"texture":"#0","tintindex":0},"north":{"uv":[1.0,5.0,0.5,6.0],"rotation":0,"texture":"#0","tintindex":0},"south":{"uv":[2.0,5.0,1.5,6.0],"rotation":0,"texture":"#0","tintindex":0},"up":{"uv":[1.0,4.5,0.5,5.0],"rotation":0,"texture":"#0","tintindex":0},"west":{"uv":[0.5,5.0,0.0,6.0],"rotation":0,"texture":"#0","tintindex":0}}},{"name":"leg4","from":[6.8899994,2.728867,5.0969324],"to":[8.6,3.628867,6.3569326],"rotation":{"angle":0.0,"axis":"x","origin":[7.79,5.428867,6.7169323]},"faces":{"down":{"uv":[1.25,6.25,0.25,7.0],"rotation":0,"texture":"#0","tintindex":0},"east":{"uv":[1.25,6.25,0.25,7.0],"rotation":0,"texture":"#0","tintindex":0},"north":{"uv":[1.25,6.25,0.25,7.0],"rotation":0,"texture":"#0","tintindex":0},"south":{"uv":[1.25,6.25,0.25,7.0],"rotation":0,"texture":"#0","tintindex":0},"up":{"uv":[1.25,6.25,0.25,7.0],"rotation":0,"texture":"#0","tintindex":0},"west":{"uv":[1.25,6.25,0.25,7.0],"rotation":0,"texture":"#0","tintindex":0}}},{"name":"leg5","from":[7.3399997,2.728867,4.1069326],"to":[7.61,3.0888667,5.0069327],"rotation":{"angle":0.0,"axis":"x","origin":[7.835,3.0438669,4.916933]},"faces":{"down":{"uv":[1.5,3.25,1.25,4.0],"rotation":0,"texture":"#0","tintindex":0},"east":{"uv":[1.5,3.25,1.25,4.0],"rotation":0,"texture":"#0","tintindex":0},"north":{"uv":[1.5,3.25,1.25,4.0],"rotation":0,"texture":"#0","tintindex":0},"south":{"uv":[1.5,3.25,1.25,4.0],"rotation":0,"texture":"#0","tintindex":0},"up":{"uv":[1.5,3.25,1.25,4.0],"rotation":0,"texture":"#0","tintindex":0},"west":{"uv":[1.5,3.25,1.25,4.0],"rotation":0,"texture":"#0","tintindex":0}}},{"name":"leg6","from":[6.8,2.728867,4.3769326],"to":[7.0699997,3.0888667,5.2769327],"rotation":{"angle":0.0,"axis":"x","origin":[7.295,3.0438669,5.1869326]},"faces":{"down":{"uv":[1.5,3.25,1.25,4.0],"rotation":0,"texture":"#0","tintindex":0},"east":{"uv":[1.5,3.25,1.25,4.0],"rotation":0,"texture":"#0","tintindex":0},"north":{"uv":[1.5,3.25,1.25,4.0],"rotation":0,"texture":"#0","tintindex":0},"south":{"uv":[1.5,3.25,1.25,4.0],"rotation":0,"texture":"#0","tintindex":0},"up":{"uv":[1.5,3.25,1.25,4.0],"rotation":0,"texture":"#0","tintindex":0},"west":{"uv":[1.5,3.25,1.25,4.0],"rotation":0,"texture":"#0","tintindex":0}}},{"name":"leg7","from":[7.88,2.728867,3.9269326],"to":[8.15,3.0888667,4.8269324],"rotation":{"angle":0.0,"axis":"x","origin":[8.375,3.0438669,4.7369328]},"faces":{"down":{"uv":[1.5,3.25,1.25,4.0],"rotation":0,"texture":"#0","tintindex":0},"east":{"uv":[1.5,3.25,1.25,4.0],"rotation":0,"texture":"#0","tintindex":0},"north":{"uv":[1.5,3.25,1.25,4.0],"rotation":0,"texture":"#0","tintindex":0},"south":{"uv":[1.5,3.25,1.25,4.0],"rotation":0,"texture":"#0","tintindex":0},"up":{"uv":[1.5,3.25,1.25,4.0],"rotation":0,"texture":"#0","tintindex":0},"west":{"uv":[1.5,3.25,1.25,4.0],"rotation":0,"texture":"#0","tintindex":0}}},{"name":"leg8","from":[8.42,2.728867,4.286933],"to":[8.69,3.0888667,5.1869326],"rotation":{"angle":0.0,"axis":"x","origin":[8.915,3.0438669,5.0969324]},"faces":{"down":{"uv":[1.5,3.25,1.25,4.0],"rotation":0,"texture":"#0","tintindex":0},"east":{"uv":[1.5,3.25,1.25,4.0],"rotation":0,"texture":"#0","tintindex":0},"north":{"uv":[1.5,3.25,1.25,4.0],"rotation":0,"texture":"#0","tintindex":0},"south":{"uv":[1.5,3.25,1.25,4.0],"rotation":0,"texture":"#0","tintindex":0},"up":{"uv":[1.5,3.25,1.25,4.0],"rotation":0,"texture":"#0","tintindex":0},"west":{"uv":[1.5,3.25,1.25,4.0],"rotation":0,"texture":"#0","tintindex":0}}},{"name":"leg6","from":[7.25,2.4588666,4.5569324],"to":[7.7,3.358867,5.366933],"rotation":{"angle":22.5,"axis":"x","origin":[7.5649996,3.0438669,5.7269325]},"faces":{"down":{"uv":[1.0,6.0,0.5,7.0],"rotation":0,"texture":"#0","tintindex":0},"east":{"uv":[7.25,5.25,6.25,6.25],"rotation":0,"texture":"#0","tintindex":0},"north":{"uv":[1.0,6.0,0.5,7.0],"rotation":0,"texture":"#0","tintindex":0},"south":{"uv":[1.0,6.0,0.5,7.0],"rotation":0,"texture":"#0","tintindex":0},"up":{"uv":[1.0,6.0,0.5,7.0],"rotation":0,"texture":"#0","tintindex":0},"west":{"uv":[7.25,5.25,6.25,6.25],"rotation":0,"texture":"#0","tintindex":0}}},{"name":"leg7","from":[6.71,2.4588666,4.7369328],"to":[7.16,3.358867,5.546932],"rotation":{"angle":22.5,"axis":"x","origin":[7.0249996,3.0438669,5.906933]},"faces":{"down":{"uv":[1.0,6.0,0.5,7.0],"rotation":0,"texture":"#0","tintindex":0},"east":{"uv":[7.25,5.25,6.25,6.25],"rotation":0,"texture":"#0","tintindex":0},"north":{"uv":[1.0,6.0,0.5,7.0],"rotation":0,"texture":"#0","tintindex":0},"south":{"uv":[1.0,6.0,0.5,7.0],"rotation":0,"texture":"#0","tintindex":0},"up":{"uv":[1.0,6.0,0.5,7.0],"rotation":0,"texture":"#0","tintindex":0},"west":{"uv":[7.25,5.25,6.25,6.25],"rotation":0,"texture":"#0","tintindex":0}}},{"name":"leg8","from":[7.79,2.4588666,4.286933],"to":[8.24,3.5388668,5.1869326],"rotation":{"angle":22.5,"axis":"x","origin":[8.105,3.223867,5.456933]},"faces":{"down":{"uv":[1.0,6.0,0.5,7.0],"rotation":0,"texture":"#0","tintindex":0},"east":{"uv":[7.25,5.25,6.25,6.25],"rotation":0,"texture":"#0","tintindex":0},"north":{"uv":[1.0,6.0,0.5,7.0],"rotation":0,"texture":"#0","tintindex":0},"south":{"uv":[1.0,6.0,0.5,7.0],"rotation":0,"texture":"#0","tintindex":0},"up":{"uv":[1.0,6.0,0.5,7.0],"rotation":0,"texture":"#0","tintindex":0},"west":{"uv":[7.25,5.25,6.25,6.25],"rotation":0,"texture":"#0","tintindex":0}}},{"name":"leg9","from":[8.33,2.4588666,4.7369328],"to":[8.780001,3.358867,5.546932],"rotation":{"angle":22.5,"axis":"x","origin":[8.645,3.0438669,5.906933]},"faces":{"down":{"uv":[1.0,6.0,0.5,7.0],"rotation":0,"texture":"#0","tintindex":0},"east":{"uv":[7.25,5.25,6.25,6.25],"rotation":0,"texture":"#0","tintindex":0},"north":{"uv":[1.0,6.0,0.5,7.0],"rotation":0,"texture":"#0","tintindex":0},"south":{"uv":[1.0,6.0,0.5,7.0],"rotation":0,"texture":"#0","tintindex":0},"up":{"uv":[1.0,6.0,0.5,7.0],"rotation":0,"texture":"#0","tintindex":0},"west":{"uv":[7.25,5.25,6.25,6.25],"rotation":0,"texture":"#0","tintindex":0}}},{"name":"leg4","from":[7.25,2.7444465,5.9235287],"to":[8.24,5.084447,6.9135284],"rotation":{"angle":22.5,"axis":"x","origin":[7.97,4.184447,6.7335286]},"faces":{"down":{"uv":[1.5,4.5,1.0,5.0],"rotation":0,"texture":"#0","tintindex":0},"east":{"uv":[1.5,5.75,1.0,7.0],"rotation":0,"texture":"#0","tintindex":0},"north":{"uv":[1.0,5.75,0.5,7.0],"rotation":0,"texture":"#0","tintindex":0},"south":{"uv":[2.0,5.75,1.5,7.0],"rotation":0,"texture":"#0","tintindex":0},"up":{"uv":[1.0,4.5,0.5,5.0],"rotation":0,"texture":"#0","tintindex":0},"west":{"uv":[0.5,5.75,0.0,7.0],"rotation":0,"texture":"#0","tintindex":0}}}],"display":{"head":{"translation":[0.0,-6.4,0.0],"rotation":[0.0,0.0,0.0],"scale":[3.8095,3.8095,3.8095]}}}