{"textures":{"0":"modelengine:entity/bluegraywolf"},"elements":[{"name":"leg6","from":[7.61,5.24,5.8999996],"to":[8.780001,8.389999,7.25],"rotation":{"angle":22.5,"axis":"x","origin":[7.97,4.4299994,6.8900003]},"faces":{"down":{"uv":[1.0,4.5,1.5,5.0],"rotation":0,"texture":"#0","tintindex":0},"east":{"uv":[0.0,5.0,0.5,6.0],"rotation":0,"texture":"#0","tintindex":0},"north":{"uv":[0.5,5.0,1.0,6.0],"rotation":0,"texture":"#0","tintindex":0},"south":{"uv":[1.5,5.0,2.0,6.0],"rotation":0,"texture":"#0","tintindex":0},"up":{"uv":[0.5,4.5,1.0,5.0],"rotation":0,"texture":"#0","tintindex":0},"west":{"uv":[1.0,5.0,1.5,6.0],"rotation":0,"texture":"#0","tintindex":0}}},{"name":"leg5","from":[7.3399997,2.9744196,5.2534037],"to":[9.05,3.8744197,6.513404],"rotation":{"angle":0.0,"axis":"x","origin":[8.15,5.67442,6.8734035]},"faces":{"down":{"uv":[0.25,6.25,1.25,7.0],"rotation":0,"texture":"#0","tintindex":0},"east":{"uv":[0.25,6.25,1.25,7.0],"rotation":0,"texture":"#0","tintindex":0},"north":{"uv":[0.25,6.25,1.25,7.0],"rotation":0,"texture":"#0","tintindex":0},"south":{"uv":[0.25,6.25,1.25,7.0],"rotation":0,"texture":"#0","tintindex":0},"up":{"uv":[0.25,6.25,1.25,7.0],"rotation":0,"texture":"#0","tintindex":0},"west":{"uv":[0.25,6.25,1.25,7.0],"rotation":0,"texture":"#0","tintindex":0}}},{"name":"leg6","from":[8.33,2.9744196,4.263404],"to":[8.6,3.3344197,5.1634035],"rotation":{"angle":0.0,"axis":"x","origin":[8.105,3.2894197,5.0734034]},"faces":{"down":{"uv":[1.25,3.25,1.5,4.0],"rotation":0,"texture":"#0","tintindex":0},"east":{"uv":[1.25,3.25,1.5,4.0],"rotation":0,"texture":"#0","tintindex":0},"north":{"uv":[1.25,3.25,1.5,4.0],"rotation":0,"texture":"#0","tintindex":0},"south":{"uv":[1.25,3.25,1.5,4.0],"rotation":0,"texture":"#0","tintindex":0},"up":{"uv":[1.25,3.25,1.5,4.0],"rotation":0,"texture":"#0","tintindex":0},"west":{"uv":[1.25,3.25,1.5,4.0],"rotation":0,"texture":"#0","tintindex":0}}},{"name":"leg7","from":[8.87,2.9744196,4.5334034],"to":[9.139999,3.3344197,5.433404],"rotation":{"angle":0.0,"axis":"x","origin":[8.645,3.2894197,5.343404]},"faces":{"down":{"uv":[1.25,3.25,1.5,4.0],"rotation":0,"texture":"#0","tintindex":0},"east":{"uv":[1.25,3.25,1.5,4.0],"rotation":0,"texture":"#0","tintindex":0},"north":{"uv":[1.25,3.25,1.5,4.0],"rotation":0,"texture":"#0","tintindex":0},"south":{"uv":[1.25,3.25,1.5,4.0],"rotation":0,"texture":"#0","tintindex":0},"up":{"uv":[1.25,3.25,1.5,4.0],"rotation":0,"texture":"#0","tintindex":0},"west":{"uv":[1.25,3.25,1.5,4.0],"rotation":0,"texture":"#0","tintindex":0}}},{"name":"leg8","from":[7.79,2.9744196,4.0834036],"to":[8.06,3.3344197,4.9834037],"rotation":{"angle":0.0,"axis":"x","origin":[7.5649996,3.2894197,4.893404]},"faces":{"down":{"uv":[1.25,3.25,1.5,4.0],"rotation":0,"texture":"#0","tintindex":0},"east":{"uv":[1.25,3.25,1.5,4.0],"rotation":0,"texture":"#0","tintindex":0},"north":{"uv":[1.25,3.25,1.5,4.0],"rotation":0,"texture":"#0","tintindex":0},"south":{"uv":[1.25,3.25,1.5,4.0],"rotation":0,"texture":"#0","tintindex":0},"up":{"uv":[1.25,3.25,1.5,4.0],"rotation":0,"texture":"#0","tintindex":0},"west":{"uv":[1.25,3.25,1.5,4.0],"rotation":0,"texture":"#0","tintindex":0}}},{"name":"leg9","from":[7.25,2.9744196,4.4434037],"to":[7.52,3.3344197,5.343404],"rotation":{"angle":0.0,"axis":"x","origin":[7.0249996,3.2894197,5.2534037]},"faces":{"down":{"uv":[1.25,3.25,1.5,4.0],"rotation":0,"texture":"#0","tintindex":0},"east":{"uv":[1.25,3.25,1.5,4.0],"rotation":0,"texture":"#0","tintindex":0},"north":{"uv":[1.25,3.25,1.5,4.0],"rotation":0,"texture":"#0","tintindex":0},"south":{"uv":[1.25,3.25,1.5,4.0],"rotation":0,"texture":"#0","tintindex":0},"up":{"uv":[1.25,3.25,1.5,4.0],"rotation":0,"texture":"#0","tintindex":0},"west":{"uv":[1.25,3.25,1.5,4.0],"rotation":0,"texture":"#0","tintindex":0}}},{"name":"leg7","from":[8.24,2.7044196,4.7134037],"to":[8.69,3.6044197,5.5234036],"rotation":{"angle":22.5,"axis":"x","origin":[8.375,3.2894197,5.883404]},"faces":{"down":{"uv":[0.5,6.0,1.0,7.0],"rotation":0,"texture":"#0","tintindex":0},"east":{"uv":[6.25,5.25,7.25,6.25],"rotation":0,"texture":"#0","tintindex":0},"north":{"uv":[0.5,6.0,1.0,7.0],"rotation":0,"texture":"#0","tintindex":0},"south":{"uv":[0.5,6.0,1.0,7.0],"rotation":0,"texture":"#0","tintindex":0},"up":{"uv":[0.5,6.0,1.0,7.0],"rotation":0,"texture":"#0","tintindex":0},"west":{"uv":[6.25,5.25,7.25,6.25],"rotation":0,"texture":"#0","tintindex":0}}},{"name":"leg8","from":[8.780001,2.7044196,4.893404],"to":[9.23,3.6044197,5.703404],"rotation":{"angle":22.5,"axis":"x","origin":[8.915,3.2894197,6.063404]},"faces":{"down":{"uv":[0.5,6.0,1.0,7.0],"rotation":0,"texture":"#0","tintindex":0},"east":{"uv":[6.25,5.25,7.25,6.25],"rotation":0,"texture":"#0","tintindex":0},"north":{"uv":[0.5,6.0,1.0,7.0],"rotation":0,"texture":"#0","tintindex":0},"south":{"uv":[0.5,6.0,1.0,7.0],"rotation":0,"texture":"#0","tintindex":0},"up":{"uv":[0.5,6.0,1.0,7.0],"rotation":0,"texture":"#0","tintindex":0},"west":{"uv":[6.25,5.25,7.25,6.25],"rotation":0,"texture":"#0","tintindex":0}}},{"name":"leg9","from":[7.7,2.7044196,4.4434037],"to":[8.15,3.7844198,5.343404],"rotation":{"angle":22.5,"axis":"x","origin":[7.835,3.4694197,5.613404]},"faces":{"down":{"uv":[0.5,6.0,1.0,7.0],"rotation":0,"texture":"#0","tintindex":0},"east":{"uv":[6.25,5.25,7.25,6.25],"rotation":0,"texture":"#0","tintindex":0},"north":{"uv":[0.5,6.0,1.0,7.0],"rotation":0,"texture":"#0","tintindex":0},"south":{"uv":[0.5,6.0,1.0,7.0],"rotation":0,"texture":"#0","tintindex":0},"up":{"uv":[0.5,6.0,1.0,7.0],"rotation":0,"texture":"#0","tintindex":0},"west":{"uv":[6.25,5.25,7.25,6.25],"rotation":0,"texture":"#0","tintindex":0}}},{"name":"leg10","from":[7.16,2.7044196,4.893404],"to":[7.61,3.6044197,5.703404],"rotation":{"angle":22.5,"axis":"x","origin":[7.295,3.2894197,6.063404]},"faces":{"down":{"uv":[0.5,6.0,1.0,7.0],"rotation":0,"texture":"#0","tintindex":0},"east":{"uv":[6.25,5.25,7.25,6.25],"rotation":0,"texture":"#0","tintindex":0},"north":{"uv":[0.5,6.0,1.0,7.0],"rotation":0,"texture":"#0","tintindex":0},"south":{"uv":[0.5,6.0,1.0,7.0],"rotation":0,"texture":"#0","tintindex":0},"up":{"uv":[0.5,6.0,1.0,7.0],"rotation":0,"texture":"#0","tintindex":0},"west":{"uv":[6.25,5.25,7.25,6.25],"rotation":0,"texture":"#0","tintindex":0}}},{"name":"leg5","from":[7.7,2.9899995,6.08],"to":[8.69,5.33,7.0699997],"rotation":{"angle":22.5,"axis":"x","origin":[7.97,4.4299994,6.8900003]},"faces":{"down":{"uv":[1.0,4.5,1.5,5.0],"rotation":0,"texture":"#0","tintindex":0},"east":{"uv":[0.0,5.75,0.5,7.0],"rotation":0,"texture":"#0","tintindex":0},"north":{"uv":[0.5,5.75,1.0,7.0],"rotation":0,"texture":"#0","tintindex":0},"south":{"uv":[1.5,5.75,2.0,7.0],"rotation":0,"texture":"#0","tintindex":0},"up":{"uv":[0.5,4.5,1.0,5.0],"rotation":0,"texture":"#0","tintindex":0},"west":{"uv":[1.0,5.75,1.5,7.0],"rotation":0,"texture":"#0","tintindex":0}}}],"display":{"head":{"translation":[0.0,-6.4,0.0],"rotation":[0.0,0.0,0.0],"scale":[3.8095,3.8095,3.8095]}}}