{"textures":{"0":"modelengine:entity/bluegraywolf"},"elements":[{"name":"leg6","from":[8.24,4.0467725,7.5379696],"to":[9.59,7.7367725,9.87797],"rotation":{"angle":-22.5,"axis":"x","origin":[9.05,3.3267722,9.697969]},"faces":{"down":{"uv":[6.25,3.5,7.25,5.0],"rotation":0,"texture":"#0","tintindex":0},"east":{"uv":[6.0,3.5,7.0,4.75],"rotation":0,"texture":"#0","tintindex":0},"north":{"uv":[6.0,3.5,7.0,5.0],"rotation":0,"texture":"#0","tintindex":0},"south":{"uv":[6.0,3.5,7.0,5.0],"rotation":0,"texture":"#0","tintindex":0},"up":{"uv":[9.5,7.5,10.5,8.5],"rotation":0,"texture":"#0","tintindex":0},"west":{"uv":[6.0,3.5,7.0,4.75],"rotation":0,"texture":"#0","tintindex":0}}},{"name":"leg7","from":[7.4300003,6.147238,5.7765236],"to":[9.68,9.837238,8.386524],"rotation":{"angle":22.5,"axis":"x","origin":[9.139999,5.787238,6.9015236]},"faces":{"down":{"uv":[6.25,3.5,7.25,5.0],"rotation":0,"texture":"#0","tintindex":0},"east":{"uv":[6.0,3.5,7.0,4.75],"rotation":0,"texture":"#0","tintindex":0},"north":{"uv":[6.0,3.5,7.0,5.0],"rotation":0,"texture":"#0","tintindex":0},"south":{"uv":[6.0,3.5,7.0,5.0],"rotation":0,"texture":"#0","tintindex":0},"up":{"uv":[9.5,7.5,10.5,8.5],"rotation":0,"texture":"#0","tintindex":0},"west":{"uv":[6.0,3.5,7.0,5.0],"rotation":0,"texture":"#0","tintindex":0}}}],"display":{"head":{"translation":[0.0,-6.4,0.0],"rotation":[0.0,0.0,0.0],"scale":[3.8095,3.8095,3.8095]}}}