{"textures":{"0":"modelengine:entity/bluegraywolf"},"elements":[{"name":"tail","from":[6.49652,3.5224495,7.0933394],"to":[9.149719,8.701469,9.81584],"rotation":{"angle":0.0,"axis":"x","origin":[9.680361,-2.9965148,-0.71132374]},"faces":{"down":{"uv":[3.25,4.5,3.75,5.0],"rotation":0,"texture":"#0","tintindex":0},"east":{"uv":[2.5,5.0,3.5,7.0],"rotation":0,"texture":"#0","tintindex":0},"north":{"uv":[2.5,5.0,3.5,7.0],"rotation":0,"texture":"#0","tintindex":0},"south":{"uv":[2.5,5.0,3.5,7.0],"rotation":0,"texture":"#0","tintindex":0},"up":{"uv":[2.75,4.5,3.25,5.0],"rotation":0,"texture":"#0","tintindex":0},"west":{"uv":[2.5,5.0,3.5,7.0],"rotation":0,"texture":"#0","tintindex":0}}},{"name":"tail","from":[6.76184,0.61463404,6.891918],"to":[8.884399,5.0023146,9.153078],"rotation":{"angle":-22.5,"axis":"x","origin":[8.61908,5.39635,8.43198]},"faces":{"down":{"uv":[3.25,4.5,3.75,5.0],"rotation":0,"texture":"#0","tintindex":0},"east":{"uv":[2.5,5.0,3.5,7.0],"rotation":0,"texture":"#0","tintindex":0},"north":{"uv":[2.5,5.0,3.5,7.0],"rotation":0,"texture":"#0","tintindex":0},"south":{"uv":[2.5,5.0,3.5,7.0],"rotation":0,"texture":"#0","tintindex":0},"up":{"uv":[2.75,4.5,3.25,5.0],"rotation":0,"texture":"#0","tintindex":0},"west":{"uv":[2.5,5.0,3.5,7.0],"rotation":0,"texture":"#0","tintindex":0}}},{"name":"tail","from":[6.89384,-0.045365572,7.5519185],"to":[8.686399,4.672314,9.615078],"rotation":{"angle":-22.5,"axis":"x","origin":[8.61908,5.39635,8.43198]},"faces":{"down":{"uv":[3.25,4.5,3.75,5.0],"rotation":0,"texture":"#0","tintindex":0},"east":{"uv":[2.5,5.0,3.5,7.0],"rotation":0,"texture":"#0","tintindex":0},"north":{"uv":[2.5,5.0,3.5,7.0],"rotation":0,"texture":"#0","tintindex":0},"south":{"uv":[2.5,5.0,3.5,7.0],"rotation":0,"texture":"#0","tintindex":0},"up":{"uv":[2.75,4.5,3.25,5.0],"rotation":0,"texture":"#0","tintindex":0},"west":{"uv":[2.5,5.0,3.5,7.0],"rotation":0,"texture":"#0","tintindex":0}}}],"display":{"head":{"translation":[0.0,-6.4,0.0],"rotation":[0.0,0.0,0.0],"scale":[3.8095,3.8095,3.8095]}}}