{"textures":{"0":"modelengine:entity/bluegraywolf"},"elements":[{"name":"body","from":[6.065,5.42,2.33],"to":[9.844999,9.290001,4.22],"rotation":{"angle":-22.5,"axis":"x","origin":[8.315,7.4900002,1.2499998]},"faces":{"down":{"uv":[6.0,5.0,7.5,6.0],"rotation":0,"texture":"#0","tintindex":0},"east":{"uv":[5.5,1.5,6.25,3.25],"rotation":0,"texture":"#0","tintindex":0},"north":{"uv":[7.5,3.5,9.0,5.0],"rotation":0,"texture":"#0","tintindex":0},"south":{"uv":[7.0,3.5,7.75,5.0],"rotation":0,"texture":"#0","tintindex":0},"up":{"uv":[7.0,3.5,7.75,5.0],"rotation":0,"texture":"#0","tintindex":0},"west":{"uv":[13.5,1.5,14.25,3.25],"rotation":0,"texture":"#0","tintindex":0}}},{"name":"body","from":[5.5550003,6.17,-0.010000467],"to":[10.355,10.969999,1.2199997],"rotation":{"angle":-45.0,"axis":"z","origin":[8.105,8.6,-0.9100008]},"faces":{"down":{"uv":[6.0,5.0,7.25,6.25],"rotation":0,"texture":"#0","tintindex":0},"east":{"uv":[6.0,5.0,7.25,6.25],"rotation":0,"texture":"#0","tintindex":0},"north":{"uv":[6.0,5.0,7.25,6.25],"rotation":0,"texture":"#0","tintindex":0},"south":{"uv":[6.0,5.0,7.25,6.25],"rotation":0,"texture":"#0","tintindex":0},"up":{"uv":[6.0,5.0,7.25,6.25],"rotation":0,"texture":"#0","tintindex":0},"west":{"uv":[6.0,5.0,7.25,6.25],"rotation":0,"texture":"#0","tintindex":0}}},{"name":"body","from":[7.8650002,5.87,2.51],"to":[10.025,8.030001,4.04],"rotation":{"angle":-45.0,"axis":"z","origin":[8.135,8.030001,1.61]},"faces":{"down":{"uv":[6.0,5.0,7.25,6.25],"rotation":0,"texture":"#0","tintindex":0},"east":{"uv":[6.0,5.0,7.25,6.25],"rotation":0,"texture":"#0","tintindex":0},"north":{"uv":[6.0,5.0,7.25,6.25],"rotation":0,"texture":"#0","tintindex":0},"south":{"uv":[6.0,5.0,7.25,6.25],"rotation":0,"texture":"#0","tintindex":0},"up":{"uv":[6.0,5.0,7.25,6.25],"rotation":0,"texture":"#0","tintindex":0},"west":{"uv":[6.0,5.0,7.25,6.25],"rotation":0,"texture":"#0","tintindex":0}}},{"name":"body","from":[7.8650002,5.6,0.9799998],"to":[10.295,8.030001,3.0499997],"rotation":{"angle":-45.0,"axis":"z","origin":[8.135,8.030001,0.079999685]},"faces":{"down":{"uv":[6.0,5.0,7.25,6.25],"rotation":0,"texture":"#0","tintindex":0},"east":{"uv":[6.0,5.0,7.25,6.25],"rotation":0,"texture":"#0","tintindex":0},"north":{"uv":[6.0,5.0,7.25,6.25],"rotation":0,"texture":"#0","tintindex":0},"south":{"uv":[6.0,5.0,7.25,6.25],"rotation":0,"texture":"#0","tintindex":0},"up":{"uv":[6.0,5.0,7.25,6.25],"rotation":0,"texture":"#0","tintindex":0},"west":{"uv":[6.0,5.0,7.25,6.25],"rotation":0,"texture":"#0","tintindex":0}}},{"name":"body","from":[6.11,8.81,-1.5100007],"to":[9.8,11.36,2.51],"rotation":{"angle":22.5,"axis":"x","origin":[8.225,9.2,-1.0900002]},"faces":{"down":{"uv":[6.0,5.0,7.5,7.25],"rotation":0,"texture":"#0","tintindex":0},"east":{"uv":[6.75,7.5,4.5,9.0],"rotation":0,"texture":"#0","tintindex":0},"north":{"uv":[7.5,3.5,9.0,5.0],"rotation":0,"texture":"#0","tintindex":0},"south":{"uv":[7.5,3.5,9.0,5.0],"rotation":0,"texture":"#0","tintindex":0},"up":{"uv":[9.0,7.25,10.5,5.0],"rotation":0,"texture":"#0","tintindex":0},"west":{"uv":[10.25,7.5,8.0,9.0],"rotation":0,"texture":"#0","tintindex":0}}},{"name":"body","from":[6.065,6.86,-0.9100008],"to":[10.565001,11.39,0.22999978],"rotation":{"angle":-45.0,"axis":"z","origin":[8.045,9.56,-1.8100004]},"faces":{"down":{"uv":[6.0,5.0,7.25,6.25],"rotation":0,"texture":"#0","tintindex":0},"east":{"uv":[6.0,5.0,7.25,6.25],"rotation":0,"texture":"#0","tintindex":0},"north":{"uv":[6.0,5.0,7.25,6.25],"rotation":0,"texture":"#0","tintindex":0},"south":{"uv":[6.0,5.0,7.25,6.25],"rotation":0,"texture":"#0","tintindex":0},"up":{"uv":[6.0,5.0,7.25,6.25],"rotation":0,"texture":"#0","tintindex":0},"west":{"uv":[6.0,5.0,7.25,6.25],"rotation":0,"texture":"#0","tintindex":0}}},{"name":"body","from":[7.574465,10.459612,-0.9100008],"to":[10.094465,11.929612,0.1699996],"rotation":{"angle":-22.5,"axis":"z","origin":[9.374466,11.044612,-0.37000012]},"faces":{"down":{"uv":[6.0,5.0,7.25,6.25],"rotation":0,"texture":"#0","tintindex":0},"east":{"uv":[6.0,5.0,7.25,6.25],"rotation":0,"texture":"#0","tintindex":0},"north":{"uv":[6.0,5.0,7.25,6.25],"rotation":0,"texture":"#0","tintindex":0},"south":{"uv":[6.0,5.0,7.25,6.25],"rotation":0,"texture":"#0","tintindex":0},"up":{"uv":[6.0,5.0,7.25,6.25],"rotation":0,"texture":"#0","tintindex":0},"west":{"uv":[6.0,5.0,7.25,6.25],"rotation":0,"texture":"#0","tintindex":0}}},{"name":"body","from":[5.785535,10.459612,-0.9100008],"to":[8.305534,11.929612,0.1699996],"rotation":{"angle":22.5,"axis":"z","origin":[6.505535,11.044612,-0.37000012]},"faces":{"down":{"uv":[7.25,5.0,6.0,6.25],"rotation":0,"texture":"#0","tintindex":0},"east":{"uv":[7.25,5.0,6.0,6.25],"rotation":0,"texture":"#0","tintindex":0},"north":{"uv":[7.25,5.0,6.0,6.25],"rotation":0,"texture":"#0","tintindex":0},"south":{"uv":[7.25,5.0,6.0,6.25],"rotation":0,"texture":"#0","tintindex":0},"up":{"uv":[7.25,5.0,6.0,6.25],"rotation":0,"texture":"#0","tintindex":0},"west":{"uv":[7.25,5.0,6.0,6.25],"rotation":0,"texture":"#0","tintindex":0}}},{"name":"body","from":[7.514465,10.459612,-1.9299998],"to":[10.094465,11.929612,-0.8500004],"rotation":{"angle":-22.5,"axis":"z","origin":[9.374466,11.044612,-0.37000012]},"faces":{"down":{"uv":[6.0,5.0,7.25,6.25],"rotation":0,"texture":"#0","tintindex":0},"east":{"uv":[6.0,5.0,7.25,6.25],"rotation":0,"texture":"#0","tintindex":0},"north":{"uv":[6.0,5.0,7.25,6.25],"rotation":0,"texture":"#0","tintindex":0},"south":{"uv":[6.0,5.0,7.25,6.25],"rotation":0,"texture":"#0","tintindex":0},"up":{"uv":[6.0,5.0,7.25,6.25],"rotation":0,"texture":"#0","tintindex":0},"west":{"uv":[6.0,5.0,7.25,6.25],"rotation":0,"texture":"#0","tintindex":0}}},{"name":"body","from":[5.785535,10.459612,-1.9299998],"to":[8.365536,11.929612,-0.8500004],"rotation":{"angle":22.5,"axis":"z","origin":[6.505535,11.044612,-0.37000012]},"faces":{"down":{"uv":[7.25,5.0,6.0,6.25],"rotation":0,"texture":"#0","tintindex":0},"east":{"uv":[7.25,5.0,6.0,6.25],"rotation":0,"texture":"#0","tintindex":0},"north":{"uv":[7.25,5.0,6.0,6.25],"rotation":0,"texture":"#0","tintindex":0},"south":{"uv":[7.25,5.0,6.0,6.25],"rotation":0,"texture":"#0","tintindex":0},"up":{"uv":[7.25,5.0,6.0,6.25],"rotation":0,"texture":"#0","tintindex":0},"west":{"uv":[7.25,5.0,6.0,6.25],"rotation":0,"texture":"#0","tintindex":0}}},{"name":"body","from":[8.114465,9.979612,0.1699996],"to":[10.634464,11.449613,1.2499998],"rotation":{"angle":-45.0,"axis":"z","origin":[9.374466,11.044612,-0.37000012]},"faces":{"down":{"uv":[6.0,5.0,7.25,6.25],"rotation":0,"texture":"#0","tintindex":0},"east":{"uv":[6.0,5.0,7.25,6.25],"rotation":0,"texture":"#0","tintindex":0},"north":{"uv":[6.0,5.0,7.25,6.25],"rotation":0,"texture":"#0","tintindex":0},"south":{"uv":[6.0,5.0,7.25,6.25],"rotation":0,"texture":"#0","tintindex":0},"up":{"uv":[6.0,5.0,7.25,6.25],"rotation":0,"texture":"#0","tintindex":0},"west":{"uv":[6.0,5.0,7.25,6.25],"rotation":0,"texture":"#0","tintindex":0}}},{"name":"body","from":[5.245535,9.979612,0.1699996],"to":[7.7655354,11.449613,1.2499998],"rotation":{"angle":45.0,"axis":"z","origin":[6.505535,11.044612,-0.37000012]},"faces":{"down":{"uv":[7.25,5.0,6.0,6.25],"rotation":0,"texture":"#0","tintindex":0},"east":{"uv":[7.25,5.0,6.0,6.25],"rotation":0,"texture":"#0","tintindex":0},"north":{"uv":[7.25,5.0,6.0,6.25],"rotation":0,"texture":"#0","tintindex":0},"south":{"uv":[7.25,5.0,6.0,6.25],"rotation":0,"texture":"#0","tintindex":0},"up":{"uv":[7.25,5.0,6.0,6.25],"rotation":0,"texture":"#0","tintindex":0},"west":{"uv":[7.25,5.0,6.0,6.25],"rotation":0,"texture":"#0","tintindex":0}}},{"name":"body","from":[6.215,7.4,-1.9900002],"to":[10.775,11.990001,-0.9100008],"rotation":{"angle":-45.0,"axis":"z","origin":[8.014999,10.280001,-2.8900003]},"faces":{"down":{"uv":[6.0,5.0,7.25,6.25],"rotation":0,"texture":"#0","tintindex":0},"east":{"uv":[6.0,5.0,7.25,6.25],"rotation":0,"texture":"#0","tintindex":0},"north":{"uv":[6.0,5.0,7.25,6.25],"rotation":0,"texture":"#0","tintindex":0},"south":{"uv":[6.0,5.0,7.25,6.25],"rotation":0,"texture":"#0","tintindex":0},"up":{"uv":[6.0,5.0,7.25,6.25],"rotation":0,"texture":"#0","tintindex":0},"west":{"uv":[6.0,5.0,7.25,6.25],"rotation":0,"texture":"#0","tintindex":0}}},{"name":"body","from":[6.215,8.780001,-3.0700011],"to":[8.915,11.450001,-1.9900002],"rotation":{"angle":-45.0,"axis":"z","origin":[8.075,9.74,-2.8900003]},"faces":{"down":{"uv":[6.0,5.0,7.25,6.25],"rotation":0,"texture":"#0","tintindex":0},"east":{"uv":[6.0,5.0,7.25,6.25],"rotation":0,"texture":"#0","tintindex":0},"north":{"uv":[6.0,5.0,7.25,6.25],"rotation":0,"texture":"#0","tintindex":0},"south":{"uv":[6.0,5.0,7.25,6.25],"rotation":0,"texture":"#0","tintindex":0},"up":{"uv":[6.0,5.0,7.25,6.25],"rotation":0,"texture":"#0","tintindex":0},"west":{"uv":[6.0,5.0,7.25,6.25],"rotation":0,"texture":"#0","tintindex":0}}},{"name":"body","from":[5.855,8.0,0.1699996],"to":[9.335001,11.63,1.2499998],"rotation":{"angle":-45.0,"axis":"z","origin":[8.014999,9.5,-0.7300005]},"faces":{"down":{"uv":[6.0,5.0,7.25,6.25],"rotation":0,"texture":"#0","tintindex":0},"east":{"uv":[6.0,5.0,7.25,6.25],"rotation":0,"texture":"#0","tintindex":0},"north":{"uv":[6.0,5.0,7.25,6.25],"rotation":0,"texture":"#0","tintindex":0},"south":{"uv":[6.0,5.0,7.25,6.25],"rotation":0,"texture":"#0","tintindex":0},"up":{"uv":[6.0,5.0,7.25,6.25],"rotation":0,"texture":"#0","tintindex":0},"west":{"uv":[6.0,5.0,7.25,6.25],"rotation":0,"texture":"#0","tintindex":0}}},{"name":"body","from":[6.1549997,7.9400005,0.7699995],"to":[9.335001,11.27,1.8499998],"rotation":{"angle":-45.0,"axis":"z","origin":[8.014999,9.440001,-0.13000035]},"faces":{"down":{"uv":[6.0,5.0,7.25,6.25],"rotation":0,"texture":"#0","tintindex":0},"east":{"uv":[6.0,5.0,7.25,6.25],"rotation":0,"texture":"#0","tintindex":0},"north":{"uv":[6.0,5.0,7.25,6.25],"rotation":0,"texture":"#0","tintindex":0},"south":{"uv":[6.0,5.0,7.25,6.25],"rotation":0,"texture":"#0","tintindex":0},"up":{"uv":[6.0,5.0,7.25,6.25],"rotation":0,"texture":"#0","tintindex":0},"west":{"uv":[6.0,5.0,7.25,6.25],"rotation":0,"texture":"#0","tintindex":0}}},{"name":"body","from":[6.1549997,7.34,1.4899995],"to":[9.335001,10.67,2.5699997],"rotation":{"angle":-45.0,"axis":"z","origin":[8.014999,8.84,0.58999944]},"faces":{"down":{"uv":[6.0,5.0,7.25,6.25],"rotation":0,"texture":"#0","tintindex":0},"east":{"uv":[6.0,5.0,7.25,6.25],"rotation":0,"texture":"#0","tintindex":0},"north":{"uv":[6.0,5.0,7.25,6.25],"rotation":0,"texture":"#0","tintindex":0},"south":{"uv":[6.0,5.0,7.25,6.25],"rotation":0,"texture":"#0","tintindex":0},"up":{"uv":[6.0,5.0,7.25,6.25],"rotation":0,"texture":"#0","tintindex":0},"west":{"uv":[6.0,5.0,7.25,6.25],"rotation":0,"texture":"#0","tintindex":0}}},{"name":"upperbody","from":[6.5600004,6.62,4.5199995],"to":[9.35,10.52,9.38],"rotation":{"angle":0.0,"axis":"x","origin":[7.91,7.3100004,5.48]},"faces":{"down":{"uv":[6.0,7.25,7.5,5.0],"rotation":0,"texture":"#0","tintindex":0},"east":{"uv":[10.5,7.5,8.25,9.0],"rotation":0,"texture":"#0","tintindex":0},"north":{"uv":[6.0,3.5,7.5,5.0],"rotation":0,"texture":"#0","tintindex":0},"south":{"uv":[7.5,3.5,9.0,5.0],"rotation":0,"texture":"#0","tintindex":0},"up":{"uv":[9.0,5.0,10.5,7.25],"rotation":0,"texture":"#0","tintindex":0},"west":{"uv":[6.5,7.5,4.25,9.0],"rotation":0,"texture":"#0","tintindex":0}}},{"name":"upperbody","from":[6.11,6.08,1.3399996],"to":[9.8,10.73,5.5699997],"rotation":{"angle":0.0,"axis":"x","origin":[8.360001,7.67,2.06]},"faces":{"down":{"uv":[7.0,3.25,9.0,1.75],"rotation":0,"texture":"#0","tintindex":0},"east":{"uv":[5.5,1.5,7.0,3.25],"rotation":0,"texture":"#0","tintindex":0},"north":{"uv":[7.0,0.0,9.0,1.75],"rotation":0,"texture":"#0","tintindex":0},"south":{"uv":[9.0,0.0,11.0,1.75],"rotation":0,"texture":"#0","tintindex":0},"up":{"uv":[10.75,1.75,12.75,3.25],"rotation":0,"texture":"#0","tintindex":0},"west":{"uv":[12.75,1.5,14.25,3.25],"rotation":0,"texture":"#0","tintindex":0}}}],"display":{"head":{"translation":[0.0,-6.4,0.0],"rotation":[0.0,0.0,0.0],"scale":[3.8095,3.8095,3.8095]}}}