{"textures":{"0":"modelengine:entity/bluegraywolf"},"elements":[{"name":"head","from":[7.0660925,7.629689,5.6993446],"to":[8.933907,8.339125,9.168144],"rotation":{"angle":0.0,"axis":"x","origin":[8.0,7.9867473,7.170311]},"faces":{"down":{"uv":[6.25,5.5,7.25,7.25],"rotation":0,"texture":"#0","tintindex":0},"east":{"uv":[9.25,1.25,11.0,1.75],"rotation":0,"texture":"#0","tintindex":0},"north":{"uv":[9.5,1.25,10.5,1.75],"rotation":0,"texture":"#0","tintindex":0},"south":{"uv":[9.5,1.25,10.5,1.75],"rotation":0,"texture":"#0","tintindex":0},"up":{"uv":[5.25,1.5,6.5,0.0],"rotation":0,"texture":"#0","tintindex":0},"west":{"uv":[9.25,1.25,11.0,1.75],"rotation":0,"texture":"#0","tintindex":0}}},{"name":"cube","from":[8.55404,8.171427,6.24691],"to":[8.83106,8.910147,6.616271],"rotation":{"angle":-22.5,"axis":"x","origin":[8.73872,8.633127,6.4315906]},"faces":{"down":{"uv":[1.75,2.0,2.0,2.5],"rotation":0,"texture":"#0","tintindex":0},"east":{"uv":[1.75,2.0,2.0,2.5],"rotation":0,"texture":"#0","tintindex":0},"north":{"uv":[1.75,2.0,2.0,2.5],"rotation":0,"texture":"#0","tintindex":0},"south":{"uv":[1.75,2.0,2.0,2.5],"rotation":0,"texture":"#0","tintindex":0},"up":{"uv":[1.75,2.0,2.0,2.5],"rotation":0,"texture":"#0","tintindex":0},"west":{"uv":[1.75,2.0,2.0,2.5],"rotation":0,"texture":"#0","tintindex":0}}},{"name":"cube","from":[7.16894,8.171427,6.24691],"to":[7.44596,8.910147,6.616271],"rotation":{"angle":-22.5,"axis":"x","origin":[7.35362,8.633127,6.4315906]},"faces":{"down":{"uv":[1.75,2.0,2.0,2.5],"rotation":0,"texture":"#0","tintindex":0},"east":{"uv":[1.75,2.0,2.0,2.5],"rotation":0,"texture":"#0","tintindex":0},"north":{"uv":[1.75,2.0,2.0,2.5],"rotation":0,"texture":"#0","tintindex":0},"south":{"uv":[1.75,2.0,2.0,2.5],"rotation":0,"texture":"#0","tintindex":0},"up":{"uv":[1.75,2.0,2.0,2.5],"rotation":0,"texture":"#0","tintindex":0},"west":{"uv":[1.75,2.0,2.0,2.5],"rotation":0,"texture":"#0","tintindex":0}}},{"name":"cube","from":[7.5383,8.171427,5.87755],"to":[7.81532,9.094828,6.24691],"rotation":{"angle":-22.5,"axis":"x","origin":[7.72298,8.633127,6.06223]},"faces":{"down":{"uv":[1.75,2.0,2.0,2.5],"rotation":0,"texture":"#0","tintindex":0},"east":{"uv":[1.75,2.0,2.0,2.5],"rotation":0,"texture":"#0","tintindex":0},"north":{"uv":[1.75,2.0,2.0,2.5],"rotation":0,"texture":"#0","tintindex":0},"south":{"uv":[1.75,2.0,2.0,2.5],"rotation":0,"texture":"#0","tintindex":0},"up":{"uv":[1.75,2.0,2.0,2.5],"rotation":0,"texture":"#0","tintindex":0},"west":{"uv":[1.75,2.0,2.0,2.5],"rotation":0,"texture":"#0","tintindex":0}}},{"name":"cube","from":[8.18468,8.171427,5.87755],"to":[8.4617,9.094828,6.24691],"rotation":{"angle":-22.5,"axis":"x","origin":[8.36936,8.633127,6.06223]},"faces":{"down":{"uv":[1.75,2.0,2.0,2.5],"rotation":0,"texture":"#0","tintindex":0},"east":{"uv":[1.75,2.0,2.0,2.5],"rotation":0,"texture":"#0","tintindex":0},"north":{"uv":[1.75,2.0,2.0,2.5],"rotation":0,"texture":"#0","tintindex":0},"south":{"uv":[1.75,2.0,2.0,2.5],"rotation":0,"texture":"#0","tintindex":0},"up":{"uv":[1.75,2.0,2.0,2.5],"rotation":0,"texture":"#0","tintindex":0},"west":{"uv":[1.75,2.0,2.0,2.5],"rotation":0,"texture":"#0","tintindex":0}}},{"name":"cube","from":[7.90766,8.171427,5.87755],"to":[8.09234,8.725468,6.24691],"rotation":{"angle":-22.5,"axis":"x","origin":[8.0,8.633127,6.06223]},"faces":{"down":{"uv":[1.75,2.0,2.0,2.5],"rotation":0,"texture":"#0","tintindex":0},"east":{"uv":[1.75,2.0,2.0,2.5],"rotation":0,"texture":"#0","tintindex":0},"north":{"uv":[1.75,2.0,2.0,2.5],"rotation":0,"texture":"#0","tintindex":0},"south":{"uv":[1.75,2.0,2.0,2.5],"rotation":0,"texture":"#0","tintindex":0},"up":{"uv":[1.75,2.0,2.0,2.5],"rotation":0,"texture":"#0","tintindex":0},"west":{"uv":[1.75,2.0,2.0,2.5],"rotation":0,"texture":"#0","tintindex":0}}},{"name":"cube","from":[8.646379,8.171427,6.8932905],"to":[8.9234,8.725468,7.2626505],"rotation":{"angle":-22.5,"axis":"x","origin":[8.83106,8.633127,7.0779705]},"faces":{"down":{"uv":[1.75,2.0,2.0,2.5],"rotation":0,"texture":"#0","tintindex":0},"east":{"uv":[1.75,2.0,2.0,2.5],"rotation":0,"texture":"#0","tintindex":0},"north":{"uv":[1.75,2.0,2.0,2.5],"rotation":0,"texture":"#0","tintindex":0},"south":{"uv":[1.75,2.0,2.0,2.5],"rotation":0,"texture":"#0","tintindex":0},"up":{"uv":[1.75,2.0,2.0,2.5],"rotation":0,"texture":"#0","tintindex":0},"west":{"uv":[1.75,2.0,2.0,2.5],"rotation":0,"texture":"#0","tintindex":0}}},{"name":"cube","from":[8.646379,8.171427,7.5396705],"to":[8.9234,8.725468,7.9090304],"rotation":{"angle":-22.5,"axis":"x","origin":[8.83106,8.633127,7.724351]},"faces":{"down":{"uv":[1.75,2.0,2.0,2.5],"rotation":0,"texture":"#0","tintindex":0},"east":{"uv":[1.75,2.0,2.0,2.5],"rotation":0,"texture":"#0","tintindex":0},"north":{"uv":[1.75,2.0,2.0,2.5],"rotation":0,"texture":"#0","tintindex":0},"south":{"uv":[1.75,2.0,2.0,2.5],"rotation":0,"texture":"#0","tintindex":0},"up":{"uv":[1.75,2.0,2.0,2.5],"rotation":0,"texture":"#0","tintindex":0},"west":{"uv":[1.75,2.0,2.0,2.5],"rotation":0,"texture":"#0","tintindex":0}}},{"name":"cube","from":[7.0766,8.171427,6.8932905],"to":[7.35362,8.725468,7.2626505],"rotation":{"angle":-22.5,"axis":"x","origin":[7.26128,8.633127,7.0779705]},"faces":{"down":{"uv":[1.75,2.0,2.0,2.5],"rotation":0,"texture":"#0","tintindex":0},"east":{"uv":[1.75,2.0,2.0,2.5],"rotation":0,"texture":"#0","tintindex":0},"north":{"uv":[1.75,2.0,2.0,2.5],"rotation":0,"texture":"#0","tintindex":0},"south":{"uv":[1.75,2.0,2.0,2.5],"rotation":0,"texture":"#0","tintindex":0},"up":{"uv":[1.75,2.0,2.0,2.5],"rotation":0,"texture":"#0","tintindex":0},"west":{"uv":[1.75,2.0,2.0,2.5],"rotation":0,"texture":"#0","tintindex":0}}},{"name":"cube","from":[7.0766,8.171427,7.5396705],"to":[7.35362,8.725468,7.9090304],"rotation":{"angle":-22.5,"axis":"x","origin":[7.26128,8.633127,7.724351]},"faces":{"down":{"uv":[1.75,2.0,2.0,2.5],"rotation":0,"texture":"#0","tintindex":0},"east":{"uv":[1.75,2.0,2.0,2.5],"rotation":0,"texture":"#0","tintindex":0},"north":{"uv":[1.75,2.0,2.0,2.5],"rotation":0,"texture":"#0","tintindex":0},"south":{"uv":[1.75,2.0,2.0,2.5],"rotation":0,"texture":"#0","tintindex":0},"up":{"uv":[1.75,2.0,2.0,2.5],"rotation":0,"texture":"#0","tintindex":0},"west":{"uv":[1.75,2.0,2.0,2.5],"rotation":0,"texture":"#0","tintindex":0}}}],"display":{"head":{"translation":[0.0,-6.4,0.0],"rotation":[0.0,0.0,0.0],"scale":[3.8095,3.8095,3.8095]}}}