{
  "credit": "MadewithBlockbench",
  "textures": {
    "texture": "weapon/sword/dragon_sword/dragonsabre",
    "zDragonSabreEffect": "weapon/sword/dragon_sword/dragonsabreeffect"
  },
  "elements": [
    {
      "name": "zDragonSabrex128",
      "from": [
        7.375,
        5.5625,
        7.5625
      ],
      "to": [
        8.75,
        5.875,
        7.6875
      ],
      "faces": {
        "north": {
          "uv": [
            8.75,
            10.125,
            7.375,
            10.375
          ],
          "texture": "#texture"
        },
        "east": {
          "uv": [
            8.75,
            10.125,
            8.625,
            10.375
          ],
          "texture": "#texture"
        },
        "south": {
          "uv": [
            7.375,
            10.125,
            8.75,
            10.375
          ],
          "texture": "#texture"
        },
        "west": {
          "uv": [
            7.375,
            10.125,
            7.5,
            10.375
          ],
          "texture": "#texture"
        },
        "up": {
          "uv": [
            7.375,
            10.25,
            8.75,
            10.125
          ],
          "texture": "#texture"
        },
        "down": {
          "uv": [
            7.375,
            10.25,
            8.75,
            10.375
          ],
          "texture": "#texture"
        }
      }
    },
    {
      "name": "zDragonSabrex128",
      "from": [
        7.5,
        5.875,
        7.5625
      ],
      "to": [
        8.75,
        6,
        7.6875
      ],
      "faces": {
        "north": {
          "uv": [
            8.75,
            10,
            7.5,
            10.125
          ],
          "texture": "#texture"
        },
        "east": {
          "uv": [
            8.75,
            10,
            8.625,
            10.125
          ],
          "texture": "#texture"
        },
        "south": {
          "uv": [
            7.5,
            10,
            8.75,
            10.125
          ],
          "texture": "#texture"
        },
        "west": {
          "uv": [
            7.5,
            10,
            7.625,
            10.125
          ],
          "texture": "#texture"
        },
        "up": {
          "uv": [
            7.5,
            10.125,
            8.75,
            10
          ],
          "texture": "#texture"
        }
      }
    },
    {
      "name": "zDragonSabrex128",
      "from": [
        7.5,
        5.125,
        7.5625
      ],
      "to": [
        8.625,
        5.625,
        7.6875
      ],
      "faces": {
        "north": {
          "uv": [
            8.625,
            10.375,
            7.5,
            10.75
          ],
          "texture": "#texture"
        },
        "east": {
          "uv": [
            8.625,
            10.375,
            8.5,
            10.75
          ],
          "texture": "#texture"
        },
        "south": {
          "uv": [
            7.5,
            10.375,
            8.625,
            10.75
          ],
          "texture": "#texture"
        },
        "west": {
          "uv": [
            7.5,
            10.375,
            7.625,
            10.75
          ],
          "texture": "#texture"
        },
        "down": {
          "uv": [
            7.5,
            10.625,
            8.625,
            10.75
          ],
          "texture": "#texture"
        }
      }
    },
    {
      "name": "zDragonSabrex128",
      "from": [
        7.625,
        4.875,
        7.5625
      ],
      "to": [
        8.625,
        5.25,
        7.6875
      ],
      "faces": {
        "north": {
          "uv": [
            8.625,
            10.75,
            7.625,
            11
          ],
          "texture": "#texture"
        },
        "east": {
          "uv": [
            8.625,
            10.75,
            8.5,
            11
          ],
          "texture": "#texture"
        },
        "south": {
          "uv": [
            7.625,
            10.75,
            8.625,
            11
          ],
          "texture": "#texture"
        },
        "west": {
          "uv": [
            7.625,
            10.75,
            7.75,
            11
          ],
          "texture": "#texture"
        },
        "down": {
          "uv": [
            7.625,
            10.875,
            8.625,
            11
          ],
          "texture": "#texture"
        }
      }
    },
    {
      "name": "zDragonSabrex128",
      "from": [
        7.75,
        5.9375,
        7.5625
      ],
      "to": [
        8.5,
        14.125,
        7.6875
      ],
      "faces": {
        "north": {
          "uv": [
            8.5,
            1.875,
            7.75,
            10
          ],
          "texture": "#texture"
        },
        "east": {
          "uv": [
            8.5,
            1.875,
            8.375,
            10
          ],
          "texture": "#texture"
        },
        "south": {
          "uv": [
            7.75,
            1.875,
            8.5,
            10
          ],
          "texture": "#texture"
        },
        "west": {
          "uv": [
            7.75,
            1.875,
            7.875,
            10
          ],
          "texture": "#texture"
        },
        "up": {
          "uv": [
            7.75,
            2,
            8.5,
            1.875
          ],
          "texture": "#texture"
        }
      }
    },
    {
      "name": "zDragonSabrex128",
      "from": [
        7.75,
        3.875,
        7.5
      ],
      "to": [
        8.5,
        5,
        7.75
      ],
      "faces": {
        "north": {
          "uv": [
            8.5,
            11,
            7.75,
            12.125
          ],
          "texture": "#texture"
        },
        "east": {
          "uv": [
            8.5,
            11,
            8.375,
            12.125
          ],
          "texture": "#texture"
        },
        "south": {
          "uv": [
            7.75,
            11,
            8.5,
            12.125
          ],
          "texture": "#texture"
        },
        "west": {
          "uv": [
            7.75,
            11,
            7.875,
            12.125
          ],
          "texture": "#texture"
        },
        "down": {
          "uv": [
            7.75,
            12,
            8.5,
            12.125
          ],
          "texture": "#texture"
        }
      }
    },
    {
      "name": "zDragonSabrex128",
      "from": [
        7.75,
        1.25,
        7.5
      ],
      "to": [
        8.375,
        1.625,
        7.75
      ],
      "faces": {
        "north": {
          "uv": [
            8.375,
            14.375,
            7.75,
            14.75
          ],
          "texture": "#texture"
        },
        "east": {
          "uv": [
            8.375,
            14.375,
            8.25,
            14.75
          ],
          "texture": "#texture"
        },
        "south": {
          "uv": [
            7.75,
            14.375,
            8.375,
            14.75
          ],
          "texture": "#texture"
        },
        "west": {
          "uv": [
            7.75,
            14.375,
            7.875,
            14.75
          ],
          "texture": "#texture"
        },
        "up": {
          "uv": [
            7.75,
            14.5,
            8.375,
            14.375
          ],
          "texture": "#texture"
        },
        "down": {
          "uv": [
            7.75,
            14.625,
            8.375,
            14.75
          ],
          "texture": "#texture"
        }
      }
    },
    {
      "name": "zDragonSabrex128",
      "from": [
        7.875,
        13.9375,
        7.5625
      ],
      "to": [
        8.375,
        14.625,
        7.6875
      ],
      "faces": {
        "north": {
          "uv": [
            8.375,
            1.375,
            7.875,
            1.875
          ],
          "texture": "#texture"
        },
        "east": {
          "uv": [
            8.375,
            1.375,
            8.25,
            1.875
          ],
          "texture": "#texture"
        },
        "south": {
          "uv": [
            7.875,
            1.375,
            8.375,
            1.875
          ],
          "texture": "#texture"
        },
        "west": {
          "uv": [
            7.875,
            1.375,
            8,
            1.875
          ],
          "texture": "#texture"
        },
        "up": {
          "uv": [
            7.875,
            1.5,
            8.375,
            1.375
          ],
          "texture": "#texture"
        }
      }
    },
    {
      "name": "zDragonSabrex128",
      "from": [
        7.875,
        1.625,
        7.5
      ],
      "to": [
        8.375,
        3.875,
        7.75
      ],
      "faces": {
        "north": {
          "uv": [
            8.375,
            12.125,
            7.875,
            14.375
          ],
          "texture": "#texture"
        },
        "east": {
          "uv": [
            8.375,
            12.125,
            8.25,
            14.375
          ],
          "texture": "#texture"
        },
        "south": {
          "uv": [
            7.875,
            12.125,
            8.375,
            14.375
          ],
          "texture": "#texture"
        },
        "west": {
          "uv": [
            7.875,
            12.125,
            8,
            14.375
          ],
          "texture": "#texture"
        }
      }
    },
    {
      "name": "zDragonSabrex128",
      "from": [
        7.875,
        1.125,
        7.5
      ],
      "to": [
        8.5,
        1.25,
        7.75
      ],
      "faces": {
        "north": {
          "uv": [
            8.5,
            14.75,
            7.875,
            14.875
          ],
          "texture": "#texture"
        },
        "east": {
          "uv": [
            8.5,
            14.75,
            8.375,
            14.875
          ],
          "texture": "#texture"
        },
        "south": {
          "uv": [
            7.875,
            14.75,
            8.5,
            14.875
          ],
          "texture": "#texture"
        },
        "west": {
          "uv": [
            7.875,
            14.75,
            8,
            14.875
          ],
          "texture": "#texture"
        },
        "up": {
          "uv": [
            7.875,
            14.875,
            8.5,
            14.75
          ],
          "texture": "#texture"
        },
        "down": {
          "uv": [
            7.875,
            14.75,
            8.5,
            14.875
          ],
          "texture": "#texture"
        }
      }
    },
    {
      "name": "zDragonSabrex128",
      "from": [
        8,
        14.3125,
        7.5625
      ],
      "to": [
        8.25,
        15,
        7.6875
      ],
      "faces": {
        "north": {
          "uv": [
            8.25,
            1,
            8,
            1.375
          ],
          "texture": "#texture"
        },
        "east": {
          "uv": [
            8.25,
            1,
            8.125,
            1.375
          ],
          "texture": "#texture"
        },
        "south": {
          "uv": [
            8,
            1,
            8.25,
            1.375
          ],
          "texture": "#texture"
        },
        "west": {
          "uv": [
            8,
            1,
            8.125,
            1.375
          ],
          "texture": "#texture"
        },
        "up": {
          "uv": [
            8,
            1.125,
            8.25,
            1
          ],
          "texture": "#texture"
        }
      }
    },
    {
      "name": "zDragonSabrex128",
      "from": [
        8,
        1,
        7.5
      ],
      "to": [
        8.75,
        1.125,
        7.75
      ],
      "faces": {
        "north": {
          "uv": [
            8.75,
            14.875,
            8,
            15
          ],
          "texture": "#texture"
        },
        "east": {
          "uv": [
            8.75,
            14.875,
            8.625,
            15
          ],
          "texture": "#texture"
        },
        "south": {
          "uv": [
            8,
            14.875,
            8.75,
            15
          ],
          "texture": "#texture"
        },
        "west": {
          "uv": [
            8,
            14.875,
            8.125,
            15
          ],
          "texture": "#texture"
        },
        "up": {
          "uv": [
            8,
            15,
            8.75,
            14.875
          ],
          "texture": "#texture"
        },
        "down": {
          "uv": [
            8,
            14.875,
            8.75,
            15
          ],
          "texture": "#texture"
        }
      }
    },
    {
      "name": "zDragonSabrex128",
      "from": [
        8.25,
        0.875,
        7.5
      ],
      "to": [
        8.625,
        1,
        7.75
      ],
      "faces": {
        "north": {
          "uv": [
            8.625,
            15,
            8.25,
            15.125
          ],
          "texture": "#texture"
        },
        "east": {
          "uv": [
            8.625,
            15,
            8.5,
            15.125
          ],
          "texture": "#texture"
        },
        "south": {
          "uv": [
            8.25,
            15,
            8.625,
            15.125
          ],
          "texture": "#texture"
        },
        "down": {
          "uv": [
            8.25,
            15,
            8.625,
            15.125
          ],
          "texture": "#texture"
        }
      }
    },
    {
      "name": "zDragonSabrex128",
      "from": [
        8.375,
        1.25,
        7.5
      ],
      "to": [
        8.5,
        1.5,
        7.75
      ],
      "faces": {
        "north": {
          "uv": [
            8.5,
            14.5,
            8.375,
            14.75
          ],
          "texture": "#texture"
        },
        "east": {
          "uv": [
            8.5,
            14.5,
            8.375,
            14.75
          ],
          "texture": "#texture"
        },
        "south": {
          "uv": [
            8.375,
            14.5,
            8.5,
            14.75
          ],
          "texture": "#texture"
        },
        "up": {
          "uv": [
            8.375,
            14.625,
            8.5,
            14.5
          ],
          "texture": "#texture"
        }
      }
    },
    {
      "name": "zDragonSabrex128",
      "from": [
        8.5,
        6,
        7.5
      ],
      "to": [
        8.625,
        6.125,
        7.75
      ],
      "faces": {
        "north": {
          "uv": [
            8.625,
            9.875,
            8.5,
            10
          ],
          "texture": "#texture"
        },
        "east": {
          "uv": [
            8.625,
            9.875,
            8.5,
            10
          ],
          "texture": "#texture"
        },
        "south": {
          "uv": [
            8.5,
            9.875,
            8.625,
            10
          ],
          "texture": "#texture"
        },
        "up": {
          "uv": [
            8.5,
            10,
            8.625,
            9.875
          ],
          "texture": "#texture"
        }
      }
    },
    {
      "name": "zDragonSabrex128",
      "from": [
        8.5,
        4.25,
        7.5
      ],
      "to": [
        8.75,
        5,
        7.75
      ],
      "faces": {
        "north": {
          "uv": [
            8.75,
            11,
            8.5,
            11.75
          ],
          "texture": "#texture"
        },
        "east": {
          "uv": [
            8.75,
            11,
            8.625,
            11.75
          ],
          "texture": "#texture"
        },
        "south": {
          "uv": [
            8.5,
            11,
            8.75,
            11.75
          ],
          "texture": "#texture"
        },
        "up": {
          "uv": [
            8.5,
            11.125,
            8.75,
            11
          ],
          "texture": "#texture"
        },
        "down": {
          "uv": [
            8.5,
            11.625,
            8.75,
            11.75
          ],
          "texture": "#texture"
        }
      }
    },
    {
      "name": "zDragonSabrex128",
      "from": [
        8.625,
        5,
        7.5
      ],
      "to": [
        8.75,
        5.125,
        7.75
      ],
      "faces": {
        "north": {
          "uv": [
            8.75,
            10.875,
            8.625,
            11
          ],
          "texture": "#texture"
        },
        "east": {
          "uv": [
            8.75,
            10.875,
            8.625,
            11
          ],
          "texture": "#texture"
        },
        "south": {
          "uv": [
            8.625,
            10.875,
            8.75,
            11
          ],
          "texture": "#texture"
        },
        "up": {
          "uv": [
            8.625,
            11,
            8.75,
            10.875
          ],
          "texture": "#texture"
        }
      }
    },
    {
      "name": "zDragonSabrex128",
      "from": [
        8.625,
        4.125,
        7.5
      ],
      "to": [
        8.875,
        4.25,
        7.75
      ],
      "faces": {
        "north": {
          "uv": [
            8.875,
            11.75,
            8.625,
            11.875
          ],
          "texture": "#texture"
        },
        "east": {
          "uv": [
            8.875,
            11.75,
            8.75,
            11.875
          ],
          "texture": "#texture"
        },
        "south": {
          "uv": [
            8.625,
            11.75,
            8.875,
            11.875
          ],
          "texture": "#texture"
        },
        "west": {
          "uv": [
            8.625,
            11.75,
            8.75,
            11.875
          ],
          "texture": "#texture"
        },
        "up": {
          "uv": [
            8.625,
            11.875,
            8.875,
            11.75
          ],
          "texture": "#texture"
        },
        "down": {
          "uv": [
            8.625,
            11.75,
            8.875,
            11.875
          ],
          "texture": "#texture"
        }
      }
    },
    {
      "name": "zDragonSabrex128",
      "from": [
        8.75,
        4.5,
        7.5
      ],
      "to": [
        8.875,
        4.875,
        7.75
      ],
      "faces": {
        "north": {
          "uv": [
            8.875,
            11.125,
            8.75,
            11.5
          ],
          "texture": "#texture"
        },
        "east": {
          "uv": [
            8.875,
            11.125,
            8.75,
            11.5
          ],
          "texture": "#texture"
        },
        "south": {
          "uv": [
            8.75,
            11.125,
            8.875,
            11.5
          ],
          "texture": "#texture"
        },
        "up": {
          "uv": [
            8.75,
            11.25,
            8.875,
            11.125
          ],
          "texture": "#texture"
        },
        "down": {
          "uv": [
            8.75,
            11.375,
            8.875,
            11.5
          ],
          "texture": "#texture"
        }
      }
    },
    {
      "name": "zDragonSabrex128",
      "from": [
        8.75,
        4,
        7.5
      ],
      "to": [
        8.875,
        4.125,
        7.75
      ],
      "faces": {
        "north": {
          "uv": [
            8.875,
            11.875,
            8.75,
            12
          ],
          "texture": "#texture"
        },
        "east": {
          "uv": [
            8.875,
            11.875,
            8.75,
            12
          ],
          "texture": "#texture"
        },
        "south": {
          "uv": [
            8.75,
            11.875,
            8.875,
            12
          ],
          "texture": "#texture"
        },
        "west": {
          "uv": [
            8.75,
            11.875,
            8.875,
            12
          ],
          "texture": "#texture"
        },
        "down": {
          "uv": [
            8.75,
            11.875,
            8.875,
            12
          ],
          "texture": "#texture"
        }
      }
    },
    {
      "name": "zDragonSabrex128",
      "from": [
        8.875,
        4.375,
        7.5
      ],
      "to": [
        9,
        4.75,
        7.75
      ],
      "faces": {
        "north": {
          "uv": [
            9,
            11.25,
            8.875,
            11.625
          ],
          "texture": "#texture"
        },
        "east": {
          "uv": [
            9,
            11.25,
            8.875,
            11.625
          ],
          "texture": "#texture"
        },
        "south": {
          "uv": [
            8.875,
            11.25,
            9,
            11.625
          ],
          "texture": "#texture"
        },
        "west": {
          "uv": [
            8.875,
            11.25,
            9,
            11.625
          ],
          "texture": "#texture"
        },
        "up": {
          "uv": [
            8.875,
            11.375,
            9,
            11.25
          ],
          "texture": "#texture"
        },
        "down": {
          "uv": [
            8.875,
            11.5,
            9,
            11.625
          ],
          "texture": "#texture"
        }
      }
    },
    {
      "name": "zDragonSabrex128",
      "from": [
        9,
        4.125,
        7.5
      ],
      "to": [
        9.125,
        4.625,
        7.75
      ],
      "faces": {
        "north": {
          "uv": [
            9.125,
            11.375,
            9,
            11.875
          ],
          "texture": "#texture"
        },
        "east": {
          "uv": [
            9.125,
            11.375,
            9,
            11.875
          ],
          "texture": "#texture"
        },
        "south": {
          "uv": [
            9,
            11.375,
            9.125,
            11.875
          ],
          "texture": "#texture"
        },
        "west": {
          "uv": [
            9,
            11.375,
            9.125,
            11.875
          ],
          "texture": "#texture"
        },
        "up": {
          "uv": [
            9,
            11.5,
            9.125,
            11.375
          ],
          "texture": "#texture"
        },
        "down": {
          "uv": [
            9,
            11.75,
            9.125,
            11.875
          ],
          "texture": "#texture"
        }
      }
    },
    {
      "name": "zDragonSabrex128",
      "from": [
        9.125,
        3.875,
        7.5
      ],
      "to": [
        9.25,
        4.375,
        7.75
      ],
      "faces": {
        "north": {
          "uv": [
            9.25,
            11.625,
            9.125,
            12.125
          ],
          "texture": "#texture"
        },
        "east": {
          "uv": [
            9.25,
            11.625,
            9.125,
            12.125
          ],
          "texture": "#texture"
        },
        "south": {
          "uv": [
            9.125,
            11.625,
            9.25,
            12.125
          ],
          "texture": "#texture"
        },
        "west": {
          "uv": [
            9.125,
            11.625,
            9.25,
            12.125
          ],
          "texture": "#texture"
        },
        "up": {
          "uv": [
            9.125,
            11.75,
            9.25,
            11.625
          ],
          "texture": "#texture"
        },
        "down": {
          "uv": [
            9.125,
            12,
            9.25,
            12.125
          ],
          "texture": "#texture"
        }
      }
    },
    {
      "name": "Element",
      "from": [
        7.5,
        5.75,
        7.375
      ],
      "to": [
        7.875,
        5.875,
        7.875
      ],
      "faces": {
        "north": {
          "uv": [
            7.875,
            10.125,
            7.5,
            10.25
          ],
          "texture": "#texture"
        },
        "east": {
          "uv": [
            7.875,
            10.125,
            7.75,
            10.25
          ],
          "texture": "#texture"
        },
        "south": {
          "uv": [
            7.5,
            10.125,
            7.875,
            10.25
          ],
          "texture": "#texture"
        },
        "west": {
          "uv": [
            7.5,
            10.125,
            7.625,
            10.25
          ],
          "texture": "#texture"
        },
        "up": {
          "uv": [
            7.5,
            10.25,
            7.875,
            10.125
          ],
          "texture": "#texture"
        },
        "down": {
          "uv": [
            7.5,
            10.125,
            7.875,
            10.25
          ],
          "texture": "#texture"
        }
      }
    },
    {
      "name": "Element",
      "from": [
        7.5,
        5.625,
        7.375
      ],
      "to": [
        7.75,
        5.75,
        7.875
      ],
      "faces": {
        "north": {
          "uv": [
            7.75,
            10.25,
            7.5,
            10.375
          ],
          "texture": "#texture"
        },
        "east": {
          "uv": [
            7.75,
            10.25,
            7.625,
            10.375
          ],
          "texture": "#texture"
        },
        "south": {
          "uv": [
            7.5,
            10.25,
            7.75,
            10.375
          ],
          "texture": "#texture"
        },
        "west": {
          "uv": [
            7.5,
            10.25,
            7.625,
            10.375
          ],
          "texture": "#texture"
        },
        "down": {
          "uv": [
            7.5,
            10.25,
            7.75,
            10.375
          ],
          "texture": "#texture"
        }
      }
    },
    {
      "name": "Element",
      "from": [
        7.625,
        5.25,
        7.375
      ],
      "to": [
        7.75,
        5.625,
        7.875
      ],
      "faces": {
        "north": {
          "uv": [
            7.75,
            10.375,
            7.625,
            10.75
          ],
          "texture": "#texture"
        },
        "east": {
          "uv": [
            7.75,
            10.375,
            7.625,
            10.75
          ],
          "texture": "#texture"
        },
        "south": {
          "uv": [
            7.625,
            10.375,
            7.75,
            10.75
          ],
          "texture": "#texture"
        },
        "west": {
          "uv": [
            7.625,
            10.375,
            7.75,
            10.75
          ],
          "texture": "#texture"
        },
        "down": {
          "uv": [
            7.625,
            10.625,
            7.75,
            10.75
          ],
          "texture": "#texture"
        }
      }
    },
    {
      "name": "Element",
      "from": [
        7.75,
        5,
        7.375
      ],
      "to": [
        7.875,
        5.5,
        7.875
      ],
      "faces": {
        "north": {
          "uv": [
            7.875,
            10.5,
            7.75,
            11
          ],
          "texture": "#texture"
        },
        "east": {
          "uv": [
            7.875,
            10.5,
            7.75,
            11
          ],
          "texture": "#texture"
        },
        "south": {
          "uv": [
            7.75,
            10.5,
            7.875,
            11
          ],
          "texture": "#texture"
        },
        "west": {
          "uv": [
            7.75,
            10.5,
            7.875,
            11
          ],
          "texture": "#texture"
        },
        "up": {
          "uv": [
            7.75,
            10.625,
            7.875,
            10.5
          ],
          "texture": "#texture"
        },
        "down": {
          "uv": [
            7.75,
            10.875,
            7.875,
            11
          ],
          "texture": "#texture"
        }
      }
    },
    {
      "name": "Element",
      "from": [
        7.875,
        4,
        7.375
      ],
      "to": [
        8,
        5.375,
        7.875
      ],
      "faces": {
        "north": {
          "uv": [
            8,
            10.625,
            7.875,
            12
          ],
          "texture": "#texture"
        },
        "east": {
          "uv": [
            8,
            10.625,
            7.875,
            12
          ],
          "texture": "#texture"
        },
        "south": {
          "uv": [
            7.875,
            10.625,
            8,
            12
          ],
          "texture": "#texture"
        },
        "west": {
          "uv": [
            7.875,
            10.625,
            8,
            12
          ],
          "texture": "#texture"
        },
        "up": {
          "uv": [
            7.875,
            10.75,
            8,
            10.625
          ],
          "texture": "#texture"
        },
        "down": {
          "uv": [
            7.875,
            11.875,
            8,
            12
          ],
          "texture": "#texture"
        }
      }
    },
    {
      "name": "Element",
      "from": [
        8,
        3.875,
        7.375
      ],
      "to": [
        8.125,
        5.25,
        7.875
      ],
      "faces": {
        "north": {
          "uv": [
            8.125,
            10.75,
            8,
            12.125
          ],
          "texture": "#texture"
        },
        "east": {
          "uv": [
            8.125,
            10.75,
            8,
            12.125
          ],
          "texture": "#texture"
        },
        "south": {
          "uv": [
            8,
            10.75,
            8.125,
            12.125
          ],
          "texture": "#texture"
        },
        "west": {
          "uv": [
            8,
            10.75,
            8.125,
            12.125
          ],
          "texture": "#texture"
        },
        "up": {
          "uv": [
            8,
            10.875,
            8.125,
            10.75
          ],
          "texture": "#texture"
        }
      }
    },
    {
      "name": "Element",
      "from": [
        8.125,
        3.875,
        7.375
      ],
      "to": [
        8.25,
        5.125,
        7.875
      ],
      "faces": {
        "north": {
          "uv": [
            8.25,
            10.875,
            8.125,
            12.125
          ],
          "texture": "#texture"
        },
        "east": {
          "uv": [
            8.25,
            10.875,
            8.125,
            12.125
          ],
          "texture": "#texture"
        },
        "south": {
          "uv": [
            8.125,
            10.875,
            8.25,
            12.125
          ],
          "texture": "#texture"
        },
        "up": {
          "uv": [
            8.125,
            11,
            8.25,
            10.875
          ],
          "texture": "#texture"
        }
      }
    },
    {
      "name": "Element",
      "from": [
        8.25,
        4.25,
        7.375
      ],
      "to": [
        8.5,
        5.5,
        7.875
      ],
      "faces": {
        "north": {
          "uv": [
            8.5,
            10.5,
            8.25,
            11.75
          ],
          "texture": "#texture"
        },
        "east": {
          "uv": [
            8.5,
            10.5,
            8.375,
            11.75
          ],
          "texture": "#texture"
        },
        "south": {
          "uv": [
            8.25,
            10.5,
            8.5,
            11.75
          ],
          "texture": "#texture"
        },
        "up": {
          "uv": [
            8.25,
            10.625,
            8.5,
            10.5
          ],
          "texture": "#texture"
        },
        "down": {
          "uv": [
            8.25,
            11.625,
            8.5,
            11.75
          ],
          "texture": "#texture"
        }
      }
    },
    {
      "name": "Element",
      "from": [
        8.25,
        4,
        7.375
      ],
      "to": [
        8.375,
        4.25,
        7.875
      ],
      "faces": {
        "north": {
          "uv": [
            8.375,
            11.75,
            8.25,
            12
          ],
          "texture": "#texture"
        },
        "east": {
          "uv": [
            8.375,
            11.75,
            8.25,
            12
          ],
          "texture": "#texture"
        },
        "south": {
          "uv": [
            8.25,
            11.75,
            8.375,
            12
          ],
          "texture": "#texture"
        },
        "down": {
          "uv": [
            8.25,
            11.875,
            8.375,
            12
          ],
          "texture": "#texture"
        }
      }
    },
    {
      "name": "Element",
      "from": [
        8.375,
        4.5,
        7.375
      ],
      "to": [
        8.5,
        6,
        7.875
      ],
      "faces": {
        "north": {
          "uv": [
            8.5,
            10,
            8.375,
            11.5
          ],
          "texture": "#texture"
        },
        "east": {
          "uv": [
            8.5,
            10,
            8.375,
            11.5
          ],
          "texture": "#texture"
        },
        "south": {
          "uv": [
            8.375,
            10,
            8.5,
            11.5
          ],
          "texture": "#texture"
        },
        "west": {
          "uv": [
            8.375,
            10,
            8.5,
            11.5
          ],
          "texture": "#texture"
        },
        "up": {
          "uv": [
            8.375,
            10.125,
            8.5,
            10
          ],
          "texture": "#texture"
        },
        "down": {
          "uv": [
            8.375,
            11.375,
            8.5,
            11.5
          ],
          "texture": "#texture"
        }
      }
    },
    {
      "name": "Element",
      "from": [
        8.25,
        5.875,
        7.375
      ],
      "to": [
        8.375,
        6,
        7.875
      ],
      "faces": {
        "north": {
          "uv": [
            8.375,
            10,
            8.25,
            10.125
          ],
          "texture": "#texture"
        },
        "south": {
          "uv": [
            8.25,
            10,
            8.375,
            10.125
          ],
          "texture": "#texture"
        },
        "up": {
          "uv": [
            8.25,
            10.125,
            8.375,
            10
          ],
          "texture": "#texture"
        },
        "down": {
          "uv": [
            8.25,
            10,
            8.375,
            10.125
          ],
          "texture": "#texture"
        }
      }
    },
    {
      "name": "Element",
      "from": [
        8.5,
        5.625,
        7.375
      ],
      "to": [
        8.625,
        6,
        7.875
      ],
      "faces": {
        "north": {
          "uv": [
            8.625,
            10,
            8.5,
            10.375
          ],
          "texture": "#texture"
        },
        "east": {
          "uv": [
            8.625,
            10,
            8.5,
            10.375
          ],
          "texture": "#texture"
        },
        "south": {
          "uv": [
            8.5,
            10,
            8.625,
            10.375
          ],
          "texture": "#texture"
        },
        "up": {
          "uv": [
            8.5,
            10.125,
            8.625,
            10
          ],
          "texture": "#texture"
        },
        "down": {
          "uv": [
            8.5,
            10.25,
            8.625,
            10.375
          ],
          "texture": "#texture"
        }
      }
    },
    {
      "name": "Element",
      "from": [
        8.5,
        4.375,
        7.375
      ],
      "to": [
        8.625,
        5.125,
        7.875
      ],
      "faces": {
        "north": {
          "uv": [
            8.625,
            10.875,
            8.5,
            11.625
          ],
          "texture": "#texture"
        },
        "east": {
          "uv": [
            8.625,
            10.875,
            8.5,
            11.625
          ],
          "texture": "#texture"
        },
        "south": {
          "uv": [
            8.5,
            10.875,
            8.625,
            11.625
          ],
          "texture": "#texture"
        },
        "up": {
          "uv": [
            8.5,
            11,
            8.625,
            10.875
          ],
          "texture": "#texture"
        },
        "down": {
          "uv": [
            8.5,
            11.5,
            8.625,
            11.625
          ],
          "texture": "#texture"
        }
      }
    },
    {
      "name": "Element",
      "from": [
        8.625,
        4.5,
        7.375
      ],
      "to": [
        8.75,
        4.875,
        7.875
      ],
      "faces": {
        "north": {
          "uv": [
            8.75,
            11.125,
            8.625,
            11.5
          ],
          "texture": "#texture"
        },
        "east": {
          "uv": [
            8.75,
            11.125,
            8.625,
            11.5
          ],
          "texture": "#texture"
        },
        "south": {
          "uv": [
            8.625,
            11.125,
            8.75,
            11.5
          ],
          "texture": "#texture"
        },
        "up": {
          "uv": [
            8.625,
            11.25,
            8.75,
            11.125
          ],
          "texture": "#texture"
        },
        "down": {
          "uv": [
            8.625,
            11.375,
            8.75,
            11.5
          ],
          "texture": "#texture"
        }
      }
    },
    {
      "name": "Element",
      "from": [
        8.75,
        4.625,
        7.375
      ],
      "to": [
        8.875,
        4.75,
        7.875
      ],
      "faces": {
        "north": {
          "uv": [
            8.875,
            11.25,
            8.75,
            11.375
          ],
          "texture": "#texture"
        },
        "east": {
          "uv": [
            8.875,
            11.25,
            8.75,
            11.375
          ],
          "texture": "#texture"
        },
        "south": {
          "uv": [
            8.75,
            11.25,
            8.875,
            11.375
          ],
          "texture": "#texture"
        },
        "up": {
          "uv": [
            8.75,
            11.375,
            8.875,
            11.25
          ],
          "texture": "#texture"
        },
        "down": {
          "uv": [
            8.75,
            11.25,
            8.875,
            11.375
          ],
          "texture": "#texture"
        }
      }
    },
    {
      "name": "Element",
      "from": [
        8,
        4.125,
        7.25
      ],
      "to": [
        8.125,
        5.125,
        8
      ],
      "faces": {
        "north": {
          "uv": [
            8.125,
            10.875,
            8,
            11.875
          ],
          "texture": "#texture"
        },
        "east": {
          "uv": [
            8.125,
            10.875,
            8,
            11.875
          ],
          "texture": "#texture"
        },
        "south": {
          "uv": [
            8,
            10.875,
            8.125,
            11.875
          ],
          "texture": "#texture"
        },
        "west": {
          "uv": [
            8,
            10.875,
            8.125,
            11.875
          ],
          "texture": "#texture"
        },
        "up": {
          "uv": [
            8,
            11,
            8.125,
            10.875
          ],
          "texture": "#texture"
        },
        "down": {
          "uv": [
            8,
            11.75,
            8.125,
            11.875
          ],
          "texture": "#texture"
        }
      }
    },
    {
      "name": "Element",
      "from": [
        8.125,
        4.125,
        7.25
      ],
      "to": [
        8.25,
        5,
        8
      ],
      "faces": {
        "north": {
          "uv": [
            8.25,
            11,
            8.125,
            11.875
          ],
          "texture": "#texture"
        },
        "east": {
          "uv": [
            8.25,
            11,
            8.125,
            11.875
          ],
          "texture": "#texture"
        },
        "south": {
          "uv": [
            8.125,
            11,
            8.25,
            11.875
          ],
          "texture": "#texture"
        },
        "up": {
          "uv": [
            8.125,
            11.125,
            8.25,
            11
          ],
          "texture": "#texture"
        },
        "down": {
          "uv": [
            8.125,
            11.75,
            8.25,
            11.875
          ],
          "texture": "#texture"
        }
      }
    },
    {
      "name": "Element",
      "from": [
        8.25,
        4.375,
        7.25
      ],
      "to": [
        8.5,
        5.125,
        8
      ],
      "faces": {
        "north": {
          "uv": [
            8.5,
            10.875,
            8.25,
            11.625
          ],
          "texture": "#texture"
        },
        "east": {
          "uv": [
            8.5,
            10.875,
            8.375,
            11.625
          ],
          "texture": "#texture"
        },
        "south": {
          "uv": [
            8.25,
            10.875,
            8.5,
            11.625
          ],
          "texture": "#texture"
        },
        "up": {
          "uv": [
            8.25,
            11,
            8.5,
            10.875
          ],
          "texture": "#texture"
        },
        "down": {
          "uv": [
            8.25,
            11.5,
            8.5,
            11.625
          ],
          "texture": "#texture"
        }
      }
    },
    {
      "name": "Element",
      "from": [
        8,
        1.5,
        7.375
      ],
      "to": [
        8.25,
        3.875,
        7.875
      ],
      "faces": {
        "north": {
          "uv": [
            8.25,
            12.125,
            8,
            14.5
          ],
          "texture": "#texture"
        },
        "east": {
          "uv": [
            8.25,
            12.125,
            8.125,
            14.5
          ],
          "texture": "#texture"
        },
        "south": {
          "uv": [
            8,
            12.125,
            8.25,
            14.5
          ],
          "texture": "#texture"
        },
        "west": {
          "uv": [
            8,
            12.125,
            8.125,
            14.5
          ],
          "texture": "#texture"
        },
        "up": {
          "uv": [
            8,
            12.25,
            8.25,
            12.125
          ],
          "texture": "#texture"
        }
      }
    },
    {
      "name": "Element",
      "from": [
        7.875,
        1.25,
        7.375
      ],
      "to": [
        8,
        1.625,
        7.875
      ],
      "faces": {
        "north": {
          "uv": [
            8,
            14.375,
            7.875,
            14.75
          ],
          "texture": "#texture"
        },
        "east": {
          "uv": [
            8,
            14.375,
            7.875,
            14.75
          ],
          "texture": "#texture"
        },
        "south": {
          "uv": [
            7.875,
            14.375,
            8,
            14.75
          ],
          "texture": "#texture"
        },
        "west": {
          "uv": [
            7.875,
            14.375,
            8,
            14.75
          ],
          "texture": "#texture"
        },
        "up": {
          "uv": [
            7.875,
            14.5,
            8,
            14.375
          ],
          "texture": "#texture"
        },
        "down": {
          "uv": [
            7.875,
            14.625,
            8,
            14.75
          ],
          "texture": "#texture"
        }
      }
    },
    {
      "name": "Element",
      "from": [
        8,
        1.125,
        7.375
      ],
      "to": [
        8.375,
        1.5,
        7.875
      ],
      "faces": {
        "north": {
          "uv": [
            8.375,
            14.5,
            8,
            14.875
          ],
          "texture": "#texture"
        },
        "east": {
          "uv": [
            8.375,
            14.5,
            8.25,
            14.875
          ],
          "texture": "#texture"
        },
        "south": {
          "uv": [
            8,
            14.5,
            8.375,
            14.875
          ],
          "texture": "#texture"
        },
        "west": {
          "uv": [
            8,
            14.5,
            8.125,
            14.875
          ],
          "texture": "#texture"
        },
        "up": {
          "uv": [
            8,
            14.625,
            8.375,
            14.5
          ],
          "texture": "#texture"
        },
        "down": {
          "uv": [
            8,
            14.75,
            8.375,
            14.875
          ],
          "texture": "#texture"
        }
      }
    },
    {
      "name": "Element",
      "from": [
        8.25,
        1,
        7.375
      ],
      "to": [
        8.375,
        1.125,
        7.875
      ],
      "faces": {
        "north": {
          "uv": [
            8.375,
            14.875,
            8.25,
            15
          ],
          "texture": "#texture"
        },
        "east": {
          "uv": [
            8.375,
            14.875,
            8.25,
            15
          ],
          "texture": "#texture"
        },
        "south": {
          "uv": [
            8.25,
            14.875,
            8.375,
            15
          ],
          "texture": "#texture"
        },
        "down": {
          "uv": [
            8.25,
            14.875,
            8.375,
            15
          ],
          "texture": "#texture"
        }
      }
    },
    {
      "name": "Element",
      "from": [
        8,
        1.25,
        7.25
      ],
      "to": [
        8.25,
        1.5,
        8
      ],
      "faces": {
        "north": {
          "uv": [
            8.25,
            14.5,
            8,
            14.75
          ],
          "texture": "#texture"
        },
        "east": {
          "uv": [
            8.25,
            14.5,
            8.125,
            14.75
          ],
          "texture": "#texture"
        },
        "south": {
          "uv": [
            8,
            14.5,
            8.25,
            14.75
          ],
          "texture": "#texture"
        },
        "west": {
          "uv": [
            8,
            14.5,
            8.125,
            14.75
          ],
          "texture": "#texture"
        },
        "up": {
          "uv": [
            8,
            14.625,
            8.25,
            14.5
          ],
          "texture": "#texture"
        },
        "down": {
          "uv": [
            8,
            14.625,
            8.25,
            14.75
          ],
          "texture": "#texture"
        }
      }
    },
    {
      "name": "Element",
      "from": [
        6.125,
        0,
        7.595
      ],
      "to": [
        10.125,
        16,
        7.6575
      ],
      "faces": {
        "north": {
          "uv": [
            10,
            0,
            6,
            16
          ],
          "texture": "#zDragonSabreEffect"
        },
        "south": {
          "uv": [
            6,
            0,
            10,
            16
          ],
          "texture": "#zDragonSabreEffect"
        }
      }
    },
    {
      "name": "Element",
      "from": [
        7.9375,
        3.75,
        7.4375
      ],
      "to": [
        8.3125,
        3.875,
        7.8125
      ],
      "faces": {
        "north": {
          "uv": [
            8.3125,
            12.125,
            7.9375,
            12.25
          ],
          "texture": "#texture"
        },
        "east": {
          "uv": [
            8.3125,
            12.125,
            8.1875,
            12.25
          ],
          "texture": "#texture"
        },
        "south": {
          "uv": [
            7.9375,
            12.125,
            8.3125,
            12.25
          ],
          "texture": "#texture"
        },
        "west": {
          "uv": [
            7.9375,
            12.125,
            8.0625,
            12.25
          ],
          "texture": "#texture"
        },
        "up": {
          "uv": [
            7.9375,
            12.25,
            8.3125,
            12.125
          ],
          "texture": "#texture"
        },
        "down": {
          "uv": [
            7.9375,
            12.125,
            8.3125,
            12.25
          ],
          "texture": "#texture"
        }
      }
    }
  ],
  "display": {
    "thirdperson_righthand": {
      "rotation": [
        0,
        90,
        0
      ],
      "translation": [
        0,
        10,
        1
      ],
      "scale": [
        2.4,
        2.4,
        2.4
      ]
    },
    "thirdperson_lefthand": {
      "rotation": [
        0,
        -90,
        0
      ],
      "translation": [
        0,
        10,
        1
      ],
      "scale": [
        2.4,
        2.4,
        2.4
      ]
    },
    "firstperson_righthand": {
      "rotation": [
        17,
        -90,
        0
      ],
      "translation": [
        2.6,
        5,
        -0.008
      ],
      "scale": [
        1.6,
        1.6,
        1.6
      ]
    },
    "firstperson_lefthand": {
      "rotation": [
        17,
        -90,
        0
      ],
      "translation": [
        2.6,
        5,
        -0.008
      ],
      "scale": [
        1.6,
        1.6,
        1.6
      ]
    },
    "ground": {
      "rotation": [
        0,
        0,
        -45
      ],
      "translation": [
        0,
        3.3956,
        0
      ],
      "scale": [
        1.25,
        1.25,
        1.7
      ]
    },
    "gui": {
      "rotation": [
        -180,
        0,
        -136
      ],
      "translation": [
        0,
        -0.5,
        0
      ],
      "scale": [
        1.4,
        1.4,
        1.4
      ]
    },
    "head": {
      "rotation": [
        0,
        0,
        45
      ],
      "translation": [
        0,
        19,
        0
      ],
      "scale": [
        2,
        2,
        2
      ]
    },
    "fixed": {
      "rotation": [
        0,
        0,
        40
      ],
      "translation": [
        -0.5,
        -0.5,
        0.5
      ],
      "scale": [
        1.7,
        1.7,
        2
      ]
    }
  }
}