{
	"__comment": "Designed by ArbiterChiefN with Cubik Studio - https://cubik.studio",
	"textures": {
		"texture": "weapon/sword/normal_sword/normal_sword",
		"voxels_atlas": "weapon/sword/normal_sword/normal_sword"
	},
	"elements": [ 	 
		{
			"__comment": "Voxels",
			"from": [ 7.75, 1.25, 7.75 ],
			"to": [ 8.5, 1.5, 8.5 ],
			"faces": {
				"down": { "uv": [ 3.75, 14, 4.5, 14.75 ], "texture": "#voxels_atlas" },
				"up": { "uv": [ 3, 14.75, 3.75, 14 ], "texture": "#voxels_atlas" },
				"north": { "uv": [ 6.25, 13.5, 5.5, 13.75 ], "texture": "#voxels_atlas" },
				"south": { "uv": [ 6.25, 13.5, 7, 13.75 ], "texture": "#voxels_atlas" },
				"west": { "uv": [ 7, 13.5, 7.75, 13.75 ], "texture": "#voxels_atlas" },
				"east": { "uv": [ 6.25, 13.25, 5.5, 13.5 ], "texture": "#voxels_atlas" }
			}
		},
		{
			"__comment": "Voxels",
			"from": [ 7.75, 1.5, 8 ],
			"to": [ 8.5, 4.25, 8.25 ],
			"faces": {
				"down": { "uv": [ 5.5, 13, 6.25, 13.25 ], "texture": "#voxels_atlas" },
				"up": { "uv": [ 5.5, 13, 6.25, 12.75 ], "texture": "#voxels_atlas" },
				"north": { "uv": [ 0.75, 0, 0, 2.75 ], "texture": "#voxels_atlas" },
				"south": { "uv": [ 1.25, 0, 2, 2.75 ], "texture": "#voxels_atlas" },
				"west": { "uv": [ 0.75, 0, 1, 2.75 ], "texture": "#voxels_atlas" },
				"east": { "uv": [ 1.25, 0, 1, 2.75 ], "texture": "#voxels_atlas" }
			}
		},
		{
			"__comment": "Voxels",
			"from": [ 7.75, 3.75, 7.75 ],
			"to": [ 8.5, 4.25, 8 ],
			"faces": {
				"down": { "uv": [ 6.75, 14.75, 7.5, 15 ], "texture": "#voxels_atlas" },
				"up": { "uv": [ 4.5, 15, 5.25, 14.75 ], "texture": "#voxels_atlas" },
				"north": { "uv": [ 7.5, 14.25, 6.75, 14.75 ], "texture": "#voxels_atlas" },
				"south": { "uv": [ 6, 14.25, 6.75, 14.75 ], "texture": "#voxels_atlas" },
				"west": { "uv": [ 2.5, 0, 2.75, 0.5 ], "texture": "#voxels_atlas" },
				"east": { "uv": [ 2.5, 0, 2.25, 0.5 ], "texture": "#voxels_atlas" }
			}
		},
		{
			"__comment": "Voxels",
			"from": [ 7.75, 3.75, 8.25 ],
			"to": [ 8.5, 4.25, 8.5 ],
			"faces": {
				"down": { "uv": [ 5.25, 14.75, 6, 15 ], "texture": "#voxels_atlas" },
				"up": { "uv": [ 6, 15, 6.75, 14.75 ], "texture": "#voxels_atlas" },
				"north": { "uv": [ 5.25, 14.25, 4.5, 14.75 ], "texture": "#voxels_atlas" },
				"south": { "uv": [ 5.25, 14.25, 6, 14.75 ], "texture": "#voxels_atlas" },
				"west": { "uv": [ 2, 0, 2.25, 0.5 ], "texture": "#voxels_atlas" },
				"east": { "uv": [ 4.5, 12.25, 4.25, 12.75 ], "texture": "#voxels_atlas" }
			}
		},
		{
			"__comment": "Voxels",
			"from": [ 7.75, 4, 6.75 ],
			"to": [ 8.5, 4.25, 7.75 ],
			"faces": {
				"down": { "uv": [ 4.5, 15, 5.25, 16 ], "texture": "#voxels_atlas" },
				"up": { "uv": [ 6.75, 16, 7.5, 15 ], "texture": "#voxels_atlas" },
				"north": { "uv": [ 5.25, 14, 4.5, 14.25 ], "texture": "#voxels_atlas" },
				"south": { "uv": [ 5.25, 14, 6, 14.25 ], "texture": "#voxels_atlas" },
				"west": { "uv": [ 4.5, 13.25, 5.5, 13.5 ], "texture": "#voxels_atlas" },
				"east": { "uv": [ 5.5, 13, 4.5, 13.25 ], "texture": "#voxels_atlas" }
			}
		},
		{
			"__comment": "Voxels",
			"from": [ 7.75, 4, 8.5 ],
			"to": [ 8.5, 4.25, 9.5 ],
			"faces": {
				"down": { "uv": [ 5.25, 15, 6, 16 ], "texture": "#voxels_atlas" },
				"up": { "uv": [ 6, 16, 6.75, 15 ], "texture": "#voxels_atlas" },
				"north": { "uv": [ 6.75, 14, 6, 14.25 ], "texture": "#voxels_atlas" },
				"south": { "uv": [ 6.75, 14, 7.5, 14.25 ], "texture": "#voxels_atlas" },
				"west": { "uv": [ 4.5, 13.75, 5.5, 14 ], "texture": "#voxels_atlas" },
				"east": { "uv": [ 5.5, 13.5, 4.5, 13.75 ], "texture": "#voxels_atlas" }
			}
		},
		{
			"__comment": "Voxels",
			"from": [ 7.75, 4.25, 6.5 ],
			"to": [ 8.5, 4.5, 6.75 ],
			"faces": {
				"down": { "uv": [ 4.5, 12.75, 5.25, 13 ], "texture": "#voxels_atlas" },
				"up": { "uv": [ 4.5, 12.75, 5.25, 12.5 ], "texture": "#voxels_atlas" },
				"north": { "uv": [ 5.25, 12.25, 4.5, 12.5 ], "texture": "#voxels_atlas" },
				"south": { "uv": [ 7, 13.75, 7.75, 14 ], "texture": "#voxels_atlas" },
				"west": { "uv": [ 6.25, 11.75, 6.5, 12 ], "texture": "#voxels_atlas" },
				"east": { "uv": [ 6.5, 12, 6.25, 12.25 ], "texture": "#voxels_atlas" }
			}
		},
		{
			"__comment": "Voxels",
			"from": [ 7.75, 4.25, 9.5 ],
			"to": [ 8.5, 4.5, 9.75 ],
			"faces": {
				"down": { "uv": [ 4.5, 12, 5.25, 12.25 ], "texture": "#voxels_atlas" },
				"up": { "uv": [ 4.5, 12, 5.25, 11.75 ], "texture": "#voxels_atlas" },
				"north": { "uv": [ 6.25, 13.75, 5.5, 14 ], "texture": "#voxels_atlas" },
				"south": { "uv": [ 6.25, 13.75, 7, 14 ], "texture": "#voxels_atlas" },
				"west": { "uv": [ 6.25, 12.25, 6.5, 12.5 ], "texture": "#voxels_atlas" },
				"east": { "uv": [ 6.5, 12.5, 6.25, 12.75 ], "texture": "#voxels_atlas" }
			}
		},
		{
			"__comment": "Voxels",
			"from": [ 8, 1.5, 7.75 ],
			"to": [ 8.25, 3.75, 8 ],
			"faces": {
				"down": { "uv": [ 7.75, 13.5, 8, 13.75 ], "texture": "#voxels_atlas" },
				"up": { "uv": [ 7, 13.5, 7.25, 13.25 ], "texture": "#voxels_atlas" },
				"north": { "uv": [ 4, 11.75, 3.75, 14 ], "texture": "#voxels_atlas" },
				"south": { "uv": [ 2.5, 0.5, 2.75, 2.75 ], "texture": "#voxels_atlas" },
				"west": { "uv": [ 3.5, 11.75, 3.75, 14 ], "texture": "#voxels_atlas" },
				"east": { "uv": [ 2.5, 0.5, 2.25, 2.75 ], "texture": "#voxels_atlas" }
			}
		},
		{
			"__comment": "Voxels",
			"from": [ 8, 1.5, 8.25 ],
			"to": [ 8.25, 3.75, 8.5 ],
			"faces": {
				"down": { "uv": [ 6.25, 13, 6.5, 13.25 ], "texture": "#voxels_atlas" },
				"up": { "uv": [ 6.25, 13, 6.5, 12.75 ], "texture": "#voxels_atlas" },
				"north": { "uv": [ 2.25, 0.5, 2, 2.75 ], "texture": "#voxels_atlas" },
				"south": { "uv": [ 2.75, 0.5, 3, 2.75 ], "texture": "#voxels_atlas" },
				"west": { "uv": [ 3.25, 11.75, 3.5, 14 ], "texture": "#voxels_atlas" },
				"east": { "uv": [ 3.25, 11.75, 3, 14 ], "texture": "#voxels_atlas" }
			}
		},
		{
			"__comment": "Voxels",
			"from": [ 8, 3.75, 7.5 ],
			"to": [ 8.25, 4, 7.75 ],
			"faces": {
				"down": { "uv": [ 6, 11.75, 6.25, 12 ], "texture": "#voxels_atlas" },
				"up": { "uv": [ 6.25, 13.5, 6.5, 13.25 ], "texture": "#voxels_atlas" },
				"north": { "uv": [ 7.5, 13.25, 7.25, 13.5 ], "texture": "#voxels_atlas" },
				"south": { "uv": [ 7.5, 13.25, 7.75, 13.5 ], "texture": "#voxels_atlas" },
				"west": { "uv": [ 7.75, 13.25, 8, 13.5 ], "texture": "#voxels_atlas" },
				"east": { "uv": [ 6, 11.75, 5.75, 12 ], "texture": "#voxels_atlas" }
			}
		},
		{
			"__comment": "Voxels",
			"from": [ 8, 3.75, 8.5 ],
			"to": [ 8.25, 4, 8.75 ],
			"faces": {
				"down": { "uv": [ 5.25, 12.75, 5.5, 13 ], "texture": "#voxels_atlas" },
				"up": { "uv": [ 5.25, 12.75, 5.5, 12.5 ], "texture": "#voxels_atlas" },
				"north": { "uv": [ 5.5, 12.25, 5.25, 12.5 ], "texture": "#voxels_atlas" },
				"south": { "uv": [ 5.25, 12, 5.5, 12.25 ], "texture": "#voxels_atlas" },
				"west": { "uv": [ 5.25, 11.75, 5.5, 12 ], "texture": "#voxels_atlas" },
				"east": { "uv": [ 8, 13.75, 7.75, 14 ], "texture": "#voxels_atlas" }
			}
		},
		{
			"__comment": "Voxels",
			"from": [ 8, 4.25, 7.5 ],
			"to": [ 8.25, 17.5, 8.75 ],
			"faces": {
				"down": { "uv": [ 7.75, 14.75, 8, 16 ], "texture": "#voxels_atlas" },
				"up": { "uv": [ 7.5, 16, 7.75, 14.75 ], "texture": "#voxels_atlas" },
				"north": { "uv": [ 3, 2.75, 2.75, 16 ], "texture": "#voxels_atlas" },
				"south": { "uv": [ 2.5, 2.75, 2.75, 16 ], "texture": "#voxels_atlas" },
				"west": { "uv": [ 0, 2.75, 1.25, 16 ], "texture": "#voxels_atlas" },
				"east": { "uv": [ 2.5, 2.75, 1.25, 16 ], "texture": "#voxels_atlas" }
			}
		},
		{
			"__comment": "Voxels",
			"from": [ 8, 4.5, 6.25 ],
			"to": [ 8.25, 5, 6.5 ],
			"faces": {
				"down": { "uv": [ 5.75, 12, 6, 12.25 ], "texture": "#voxels_atlas" },
				"up": { "uv": [ 6, 12.25, 6.25, 12 ], "texture": "#voxels_atlas" },
				"north": { "uv": [ 4.25, 12.25, 4, 12.75 ], "texture": "#voxels_atlas" },
				"south": { "uv": [ 2.75, 0, 3, 0.5 ], "texture": "#voxels_atlas" },
				"west": { "uv": [ 4.25, 11.75, 4.5, 12.25 ], "texture": "#voxels_atlas" },
				"east": { "uv": [ 5.75, 12.25, 5.5, 12.75 ], "texture": "#voxels_atlas" }
			}
		},
		{
			"__comment": "Voxels",
			"from": [ 8, 4.5, 9.75 ],
			"to": [ 8.25, 5, 10 ],
			"faces": {
				"down": { "uv": [ 6.5, 13.25, 6.75, 13.5 ], "texture": "#voxels_atlas" },
				"up": { "uv": [ 6.75, 13.5, 7, 13.25 ], "texture": "#voxels_atlas" },
				"north": { "uv": [ 4.25, 11.75, 4, 12.25 ], "texture": "#voxels_atlas" },
				"south": { "uv": [ 5.75, 12.25, 6, 12.75 ], "texture": "#voxels_atlas" },
				"west": { "uv": [ 6, 12.25, 6.25, 12.75 ], "texture": "#voxels_atlas" },
				"east": { "uv": [ 5.75, 11.75, 5.5, 12.25 ], "texture": "#voxels_atlas" }
			}
		},
		{
			"__comment": "Voxels",
			"from": [ 8, 17.5, 7.75 ],
			"to": [ 8.25, 18.75, 8.5 ],
			"faces": {
				"down": { "uv": [ 7.5, 14, 7.75, 14.75 ], "texture": "#voxels_atlas" },
				"up": { "uv": [ 7.75, 14.75, 8, 14 ], "texture": "#voxels_atlas" },
				"north": { "uv": [ 4.25, 12.75, 4, 14 ], "texture": "#voxels_atlas" },
				"south": { "uv": [ 4.25, 12.75, 4.5, 14 ], "texture": "#voxels_atlas" },
				"west": { "uv": [ 3.75, 14.75, 4.5, 16 ], "texture": "#voxels_atlas" },
				"east": { "uv": [ 3.75, 14.75, 3, 16 ], "texture": "#voxels_atlas" }
			}
		},
		{
			"__comment": "Voxels",
			"from": [ 8, 18.75, 8 ],
			"to": [ 8.25, 19, 8.25 ],
			"faces": {
				"down": { "uv": [ 6.5, 13, 6.75, 13.25 ], "texture": "#voxels_atlas" },
				"up": { "uv": [ 6.75, 13.25, 7, 13 ], "texture": "#voxels_atlas" },
				"north": { "uv": [ 7.25, 13, 7, 13.25 ], "texture": "#voxels_atlas" },
				"south": { "uv": [ 7.25, 13, 7.5, 13.25 ], "texture": "#voxels_atlas" },
				"west": { "uv": [ 7.5, 13, 7.75, 13.25 ], "texture": "#voxels_atlas" },
				"east": { "uv": [ 8, 13, 7.75, 13.25 ], "texture": "#voxels_atlas" }
			}
		}
	],
	"display": {
		"thirdperson_righthand": {
			"translation":  [ 0, 5.5652, 1.3913 ],
			"scale":  [ 1.3, 1.3, 1.3 ]
		},
		"thirdperson_lefthand": {
			"translation":  [ 0, 5.5652, 1.3913 ],
			"scale":  [ 1.3, 1.3, 1.3 ]
		},
		"firstperson_righthand": {
			"rotation":  [ -19, 0, 0 ],
			"translation":  [ 0.6956, 6.9565, 0 ]
		},
		"firstperson_lefthand": {
			"rotation":  [ -19, 0, 0 ],
			"translation":  [ 0.6956, 6.9565, 0 ]
		},
		"gui": {
			"rotation":  [ 0, 90, 0 ],
			"translation":  [ 0, -2, 0 ],
			"scale":  [ 1, 0.85, 0.85 ]
		},
		"ground": {
			"rotation":  [ 48, 0, 0 ],
			"translation":  [ 0, 1.5, 0 ],
			"scale":  [ 1.3, 1.3, 1.3 ]
		},
		"fixed": {
			"rotation":  [ 0, 90, 0 ],
			"translation":  [ 0, -2, 1 ],
			"scale":  [ 1, 1.1, 1.4 ]
		}
	}
}