{"textures":{"0":"modelengine:entity/light_beam"},"elements":[{"name":"cube","from":[8.0,-3.357142,4.5714283],"to":[8.0,32.0,11.428572],"rotation":{"angle":0.0,"axis":"x","origin":[8.428572,3.7142868,8.0]},"faces":{"down":{"uv":[4.0,0.0,0.0,0.0],"rotation":270,"texture":"#0","tintindex":0},"east":{"uv":[0.0,0.0,4.0,13.75],"rotation":0,"texture":"#0","tintindex":0},"north":{"uv":[0.0,0.0,0.0,13.75],"rotation":0,"texture":"#0","tintindex":0},"south":{"uv":[0.0,0.0,0.0,13.75],"rotation":0,"texture":"#0","tintindex":0},"up":{"uv":[4.0,0.0,0.0,0.0],"rotation":90,"texture":"#0","tintindex":0},"west":{"uv":[4.0,0.0,0.0,13.75],"rotation":0,"texture":"#0","tintindex":0}}},{"name":"cube","from":[4.5714283,-3.357142,8.0],"to":[11.428572,32.0,8.0],"rotation":{"angle":0.0,"axis":"x","origin":[8.0,3.7142868,8.0]},"faces":{"down":{"uv":[4.0,0.0,0.0,0.0],"rotation":180,"texture":"#0","tintindex":0},"east":{"uv":[0.0,0.0,0.0,13.75],"rotation":0,"texture":"#0","tintindex":0},"north":{"uv":[4.0,0.0,0.0,13.75],"rotation":0,"texture":"#0","tintindex":0},"south":{"uv":[0.0,0.0,4.0,13.75],"rotation":0,"texture":"#0","tintindex":0},"up":{"uv":[4.0,0.0,0.0,0.0],"rotation":180,"texture":"#0","tintindex":0},"west":{"uv":[0.0,0.0,0.0,13.75],"rotation":0,"texture":"#0","tintindex":0}}}],"display":{"head":{"translation":[0.0,9.599997,0.0],"rotation":[0.0,0.0,0.0],"scale":[3.7333333,3.7333333,3.7333333]}}}