{"textures":{"0":"modelengine:entity/bearmeg"},"elements":[{"name":"box2","from":[6.4747047,3.7306595,6.50915],"to":[9.3955,8.011557,9.429945],"rotation":{"angle":0.0,"axis":"x","origin":[3.7999997,7.4,9.2]},"faces":{"down":{"uv":[0.875,10.25,0.0,11.125],"rotation":0,"texture":"#0","tintindex":0},"east":{"uv":[11.125,11.375,10.5,12.25],"rotation":0,"texture":"#0","tintindex":0},"north":{"uv":[10.5,11.375,11.125,12.25],"rotation":0,"texture":"#0","tintindex":0},"south":{"uv":[11.125,11.375,10.5,12.25],"rotation":0,"texture":"#0","tintindex":0},"up":{"uv":[11.375,9.25,12.0,10.0],"rotation":0,"texture":"#0","tintindex":0},"west":{"uv":[10.5,11.375,11.125,12.25],"rotation":0,"texture":"#0","tintindex":0}}}],"display":{"head":{"translation":[0.0,-6.4,0.0],"rotation":[0.0,0.0,0.0],"scale":[3.8095,3.8095,3.8095]}}}