{"textures":{"0":"modelengine:entity/bearmeg"},"elements":[{"name":"box3","from":[9.039646,14.542216,0.43499732],"to":[9.039646,15.520707,2.6366003],"rotation":{"angle":-45.0,"axis":"x","origin":[9.223114,17.6,13.400001]},"faces":{"down":{"uv":[0.0,0.0,0.0,0.5],"rotation":0,"texture":"#0","tintindex":0},"east":{"uv":[7.25,10.5,6.75,10.75],"rotation":0,"texture":"#0","tintindex":0},"north":{"uv":[0.0,0.0,0.0,0.25],"rotation":0,"texture":"#0","tintindex":0},"south":{"uv":[0.0,0.0,0.0,0.25],"rotation":0,"texture":"#0","tintindex":0},"up":{"uv":[0.0,0.5,0.0,0.0],"rotation":0,"texture":"#0","tintindex":0},"west":{"uv":[6.75,10.5,7.25,10.75],"rotation":0,"texture":"#0","tintindex":0}}},{"name":"box2","from":[6.6545753,14.909151,0.43499732],"to":[9.039646,15.887642,0.43499732],"rotation":{"angle":-45.0,"axis":"x","origin":[8.0,17.6,13.400001]},"faces":{"down":{"uv":[0.5,0.0,0.0,0.0],"rotation":0,"texture":"#0","tintindex":0},"east":{"uv":[0.0,0.0,0.0,0.25],"rotation":0,"texture":"#0","tintindex":0},"north":{"uv":[2.625,10.125,2.125,10.375],"rotation":0,"texture":"#0","tintindex":0},"south":{"uv":[2.125,10.125,2.625,10.375],"rotation":0,"texture":"#0","tintindex":0},"up":{"uv":[0.5,0.0,0.0,0.0],"rotation":0,"texture":"#0","tintindex":0},"west":{"uv":[0.0,0.0,0.0,0.25],"rotation":0,"texture":"#0","tintindex":0}}},{"name":"box2","from":[6.6545753,14.542216,0.43499732],"to":[6.6545753,15.520707,2.6366003],"rotation":{"angle":-45.0,"axis":"x","origin":[8.0,17.6,13.400001]},"faces":{"down":{"uv":[0.0,0.0,0.0,0.5],"rotation":0,"texture":"#0","tintindex":0},"east":{"uv":[7.25,10.5,6.75,10.75],"rotation":0,"texture":"#0","tintindex":0},"north":{"uv":[0.0,0.0,0.0,0.25],"rotation":0,"texture":"#0","tintindex":0},"south":{"uv":[0.0,0.0,0.0,0.25],"rotation":0,"texture":"#0","tintindex":0},"up":{"uv":[0.0,0.5,0.0,0.0],"rotation":0,"texture":"#0","tintindex":0},"west":{"uv":[6.75,10.5,7.25,10.75],"rotation":0,"texture":"#0","tintindex":0}}},{"name":"box1","from":[6.401391,7.724772,5.5727115],"to":[9.3221855,8.703262,8.018939],"rotation":{"angle":-45.0,"axis":"x","origin":[8.0,8.0,8.6]},"faces":{"down":{"uv":[0.625,12.0,0.0,12.5],"rotation":0,"texture":"#0","tintindex":0},"east":{"uv":[7.25,10.0,6.75,10.25],"rotation":0,"texture":"#0","tintindex":0},"north":{"uv":[12.0,6.875,12.625,7.125],"rotation":0,"texture":"#0","tintindex":0},"south":{"uv":[12.0,7.125,12.625,7.375],"rotation":0,"texture":"#0","tintindex":0},"up":{"uv":[12.5,1.625,11.875,1.125],"rotation":0,"texture":"#0","tintindex":0},"west":{"uv":[6.75,10.0,7.25,10.25],"rotation":0,"texture":"#0","tintindex":0}}}],"display":{"head":{"translation":[0.0,-6.4,0.0],"rotation":[0.0,0.0,0.0],"scale":[3.8095,3.8095,3.8095]}}}