{"textures":{"0":"modelengine:entity/bearmeg"},"elements":[{"name":"box1","from":[4.4589643,6.4209146,3.4677527],"to":[11.192816,12.636777,9.165627],"rotation":{"angle":-22.5,"axis":"x","origin":[8.0,10.9537735,10.446226]},"faces":{"down":{"uv":[10.0,8.625,8.625,9.75],"rotation":0,"texture":"#0","tintindex":0},"east":{"uv":[9.75,5.75,8.625,7.0],"rotation":0,"texture":"#0","tintindex":0},"north":{"uv":[9.75,5.75,8.625,7.0],"rotation":0,"texture":"#0","tintindex":0},"south":{"uv":[8.625,5.75,9.75,7.0],"rotation":0,"texture":"#0","tintindex":0},"up":{"uv":[1.375,9.25,0.0,8.125],"rotation":0,"texture":"#0","tintindex":0},"west":{"uv":[8.625,5.75,9.75,7.0],"rotation":0,"texture":"#0","tintindex":0}}}],"display":{"head":{"translation":[0.0,-6.4,0.0],"rotation":[0.0,0.0,0.0],"scale":[3.8095,3.8095,3.8095]}}}