{"textures":{"0":"modelengine:entity/health_pack"},"elements":[{"name":"cube","from":[5.0,8.0,5.0],"to":[11.0,9.2,11.0],"rotation":{"angle":0.0,"axis":"x","origin":[8.0,8.0,8.0]},"faces":{"down":{"uv":[5.0,5.0,0.0,10.0],"rotation":0,"texture":"#0","tintindex":0},"east":{"uv":[8.0,1.0,13.0,2.0],"rotation":0,"texture":"#0","tintindex":0},"north":{"uv":[8.0,0.0,13.0,1.0],"rotation":0,"texture":"#0","tintindex":0},"south":{"uv":[8.0,2.0,13.0,3.0],"rotation":0,"texture":"#0","tintindex":0},"up":{"uv":[5.0,5.0,0.0,0.0],"rotation":0,"texture":"#0","tintindex":0},"west":{"uv":[8.0,3.0,13.0,4.0],"rotation":0,"texture":"#0","tintindex":0}}},{"name":"cube","from":[4.3999996,8.0,6.8],"to":[6.2,9.8,9.2],"rotation":{"angle":0.0,"axis":"x","origin":[8.0,8.0,8.0]},"faces":{"down":{"uv":[9.5,9.5,8.0,11.5],"rotation":0,"texture":"#0","tintindex":0},"east":{"uv":[8.0,8.0,10.0,9.5],"rotation":0,"texture":"#0","tintindex":0},"north":{"uv":[8.0,11.5,9.5,13.0],"rotation":0,"texture":"#0","tintindex":0},"south":{"uv":[4.0,12.0,5.5,13.5],"rotation":0,"texture":"#0","tintindex":0},"up":{"uv":[10.5,7.5,9.0,5.5],"rotation":0,"texture":"#0","tintindex":0},"west":{"uv":[9.0,4.0,11.0,5.5],"rotation":0,"texture":"#0","tintindex":0}}},{"name":"cube","from":[9.8,8.0,6.8],"to":[11.6,9.8,9.2],"rotation":{"angle":0.0,"axis":"x","origin":[8.0,8.0,8.0]},"faces":{"down":{"uv":[5.0,10.0,3.5,12.0],"rotation":0,"texture":"#0","tintindex":0},"east":{"uv":[9.5,9.5,11.5,11.0],"rotation":0,"texture":"#0","tintindex":0},"north":{"uv":[5.5,12.0,7.0,13.5],"rotation":0,"texture":"#0","tintindex":0},"south":{"uv":[12.0,7.0,13.5,8.5],"rotation":0,"texture":"#0","tintindex":0},"up":{"uv":[3.5,12.0,2.0,10.0],"rotation":0,"texture":"#0","tintindex":0},"west":{"uv":[0.0,10.0,2.0,11.5],"rotation":0,"texture":"#0","tintindex":0}}},{"name":"cube","from":[6.8,8.0,4.3999996],"to":[9.2,9.8,6.2],"rotation":{"angle":0.0,"axis":"x","origin":[8.0,8.0,8.0]},"faces":{"down":{"uv":[11.5,11.0,9.5,12.5],"rotation":0,"texture":"#0","tintindex":0},"east":{"uv":[11.5,12.0,13.0,13.5],"rotation":0,"texture":"#0","tintindex":0},"north":{"uv":[10.0,7.5,12.0,9.0],"rotation":0,"texture":"#0","tintindex":0},"south":{"uv":[10.5,5.5,12.5,7.0],"rotation":0,"texture":"#0","tintindex":0},"up":{"uv":[13.0,5.5,11.0,4.0],"rotation":0,"texture":"#0","tintindex":0},"west":{"uv":[12.5,5.5,14.0,7.0],"rotation":0,"texture":"#0","tintindex":0}}},{"name":"cube","from":[6.8,8.0,9.8],"to":[9.2,9.8,11.6],"rotation":{"angle":0.0,"axis":"x","origin":[8.0,8.0,8.0]},"faces":{"down":{"uv":[4.0,12.0,2.0,13.5],"rotation":0,"texture":"#0","tintindex":0},"east":{"uv":[9.5,12.5,11.0,14.0],"rotation":0,"texture":"#0","tintindex":0},"north":{"uv":[0.0,11.5,2.0,13.0],"rotation":0,"texture":"#0","tintindex":0},"south":{"uv":[11.5,9.0,13.5,10.5],"rotation":0,"texture":"#0","tintindex":0},"up":{"uv":[13.5,12.0,11.5,10.5],"rotation":0,"texture":"#0","tintindex":0},"west":{"uv":[0.0,13.0,1.5,14.5],"rotation":0,"texture":"#0","tintindex":0}}}],"display":{"head":{"translation":[0.0,-6.4,0.0],"rotation":[0.0,0.0,0.0],"scale":[3.8095,3.8095,3.8095]}}}