{"textures":{"0":"modelengine:entity/health_pack"},"elements":[{"name":"cube","from":[7.676,6.272,7.568],"to":[8.54,9.728001,8.432],"rotation":{"angle":0.0,"axis":"x","origin":[8.108,3.2479997,8.0]},"faces":{"down":{"uv":[9.5,13.0,8.5,14.0],"rotation":0,"texture":"#0","tintindex":0},"east":{"uv":[5.0,8.0,6.0,12.0],"rotation":0,"texture":"#0","tintindex":0},"north":{"uv":[8.0,4.0,9.0,8.0],"rotation":0,"texture":"#0","tintindex":0},"south":{"uv":[6.0,8.0,7.0,12.0],"rotation":0,"texture":"#0","tintindex":0},"up":{"uv":[8.0,13.0,7.0,12.0],"rotation":0,"texture":"#0","tintindex":0},"west":{"uv":[7.0,8.0,8.0,12.0],"rotation":0,"texture":"#0","tintindex":0}}},{"name":"cube","from":[6.38,7.568,7.568],"to":[7.676,8.432,8.432],"rotation":{"angle":0.0,"axis":"x","origin":[8.108,3.2479997,8.0]},"faces":{"down":{"uv":[14.5,3.0,13.0,4.0],"rotation":0,"texture":"#0","tintindex":0},"east":{"uv":[1.5,13.5,2.5,14.5],"rotation":0,"texture":"#0","tintindex":0},"north":{"uv":[13.0,0.0,14.5,1.0],"rotation":0,"texture":"#0","tintindex":0},"south":{"uv":[13.0,1.0,14.5,2.0],"rotation":0,"texture":"#0","tintindex":0},"up":{"uv":[14.5,3.0,13.0,2.0],"rotation":0,"texture":"#0","tintindex":0},"west":{"uv":[2.5,13.5,3.5,14.5],"rotation":0,"texture":"#0","tintindex":0}}},{"name":"cube","from":[8.54,7.568,7.568],"to":[9.836,8.432,8.432],"rotation":{"angle":0.0,"axis":"x","origin":[8.108,3.2479997,8.0]},"faces":{"down":{"uv":[14.5,13.0,13.0,14.0],"rotation":0,"texture":"#0","tintindex":0},"east":{"uv":[3.5,13.5,4.5,14.5],"rotation":0,"texture":"#0","tintindex":0},"north":{"uv":[13.0,4.0,14.5,5.0],"rotation":0,"texture":"#0","tintindex":0},"south":{"uv":[7.0,13.0,8.5,14.0],"rotation":0,"texture":"#0","tintindex":0},"up":{"uv":[14.5,13.0,13.0,12.0],"rotation":0,"texture":"#0","tintindex":0},"west":{"uv":[4.5,13.5,5.5,14.5],"rotation":0,"texture":"#0","tintindex":0}}}],"display":{"head":{"translation":[0.0,-6.4,0.0],"rotation":[0.0,0.0,0.0],"scale":[3.8095,3.8095,3.8095]}}}