{
  "parent": "minecraft:item/generated",
  "textures":{
	  "layer0": "minecraft:item/book"
  },
  "overrides": [
	{ "predicate": {"custom_model_data": 1}, "model": "item/gui/none"},
	{ "predicate": {"custom_model_data": 2}, "model": "item/gui/khodo_1"},
	{ "predicate": {"custom_model_data": 3}, "model": "item/gui/khodo_2"},
	{ "predicate": {"custom_model_data": 4}, "model": "item/gui/khodo_3"},
	{ "predicate": {"custom_model_data": 5}, "model": "item/gui/khodo_4"},
	{ "predicate": {"custom_model_data": 6}, "model": "item/gui/khodo_5"},
	{ "predicate": {"custom_model_data": 7}, "model": "item/gui/khodo_6"},
	{ "predicate": {"custom_model_data": 8}, "model": "item/gui/khodo_7"},
	{ "predicate": {"custom_model_data": 9}, "model": "item/gui/khodo_8"},
	{ "predicate": {"custom_model_data": 10}, "model": "item/gui/khodo_9"},
	{ "predicate": {"custom_model_data": 11}, "model": "item/gui/caynon"},
	{ "predicate": {"custom_model_data": 12}, "model": "item/gui/caytruongthanh"},
	{ "predicate": {"custom_model_data": 13}, "model": "item/gui/caydaithu"},
	{ "predicate": {"custom_model_data": 14}, "model": "item/gui/none"},
	{ "predicate": {"custom_model_data": 15}, "model": "item/gui/none"},
	{ "predicate": {"custom_model_data": 16}, "model": "item/gui/none"},
	{ "predicate": {"custom_model_data": 17}, "model": "item/gui/binhnuoc"},
	{ "predicate": {"custom_model_data": 18}, "model": "item/gui/bichphanbon"},
	{ "predicate": {"custom_model_data": 19}, "model": "item/gui/menu_arrow"},
	{ "predicate": {"custom_model_data": 20}, "model": "item/gui/menu_bee"},
	{ "predicate": {"custom_model_data": 21}, "model": "item/gui/false"},
	{ "predicate": {"custom_model_data": 22}, "model": "item/gui/sword_hole"},
	{ "predicate": {"custom_model_data": 23}, "model": "item/gui/qback"},
        { "predicate": {"custom_model_data": 24}, "model": "item/gui/qnext"},
        { "predicate": {"custom_model_data": 25}, "model": "item/gui/close"},
        { "predicate": {"custom_model_data": 26}, "model": "item/gui/ugd"},
        { "predicate": {"custom_model_data": 27}, "model": "item/gui/wind_bundle"},
		    { "predicate": {"custom_model_data": 28}, "model": "item/gui/wind_1"},
		    { "predicate": {"custom_model_data": 29}, "model": "item/gui/wind_2"},
		    { "predicate": {"custom_model_data": 30}, "model": "item/gui/wind_3"},
		    { "predicate": {"custom_model_data": 31}, "model": "item/gui/wind_4"},
		    { "predicate": {"custom_model_data": 32}, "model": "item/gui/water_bundle"},
		    { "predicate": {"custom_model_data": 33}, "model": "item/gui/water_1"},
		    { "predicate": {"custom_model_data": 34}, "model": "item/gui/water_2"},
		    { "predicate": {"custom_model_data": 35}, "model": "item/gui/water_3"},
		    { "predicate": {"custom_model_data": 36}, "model": "item/gui/water_4"},
		    { "predicate": {"custom_model_data": 37}, "model": "item/gui/fire_bundle"},
		    { "predicate": {"custom_model_data": 38}, "model": "item/gui/fire_1"},
		    { "predicate": {"custom_model_data": 39}, "model": "item/gui/fire_2"},
		    { "predicate": {"custom_model_data": 40}, "model": "item/gui/fire_3"},
		    { "predicate": {"custom_model_data": 41}, "model": "item/gui/fire_4"},
		    { "predicate": {"custom_model_data": 42}, "model": "item/gui/earth_bundle"},
		    { "predicate": {"custom_model_data": 43}, "model": "item/gui/earth_1"},
		    { "predicate": {"custom_model_data": 44}, "model": "item/gui/earth_2"},
		    { "predicate": {"custom_model_data": 45}, "model": "item/gui/earth_3"},
		    { "predicate": {"custom_model_data": 46}, "model": "item/gui/earth_4"}	
  ]
}