{"data":365,"parent":"item/generated","textures":{"layer0":"item/leather_horse_armor"},"overrides":[{"predicate":{"custom_model_data":1},"model":"modelengine:hana/magic"},{"predicate":{"custom_model_data":2},"model":"modelengine:hana/wood"},{"predicate":{"custom_model_data":3},"model":"modelengine:hana/lefthand"},{"predicate":{"custom_model_data":4},"model":"modelengine:hana/left_arm"},{"predicate":{"custom_model_data":5},"model":"modelengine:hana/stone_sword"},{"predicate":{"custom_model_data":6},"model":"modelengine:hana/righthand"},{"predicate":{"custom_model_data":7},"model":"modelengine:hana/right_arm"},{"predicate":{"custom_model_data":8},"model":"modelengine:hana/head"},{"predicate":{"custom_model_data":9},"model":"modelengine:hana/body"},{"predicate":{"custom_model_data":10},"model":"modelengine:hana/left_frontleg"},{"predicate":{"custom_model_data":11},"model":"modelengine:hana/left_leg"},{"predicate":{"custom_model_data":12},"model":"modelengine:hana/right_frontleg"},{"predicate":{"custom_model_data":13},"model":"modelengine:hana/right_leg"},{"predicate":{"custom_model_data":14},"model":"modelengine:hana/hip"},{"predicate":{"custom_model_data":15},"model":"modelengine:bear_trap/side1"},{"predicate":{"custom_model_data":16},"model":"modelengine:bear_trap/side2"},{"predicate":{"custom_model_data":17},"model":"modelengine:bear_trap/body"},{"predicate":{"custom_model_data":18},"model":"modelengine:beararmor/rightfrontpaw"},{"predicate":{"custom_model_data":19},"model":"modelengine:beararmor/rightfrontdown"},{"predicate":{"custom_model_data":20},"model":"modelengine:beararmor/rightfrontup"},{"predicate":{"custom_model_data":21},"model":"modelengine:beararmor/leftfrontpaw"},{"predicate":{"custom_model_data":22},"model":"modelengine:beararmor/leftfrontdown"},{"predicate":{"custom_model_data":23},"model":"modelengine:beararmor/leftfrontup"},{"predicate":{"custom_model_data":24},"model":"modelengine:beararmor/leftreardown"},{"predicate":{"custom_model_data":25},"model":"modelengine:beararmor/leftrearup"},{"predicate":{"custom_model_data":26},"model":"modelengine:beararmor/rightreardown"},{"predicate":{"custom_model_data":27},"model":"modelengine:beararmor/rightrearup"},{"predicate":{"custom_model_data":28},"model":"modelengine:beararmor/lowerjaw"},{"predicate":{"custom_model_data":29},"model":"modelengine:beararmor/head"},{"predicate":{"custom_model_data":30},"model":"modelengine:beararmor/neck"},{"predicate":{"custom_model_data":31},"model":"modelengine:beararmor/body"},{"predicate":{"custom_model_data":32},"model":"modelengine:bearmeg/rightfrontpaw"},{"predicate":{"custom_model_data":33},"model":"modelengine:bearmeg/rightfrontdown"},{"predicate":{"custom_model_data":34},"model":"modelengine:bearmeg/rightfrontup"},{"predicate":{"custom_model_data":35},"model":"modelengine:bearmeg/leftfrontpaw"},{"predicate":{"custom_model_data":36},"model":"modelengine:bearmeg/leftfrontdown"},{"predicate":{"custom_model_data":37},"model":"modelengine:bearmeg/leftfrontup"},{"predicate":{"custom_model_data":38},"model":"modelengine:bearmeg/leftreardown"},{"predicate":{"custom_model_data":39},"model":"modelengine:bearmeg/leftrearup"},{"predicate":{"custom_model_data":40},"model":"modelengine:bearmeg/rightreardown"},{"predicate":{"custom_model_data":41},"model":"modelengine:bearmeg/rightrearup"},{"predicate":{"custom_model_data":42},"model":"modelengine:bearmeg/lowerjaw"},{"predicate":{"custom_model_data":43},"model":"modelengine:bearmeg/head"},{"predicate":{"custom_model_data":44},"model":"modelengine:bearmeg/neck"},{"predicate":{"custom_model_data":45},"model":"modelengine:bearmeg/body"},{"predicate":{"custom_model_data":46},"model":"modelengine:bluegraywolf/leftleg_low"},{"predicate":{"custom_model_data":47},"model":"modelengine:bluegraywolf/leftleg"},{"predicate":{"custom_model_data":48},"model":"modelengine:bluegraywolf/rightleg_low"},{"predicate":{"custom_model_data":49},"model":"modelengine:bluegraywolf/rightleg"},{"predicate":{"custom_model_data":50},"model":"modelengine:bluegraywolf/leftarm_low"},{"predicate":{"custom_model_data":51},"model":"modelengine:bluegraywolf/leftarm"},{"predicate":{"custom_model_data":52},"model":"modelengine:bluegraywolf/rightarm_low"},{"predicate":{"custom_model_data":53},"model":"modelengine:bluegraywolf/rightarm"},{"predicate":{"custom_model_data":54},"model":"modelengine:bluegraywolf/tail"},{"predicate":{"custom_model_data":55},"model":"modelengine:bluegraywolf/yaw"},{"predicate":{"custom_model_data":56},"model":"modelengine:bluegraywolf/head"},{"predicate":{"custom_model_data":57},"model":"modelengine:bluegraywolf/torso"},{"predicate":{"custom_model_data":58},"model":"modelengine:boar/neck"},{"predicate":{"custom_model_data":59},"model":"modelengine:boar/leftarm2"},{"predicate":{"custom_model_data":60},"model":"modelengine:boar/leftarm"},{"predicate":{"custom_model_data":61},"model":"modelengine:boar/rightarm2"},{"predicate":{"custom_model_data":62},"model":"modelengine:boar/rightarm"},{"predicate":{"custom_model_data":63},"model":"modelengine:boar/leftleg2"},{"predicate":{"custom_model_data":64},"model":"modelengine:boar/leftleg"},{"predicate":{"custom_model_data":65},"model":"modelengine:boar/rightleg2"},{"predicate":{"custom_model_data":66},"model":"modelengine:boar/rightleg"},{"predicate":{"custom_model_data":67},"model":"modelengine:boar/torso"},{"predicate":{"custom_model_data":68},"model":"modelengine:boar_female/neck"},{"predicate":{"custom_model_data":69},"model":"modelengine:boar_female/leftarm2"},{"predicate":{"custom_model_data":70},"model":"modelengine:boar_female/leftarm"},{"predicate":{"custom_model_data":71},"model":"modelengine:boar_female/rightarm2"},{"predicate":{"custom_model_data":72},"model":"modelengine:boar_female/rightarm"},{"predicate":{"custom_model_data":73},"model":"modelengine:boar_female/leftleg2"},{"predicate":{"custom_model_data":74},"model":"modelengine:boar_female/leftleg"},{"predicate":{"custom_model_data":75},"model":"modelengine:boar_female/rightleg2"},{"predicate":{"custom_model_data":76},"model":"modelengine:boar_female/rightleg"},{"predicate":{"custom_model_data":77},"model":"modelengine:boar_female/torso"},{"predicate":{"custom_model_data":78},"model":"modelengine:combat_dummy/head"},{"predicate":{"custom_model_data":79},"model":"modelengine:combat_dummy/body"},{"predicate":{"custom_model_data":80},"model":"modelengine:combat_dummy/base"},{"predicate":{"custom_model_data":81},"model":"modelengine:corrupted_goblin_miner/tnt1"},{"predicate":{"custom_model_data":82},"model":"modelengine:corrupted_goblin_miner/tnt2"},{"predicate":{"custom_model_data":83},"model":"modelengine:corrupted_goblin_miner/tnt3"},{"predicate":{"custom_model_data":84},"model":"modelengine:corrupted_goblin_miner/tnt4"},{"predicate":{"custom_model_data":85},"model":"modelengine:corrupted_goblin_miner/backpack"},{"predicate":{"custom_model_data":86},"model":"modelengine:corrupted_goblin_miner/head"},{"predicate":{"custom_model_data":87},"model":"modelengine:corrupted_goblin_miner/leftarm"},{"predicate":{"custom_model_data":88},"model":"modelengine:corrupted_goblin_miner/iron_pickaxe"},{"predicate":{"custom_model_data":89},"model":"modelengine:corrupted_goblin_miner/rightarm"},{"predicate":{"custom_model_data":90},"model":"modelengine:corrupted_goblin_miner/body"},{"predicate":{"custom_model_data":91},"model":"modelengine:corrupted_goblin_miner/rightfeet"},{"predicate":{"custom_model_data":92},"model":"modelengine:corrupted_goblin_miner/rightleg"},{"predicate":{"custom_model_data":93},"model":"modelengine:corrupted_goblin_miner/leftfeet"},{"predicate":{"custom_model_data":94},"model":"modelengine:corrupted_goblin_miner/leftleg"},{"predicate":{"custom_model_data":95},"model":"modelengine:corrupted_goblin_miner/butt"},{"predicate":{"custom_model_data":96},"model":"modelengine:deer/head"},{"predicate":{"custom_model_data":97},"model":"modelengine:deer/neck"},{"predicate":{"custom_model_data":98},"model":"modelengine:deer/leftleg_low"},{"predicate":{"custom_model_data":99},"model":"modelengine:deer/leftleg"},{"predicate":{"custom_model_data":100},"model":"modelengine:deer/rightleg_low"},{"predicate":{"custom_model_data":101},"model":"modelengine:deer/rightleg"},{"predicate":{"custom_model_data":102},"model":"modelengine:deer/leftarm_low"},{"predicate":{"custom_model_data":103},"model":"modelengine:deer/leftarm"},{"predicate":{"custom_model_data":104},"model":"modelengine:deer/rightarm_low"},{"predicate":{"custom_model_data":105},"model":"modelengine:deer/rightarm"},{"predicate":{"custom_model_data":106},"model":"modelengine:deer/torso"},{"predicate":{"custom_model_data":107},"model":"modelengine:deer_healing/bone"},{"predicate":{"custom_model_data":108},"model":"modelengine:deer_spirit/jaw"},{"predicate":{"custom_model_data":109},"model":"modelengine:deer_spirit/leaf1"},{"predicate":{"custom_model_data":110},"model":"modelengine:deer_spirit/leaf2"},{"predicate":{"custom_model_data":111},"model":"modelengine:deer_spirit/leaf3"},{"predicate":{"custom_model_data":112},"model":"modelengine:deer_spirit/leaf4"},{"predicate":{"custom_model_data":113},"model":"modelengine:deer_spirit/leaf5"},{"predicate":{"custom_model_data":114},"model":"modelengine:deer_spirit/head"},{"predicate":{"custom_model_data":115},"model":"modelengine:deer_spirit/neck"},{"predicate":{"custom_model_data":116},"model":"modelengine:deer_spirit/left_hand"},{"predicate":{"custom_model_data":117},"model":"modelengine:deer_spirit/left_frontarm"},{"predicate":{"custom_model_data":118},"model":"modelengine:deer_spirit/left_arm"},{"predicate":{"custom_model_data":119},"model":"modelengine:deer_spirit/right_hand"},{"predicate":{"custom_model_data":120},"model":"modelengine:deer_spirit/right_frontarm"},{"predicate":{"custom_model_data":121},"model":"modelengine:deer_spirit/right_arm"},{"predicate":{"custom_model_data":122},"model":"modelengine:deer_spirit/body"},{"predicate":{"custom_model_data":123},"model":"modelengine:deer_spirit/left_foot"},{"predicate":{"custom_model_data":124},"model":"modelengine:deer_spirit/left_frontleg"},{"predicate":{"custom_model_data":125},"model":"modelengine:deer_spirit/left_leg"},{"predicate":{"custom_model_data":126},"model":"modelengine:deer_spirit/right_foot"},{"predicate":{"custom_model_data":127},"model":"modelengine:deer_spirit/right_frontleg"},{"predicate":{"custom_model_data":128},"model":"modelengine:deer_spirit/right_leg"},{"predicate":{"custom_model_data":129},"model":"modelengine:deer_spirit/hip"},{"predicate":{"custom_model_data":130},"model":"modelengine:desert_swirl/body"},{"predicate":{"custom_model_data":131},"model":"modelengine:desert_swirl/botring"},{"predicate":{"custom_model_data":132},"model":"modelengine:desert_swirl/midring"},{"predicate":{"custom_model_data":133},"model":"modelengine:desert_swirl/topring"},{"predicate":{"custom_model_data":134},"model":"modelengine:dungeon_spike/plate"},{"predicate":{"custom_model_data":135},"model":"modelengine:dungeon_spike/spike"},{"predicate":{"custom_model_data":136},"model":"modelengine:dungeon_statue/base"},{"predicate":{"custom_model_data":137},"model":"modelengine:dungeon_statue/jaw"},{"predicate":{"custom_model_data":138},"model":"modelengine:dungeon_statue/head"},{"predicate":{"custom_model_data":139},"model":"modelengine:dungeon_statue/neck"},{"predicate":{"custom_model_data":140},"model":"modelengine:dungeon_statue/body"},{"predicate":{"custom_model_data":141},"model":"modelengine:dungeon_statue/left_wing_end"},{"predicate":{"custom_model_data":142},"model":"modelengine:dungeon_statue/left_wing_mid"},{"predicate":{"custom_model_data":143},"model":"modelengine:dungeon_statue/left_wing_base"},{"predicate":{"custom_model_data":144},"model":"modelengine:dungeon_statue/right_wing_end"},{"predicate":{"custom_model_data":145},"model":"modelengine:dungeon_statue/right_wing_mid"},{"predicate":{"custom_model_data":146},"model":"modelengine:dungeon_statue/right_wing_base"},{"predicate":{"custom_model_data":147},"model":"modelengine:explosive_barrel/mid"},{"predicate":{"custom_model_data":148},"model":"modelengine:femaledeer/head"},{"predicate":{"custom_model_data":149},"model":"modelengine:femaledeer/neck"},{"predicate":{"custom_model_data":150},"model":"modelengine:femaledeer/leftleg_low"},{"predicate":{"custom_model_data":151},"model":"modelengine:femaledeer/leftleg"},{"predicate":{"custom_model_data":152},"model":"modelengine:femaledeer/rightleg_low"},{"predicate":{"custom_model_data":153},"model":"modelengine:femaledeer/rightleg"},{"predicate":{"custom_model_data":154},"model":"modelengine:femaledeer/leftarm_low"},{"predicate":{"custom_model_data":155},"model":"modelengine:femaledeer/leftarm"},{"predicate":{"custom_model_data":156},"model":"modelengine:femaledeer/rightarm_low"},{"predicate":{"custom_model_data":157},"model":"modelengine:femaledeer/rightarm"},{"predicate":{"custom_model_data":158},"model":"modelengine:femaledeer/torso"},{"predicate":{"custom_model_data":159},"model":"modelengine:freemob/froghead"},{"predicate":{"custom_model_data":160},"model":"modelengine:freemob/leftarm_low"},{"predicate":{"custom_model_data":161},"model":"modelengine:freemob/leftarm"},{"predicate":{"custom_model_data":162},"model":"modelengine:freemob/leftleg_low"},{"predicate":{"custom_model_data":163},"model":"modelengine:freemob/leftleg"},{"predicate":{"custom_model_data":164},"model":"modelengine:freemob/rightleg_low"},{"predicate":{"custom_model_data":165},"model":"modelengine:freemob/rightleg"},{"predicate":{"custom_model_data":166},"model":"modelengine:freemob/rightarm_low"},{"predicate":{"custom_model_data":167},"model":"modelengine:freemob/rightarm"},{"predicate":{"custom_model_data":168},"model":"modelengine:freemob/torso"},{"predicate":{"custom_model_data":169},"model":"modelengine:health_pack/base"},{"predicate":{"custom_model_data":170},"model":"modelengine:health_pack/cross"},{"predicate":{"custom_model_data":171},"model":"modelengine:light_beam/body"},{"predicate":{"custom_model_data":172},"model":"modelengine:nocsy_dragon/right_bout"},{"predicate":{"custom_model_data":173},"model":"modelengine:nocsy_dragon/right_wing_part2"},{"predicate":{"custom_model_data":174},"model":"modelengine:nocsy_dragon/right_wing_part"},{"predicate":{"custom_model_data":175},"model":"modelengine:nocsy_dragon/right_wing"},{"predicate":{"custom_model_data":176},"model":"modelengine:nocsy_dragon/left_bout"},{"predicate":{"custom_model_data":177},"model":"modelengine:nocsy_dragon/left_wing_part2"},{"predicate":{"custom_model_data":178},"model":"modelengine:nocsy_dragon/left_wing_part"},{"predicate":{"custom_model_data":179},"model":"modelengine:nocsy_dragon/left_wing"},{"predicate":{"custom_model_data":180},"model":"modelengine:nocsy_dragon/horn_left"},{"predicate":{"custom_model_data":181},"model":"modelengine:nocsy_dragon/horn_left2"},{"predicate":{"custom_model_data":182},"model":"modelengine:nocsy_dragon/horn_left3"},{"predicate":{"custom_model_data":183},"model":"modelengine:nocsy_dragon/horn_right4"},{"predicate":{"custom_model_data":184},"model":"modelengine:nocsy_dragon/front"},{"predicate":{"custom_model_data":185},"model":"modelengine:nocsy_dragon/machoire"},{"predicate":{"custom_model_data":186},"model":"modelengine:nocsy_dragon/eye_lash_right"},{"predicate":{"custom_model_data":187},"model":"modelengine:nocsy_dragon/eye_lash_left"},{"predicate":{"custom_model_data":188},"model":"modelengine:nocsy_dragon/head"},{"predicate":{"custom_model_data":189},"model":"modelengine:nocsy_dragon/neck"},{"predicate":{"custom_model_data":190},"model":"modelengine:nocsy_dragon/tail_end"},{"predicate":{"custom_model_data":191},"model":"modelengine:nocsy_dragon/tail"},{"predicate":{"custom_model_data":192},"model":"modelengine:nocsy_dragon/left_back_leg_fingers"},{"predicate":{"custom_model_data":193},"model":"modelengine:nocsy_dragon/patte_arriere_right"},{"predicate":{"custom_model_data":194},"model":"modelengine:nocsy_dragon/right_back_leg_fingers"},{"predicate":{"custom_model_data":195},"model":"modelengine:nocsy_dragon/patte_arriere_left"},{"predicate":{"custom_model_data":196},"model":"modelengine:nocsy_dragon/left_forward_hang"},{"predicate":{"custom_model_data":197},"model":"modelengine:nocsy_dragon/patte_avant_right"},{"predicate":{"custom_model_data":198},"model":"modelengine:nocsy_dragon/right_forward_hang"},{"predicate":{"custom_model_data":199},"model":"modelengine:nocsy_dragon/patte_avant_left"},{"predicate":{"custom_model_data":200},"model":"modelengine:nocsy_dragon/body"},{"predicate":{"custom_model_data":201},"model":"modelengine:slime_pit/5"},{"predicate":{"custom_model_data":202},"model":"modelengine:slime_pit/4"},{"predicate":{"custom_model_data":203},"model":"modelengine:slime_pit/3"},{"predicate":{"custom_model_data":204},"model":"modelengine:slime_pit/2"},{"predicate":{"custom_model_data":205},"model":"modelengine:slime_pit/1"},{"predicate":{"custom_model_data":206},"model":"modelengine:slime_pit/base"},{"predicate":{"custom_model_data":207},"model":"modelengine:swamp_frog/blfl"},{"predicate":{"custom_model_data":208},"model":"modelengine:swamp_frog/bll"},{"predicate":{"custom_model_data":209},"model":"modelengine:swamp_frog/blfr"},{"predicate":{"custom_model_data":210},"model":"modelengine:swamp_frog/blr"},{"predicate":{"custom_model_data":211},"model":"modelengine:swamp_frog/mouth"},{"predicate":{"custom_model_data":212},"model":"modelengine:swamp_frog/bone4"},{"predicate":{"custom_model_data":213},"model":"modelengine:swamp_frog/bone3"},{"predicate":{"custom_model_data":214},"model":"modelengine:swamp_frog/bone2"},{"predicate":{"custom_model_data":215},"model":"modelengine:swamp_frog/bone"},{"predicate":{"custom_model_data":216},"model":"modelengine:swamp_frog/bone8"},{"predicate":{"custom_model_data":217},"model":"modelengine:swamp_frog/bone7"},{"predicate":{"custom_model_data":218},"model":"modelengine:swamp_frog/bone6"},{"predicate":{"custom_model_data":219},"model":"modelengine:swamp_frog/bone5"},{"predicate":{"custom_model_data":220},"model":"modelengine:swamp_frog/head"},{"predicate":{"custom_model_data":221},"model":"modelengine:swamp_frog/bubble"},{"predicate":{"custom_model_data":222},"model":"modelengine:swamp_frog/fll"},{"predicate":{"custom_model_data":223},"model":"modelengine:swamp_frog/flr"},{"predicate":{"custom_model_data":224},"model":"modelengine:swamp_frog/bd"},{"predicate":{"custom_model_data":225},"model":"modelengine:the_wasteland_beast/mouth"},{"predicate":{"custom_model_data":226},"model":"modelengine:the_wasteland_beast/head"},{"predicate":{"custom_model_data":227},"model":"modelengine:the_wasteland_beast/lfeet"},{"predicate":{"custom_model_data":228},"model":"modelengine:the_wasteland_beast/furl"},{"predicate":{"custom_model_data":229},"model":"modelengine:the_wasteland_beast/fl"},{"predicate":{"custom_model_data":230},"model":"modelengine:the_wasteland_beast/rfeet"},{"predicate":{"custom_model_data":231},"model":"modelengine:the_wasteland_beast/furr"},{"predicate":{"custom_model_data":232},"model":"modelengine:the_wasteland_beast/fr"},{"predicate":{"custom_model_data":233},"model":"modelengine:the_wasteland_beast/flag"},{"predicate":{"custom_model_data":234},"model":"modelengine:the_wasteland_beast/rope"},{"predicate":{"custom_model_data":235},"model":"modelengine:the_wasteland_beast/upperbody"},{"predicate":{"custom_model_data":236},"model":"modelengine:the_wasteland_beast/tail3"},{"predicate":{"custom_model_data":237},"model":"modelengine:the_wasteland_beast/tail2"},{"predicate":{"custom_model_data":238},"model":"modelengine:the_wasteland_beast/tail1"},{"predicate":{"custom_model_data":239},"model":"modelengine:the_wasteland_beast/bll"},{"predicate":{"custom_model_data":240},"model":"modelengine:the_wasteland_beast/bl"},{"predicate":{"custom_model_data":241},"model":"modelengine:the_wasteland_beast/brr"},{"predicate":{"custom_model_data":242},"model":"modelengine:the_wasteland_beast/br"},{"predicate":{"custom_model_data":243},"model":"modelengine:the_wasteland_beast/bd"},{"predicate":{"custom_model_data":244},"model":"modelengine:tree/base"},{"predicate":{"custom_model_data":245},"model":"modelengine:tree/body"},{"predicate":{"custom_model_data":246},"model":"modelengine:tree/bone"},{"predicate":{"custom_model_data":247},"model":"modelengine:tree/bone2"},{"predicate":{"custom_model_data":248},"model":"modelengine:tree/bone3"},{"predicate":{"custom_model_data":249},"model":"modelengine:tree/bone4"},{"predicate":{"custom_model_data":250},"model":"modelengine:tree/bone5"},{"predicate":{"custom_model_data":251},"model":"modelengine:tree/bone6"},{"predicate":{"custom_model_data":252},"model":"modelengine:tree/bone7"},{"predicate":{"custom_model_data":253},"model":"modelengine:tree/bone9"},{"predicate":{"custom_model_data":254},"model":"modelengine:tribal_minion/head"},{"predicate":{"custom_model_data":255},"model":"modelengine:tribal_minion/spear"},{"predicate":{"custom_model_data":256},"model":"modelengine:tribal_minion/right_arm2"},{"predicate":{"custom_model_data":257},"model":"modelengine:tribal_minion/right_arm"},{"predicate":{"custom_model_data":258},"model":"modelengine:tribal_minion/left_arm2"},{"predicate":{"custom_model_data":259},"model":"modelengine:tribal_minion/left_arm"},{"predicate":{"custom_model_data":260},"model":"modelengine:tribal_minion/upper"},{"predicate":{"custom_model_data":261},"model":"modelengine:tribal_minion/right_feet"},{"predicate":{"custom_model_data":262},"model":"modelengine:tribal_minion/right_leg2"},{"predicate":{"custom_model_data":263},"model":"modelengine:tribal_minion/right_leg"},{"predicate":{"custom_model_data":264},"model":"modelengine:tribal_minion/left_feet"},{"predicate":{"custom_model_data":265},"model":"modelengine:tribal_minion/left_leg2"},{"predicate":{"custom_model_data":266},"model":"modelengine:tribal_minion/left_leg"},{"predicate":{"custom_model_data":267},"model":"modelengine:tribal_shaman/clothright"},{"predicate":{"custom_model_data":268},"model":"modelengine:tribal_shaman/clothleft"},{"predicate":{"custom_model_data":269},"model":"modelengine:tribal_shaman/cloth"},{"predicate":{"custom_model_data":270},"model":"modelengine:tribal_shaman/right_feet"},{"predicate":{"custom_model_data":271},"model":"modelengine:tribal_shaman/right_leg2"},{"predicate":{"custom_model_data":272},"model":"modelengine:tribal_shaman/right_leg"},{"predicate":{"custom_model_data":273},"model":"modelengine:tribal_shaman/left_feet"},{"predicate":{"custom_model_data":274},"model":"modelengine:tribal_shaman/left_leg2"},{"predicate":{"custom_model_data":275},"model":"modelengine:tribal_shaman/left_leg"},{"predicate":{"custom_model_data":276},"model":"modelengine:tribal_shaman/cape3"},{"predicate":{"custom_model_data":277},"model":"modelengine:tribal_shaman/cape2"},{"predicate":{"custom_model_data":278},"model":"modelengine:tribal_shaman/cape1"},{"predicate":{"custom_model_data":279},"model":"modelengine:tribal_shaman/horn"},{"predicate":{"custom_model_data":280},"model":"modelengine:tribal_shaman/head"},{"predicate":{"custom_model_data":281},"model":"modelengine:tribal_shaman/neck"},{"predicate":{"custom_model_data":282},"model":"modelengine:tribal_shaman/decofront"},{"predicate":{"custom_model_data":283},"model":"modelengine:tribal_shaman/skull"},{"predicate":{"custom_model_data":284},"model":"modelengine:tribal_shaman/sign"},{"predicate":{"custom_model_data":285},"model":"modelengine:tribal_shaman/right_arm2"},{"predicate":{"custom_model_data":286},"model":"modelengine:tribal_shaman/right_arm"},{"predicate":{"custom_model_data":287},"model":"modelengine:tribal_shaman/urn"},{"predicate":{"custom_model_data":288},"model":"modelengine:tribal_shaman/left_arm2"},{"predicate":{"custom_model_data":289},"model":"modelengine:tribal_shaman/left_arm"},{"predicate":{"custom_model_data":290},"model":"modelengine:tribal_shaman/upperbody"},{"predicate":{"custom_model_data":291},"model":"modelengine:tribal_shaman/body"},{"predicate":{"custom_model_data":292},"model":"modelengine:tribal_shaman_totem_damage/skull4"},{"predicate":{"custom_model_data":293},"model":"modelengine:tribal_shaman_totem_damage/skull3"},{"predicate":{"custom_model_data":294},"model":"modelengine:tribal_shaman_totem_damage/skull2"},{"predicate":{"custom_model_data":295},"model":"modelengine:tribal_shaman_totem_damage/skull1"},{"predicate":{"custom_model_data":296},"model":"modelengine:tribal_shaman_totem_damage/totem"},{"predicate":{"custom_model_data":297},"model":"modelengine:tribal_shaman_totem_damage_skull/skull1"},{"predicate":{"custom_model_data":298},"model":"modelengine:tribal_shaman_totem_field/yop"},{"predicate":{"custom_model_data":299},"model":"modelengine:tribal_shaman_totem_field/totem"},{"predicate":{"custom_model_data":300},"model":"modelengine:tribal_shaman_totem_heal/swing2"},{"predicate":{"custom_model_data":301},"model":"modelengine:tribal_shaman_totem_heal/swing1"},{"predicate":{"custom_model_data":302},"model":"modelengine:tribal_shaman_totem_heal/yop"},{"predicate":{"custom_model_data":303},"model":"modelengine:tribal_shaman_totem_heal/totem"},{"predicate":{"custom_model_data":304},"model":"modelengine:tribal_shaman_urn/urn"},{"predicate":{"custom_model_data":305},"model":"modelengine:voodoo_bugs/back"},{"predicate":{"custom_model_data":306},"model":"modelengine:voodoo_bugs/head"},{"predicate":{"custom_model_data":307},"model":"modelengine:voodoo_bugs/bone6"},{"predicate":{"custom_model_data":308},"model":"modelengine:voodoo_bugs/bone"},{"predicate":{"custom_model_data":309},"model":"modelengine:voodoo_bugs/bone2"},{"predicate":{"custom_model_data":310},"model":"modelengine:voodoo_bugs/bone3"},{"predicate":{"custom_model_data":311},"model":"modelengine:voodoo_bugs/bone4"},{"predicate":{"custom_model_data":312},"model":"modelengine:voodoo_bugs/bone5"},{"predicate":{"custom_model_data":313},"model":"modelengine:voodoo_bugs/body"},{"predicate":{"custom_model_data":314},"model":"modelengine:warden/chain"},{"predicate":{"custom_model_data":315},"model":"modelengine:warden/sword"},{"predicate":{"custom_model_data":316},"model":"modelengine:warden/frontright"},{"predicate":{"custom_model_data":317},"model":"modelengine:warden/rightarm"},{"predicate":{"custom_model_data":318},"model":"modelengine:warden/frontleft"},{"predicate":{"custom_model_data":319},"model":"modelengine:warden/feather1"},{"predicate":{"custom_model_data":320},"model":"modelengine:warden/feather2"},{"predicate":{"custom_model_data":321},"model":"modelengine:warden/leftarm"},{"predicate":{"custom_model_data":322},"model":"modelengine:warden/head"},{"predicate":{"custom_model_data":323},"model":"modelengine:warden/neck"},{"predicate":{"custom_model_data":324},"model":"modelengine:warden/upperbody"},{"predicate":{"custom_model_data":325},"model":"modelengine:warden/rightfeet"},{"predicate":{"custom_model_data":326},"model":"modelengine:warden/rightleg2"},{"predicate":{"custom_model_data":327},"model":"modelengine:warden/rightleg"},{"predicate":{"custom_model_data":328},"model":"modelengine:warden/leftfeet"},{"predicate":{"custom_model_data":329},"model":"modelengine:warden/leftleg2"},{"predicate":{"custom_model_data":330},"model":"modelengine:warden/leftleg"},{"predicate":{"custom_model_data":331},"model":"modelengine:warden/body"},{"predicate":{"custom_model_data":332},"model":"modelengine:wasteland_crawler/shield"},{"predicate":{"custom_model_data":333},"model":"modelengine:wasteland_crawler/l0"},{"predicate":{"custom_model_data":334},"model":"modelengine:wasteland_crawler/r0"},{"predicate":{"custom_model_data":335},"model":"modelengine:wasteland_crawler/tl"},{"predicate":{"custom_model_data":336},"model":"modelengine:wasteland_crawler/tr"},{"predicate":{"custom_model_data":337},"model":"modelengine:wasteland_crawler/head"},{"predicate":{"custom_model_data":338},"model":"modelengine:wasteland_crawler/r3"},{"predicate":{"custom_model_data":339},"model":"modelengine:wasteland_crawler/l3"},{"predicate":{"custom_model_data":340},"model":"modelengine:wasteland_crawler/l2"},{"predicate":{"custom_model_data":341},"model":"modelengine:wasteland_crawler/r1"},{"predicate":{"custom_model_data":342},"model":"modelengine:wasteland_crawler/r2"},{"predicate":{"custom_model_data":343},"model":"modelengine:wasteland_crawler/l1"},{"predicate":{"custom_model_data":344},"model":"modelengine:wasteland_crawler/bd"},{"predicate":{"custom_model_data":345},"model":"modelengine:wasteland_ghoul/rfeet"},{"predicate":{"custom_model_data":346},"model":"modelengine:wasteland_ghoul/rightleg"},{"predicate":{"custom_model_data":347},"model":"modelengine:wasteland_ghoul/lfeet"},{"predicate":{"custom_model_data":348},"model":"modelengine:wasteland_ghoul/leftleg"},{"predicate":{"custom_model_data":349},"model":"modelengine:wasteland_ghoul/rightarmlower"},{"predicate":{"custom_model_data":350},"model":"modelengine:wasteland_ghoul/rightarmupper"},{"predicate":{"custom_model_data":351},"model":"modelengine:wasteland_ghoul/leftarmlower"},{"predicate":{"custom_model_data":352},"model":"modelengine:wasteland_ghoul/leftarmupper"},{"predicate":{"custom_model_data":353},"model":"modelengine:wasteland_ghoul/head"},{"predicate":{"custom_model_data":354},"model":"modelengine:wasteland_ghoul/upperbody"},{"predicate":{"custom_model_data":355},"model":"modelengine:wasteland_spitter/rl"},{"predicate":{"custom_model_data":356},"model":"modelengine:wasteland_spitter/ll"},{"predicate":{"custom_model_data":357},"model":"modelengine:wasteland_spitter/lla"},{"predicate":{"custom_model_data":358},"model":"modelengine:wasteland_spitter/la"},{"predicate":{"custom_model_data":359},"model":"modelengine:wasteland_spitter/rra"},{"predicate":{"custom_model_data":360},"model":"modelengine:wasteland_spitter/ra"},{"predicate":{"custom_model_data":361},"model":"modelengine:wasteland_spitter/mouth"},{"predicate":{"custom_model_data":362},"model":"modelengine:wasteland_spitter/head"},{"predicate":{"custom_model_data":363},"model":"modelengine:wasteland_spitter/neck2"},{"predicate":{"custom_model_data":364},"model":"modelengine:wasteland_spitter/neck1"},{"predicate":{"custom_model_data":365},"model":"modelengine:wasteland_spitter/upper"}]}