{"textures":{"0":"modelengine:entity/combat_dummy"},"elements":[{"name":"cube","from":[6.8,8.6,6.8],"to":[9.2,9.8,9.2],"rotation":{"angle":0.0,"axis":"x","origin":[8.0,6.8,8.0]},"faces":{"down":{"uv":[4.25,9.5,4.75,9.75],"rotation":0,"texture":"#0","tintindex":0},"east":{"uv":[4.25,9.5,4.75,9.75],"rotation":0,"texture":"#0","tintindex":0},"north":{"uv":[4.25,9.5,4.75,9.75],"rotation":0,"texture":"#0","tintindex":0},"south":{"uv":[4.25,9.5,4.75,9.75],"rotation":0,"texture":"#0","tintindex":0},"up":{"uv":[4.25,10.125,4.75,10.625],"rotation":0,"texture":"#0","tintindex":0},"west":{"uv":[4.25,9.5,4.75,9.75],"rotation":0,"texture":"#0","tintindex":0}}},{"name":"cube","from":[3.7999997,6.8,3.7999997],"to":[12.2,8.6,12.2],"rotation":{"angle":0.0,"axis":"x","origin":[8.0,6.8,8.0]},"faces":{"down":{"uv":[0.0,0.0,8.0,8.0],"rotation":0,"texture":"#0","tintindex":0},"east":{"uv":[8.0,0.0,16.0,1.375],"rotation":0,"texture":"#0","tintindex":0},"north":{"uv":[8.0,2.125,16.0,3.5],"rotation":0,"texture":"#0","tintindex":0},"south":{"uv":[8.0,4.625,16.0,6.0],"rotation":0,"texture":"#0","tintindex":0},"up":{"uv":[0.0,0.0,8.0,8.0],"rotation":0,"texture":"#0","tintindex":0},"west":{"uv":[8.0,4.625,16.0,6.0],"rotation":0,"texture":"#0","tintindex":0}}}],"display":{"head":{"translation":[0.0,-6.4,0.0],"rotation":[0.0,0.0,0.0],"scale":[3.8095,3.8095,3.8095]}}}