{"textures":{"0":"modelengine:entity/combat_dummy"},"elements":[{"name":"cube","from":[5.6,7.4,5.6],"to":[10.4,12.2,10.4],"rotation":{"angle":0.0,"axis":"x","origin":[8.0,-12.400001,8.0]},"faces":{"down":{"uv":[1.75,8.0,2.75,9.0],"rotation":0,"texture":"#0","tintindex":0},"east":{"uv":[1.75,8.0,2.75,9.0],"rotation":0,"texture":"#0","tintindex":0},"north":{"uv":[2.75,8.0,3.75,9.0],"rotation":0,"texture":"#0","tintindex":0},"south":{"uv":[1.75,8.0,2.75,9.0],"rotation":0,"texture":"#0","tintindex":0},"up":{"uv":[1.75,8.0,2.75,9.0],"rotation":0,"texture":"#0","tintindex":0},"west":{"uv":[1.75,8.0,2.75,9.0],"rotation":0,"texture":"#0","tintindex":0}}}],"display":{"head":{"translation":[0.0,-6.4,0.0],"rotation":[0.0,0.0,0.0],"scale":[3.8095,3.8095,3.8095]}}}