{
	"credit": "Made with Blockbench",
	"textures": {
		"particle": "weapon/greatsword/unnamed_greatsword",
		"voxels_atlas": "weapon/greatsword/unnamed_greatsword"
	},
	"elements": [
		{
			"name": "Voxels",
			"from": [7, 7.5, 9.25],
			"to": [8.75, 8.75, 9.5],
			"faces": {
				"north": {"uv": [4.25, 15, 3.375, 15.625], "texture": "#voxels_atlas"},
				"east": {"uv": [3.25, 8.75, 3.125, 9.375], "texture": "#voxels_atlas"},
				"south": {"uv": [4.25, 15, 5.125, 15.625], "texture": "#voxels_atlas"},
				"west": {"uv": [3.125, 9.375, 3.25, 10], "texture": "#voxels_atlas"},
				"up": {"uv": [6, 15.125, 6.875, 15], "texture": "#voxels_atlas"},
				"down": {"uv": [5.125, 15, 6, 15.125], "texture": "#voxels_atlas"}
			}
		},
		{
			"name": "Voxels",
			"from": [7.25, 7.25, 9.25],
			"to": [8.5, 7.5, 9.5],
			"faces": {
				"north": {"uv": [7.5, 12.5, 6.875, 12.625], "texture": "#voxels_atlas"},
				"east": {"uv": [8, 12, 7.875, 12.125], "texture": "#voxels_atlas"},
				"south": {"uv": [6.875, 12.375, 7.5, 12.5], "texture": "#voxels_atlas"},
				"west": {"uv": [7.75, 11.875, 7.875, 12], "texture": "#voxels_atlas"},
				"up": {"uv": [6.25, 12.5, 6.875, 12.375], "texture": "#voxels_atlas"},
				"down": {"uv": [6.25, 12.5, 6.875, 12.625], "texture": "#voxels_atlas"}
			}
		},
		{
			"name": "Voxels",
			"from": [7.25, 7.75, 9.5],
			"to": [8.5, 8.5, 24.25],
			"faces": {
				"north": {"uv": [7.75, 13.5, 7.125, 13.875], "texture": "#voxels_atlas"},
				"east": {"uv": [7.375, 7.875, 0, 8.25], "texture": "#voxels_atlas"},
				"south": {"uv": [7.125, 13.875, 7.75, 14.25], "texture": "#voxels_atlas"},
				"west": {"uv": [0, 8.25, 7.375, 8.625], "texture": "#voxels_atlas"},
				"up": {"uv": [0.625, 16, 1.25, 8.625], "texture": "#voxels_atlas"},
				"down": {"uv": [0, 8.625, 0.625, 16], "texture": "#voxels_atlas"}
			}
		},
		{
			"name": "Voxels",
			"from": [7.25, 8.75, 9.25],
			"to": [8.5, 9, 9.5],
			"faces": {
				"north": {"uv": [5.875, 12.25, 5.25, 12.375], "texture": "#voxels_atlas"},
				"east": {"uv": [6.375, 11.625, 6.25, 11.75], "texture": "#voxels_atlas"},
				"south": {"uv": [4.625, 12.25, 5.25, 12.375], "texture": "#voxels_atlas"},
				"west": {"uv": [6.25, 11.5, 6.375, 11.625], "texture": "#voxels_atlas"},
				"up": {"uv": [5.875, 12.375, 6.5, 12.25], "texture": "#voxels_atlas"},
				"down": {"uv": [6.5, 12.25, 7.125, 12.375], "texture": "#voxels_atlas"}
			}
		},
		{
			"name": "Voxels",
			"from": [7.5, 7, 9.25],
			"to": [8.25, 7.25, 9.5],
			"faces": {
				"north": {"uv": [4.75, 9.375, 4.375, 9.5], "texture": "#voxels_atlas"},
				"east": {"uv": [6, 11.625, 5.875, 11.75], "texture": "#voxels_atlas"},
				"south": {"uv": [4.375, 9.25, 4.75, 9.375], "texture": "#voxels_atlas"},
				"west": {"uv": [5.875, 11.5, 6, 11.625], "texture": "#voxels_atlas"},
				"up": {"uv": [4.375, 9.625, 4.75, 9.5], "texture": "#voxels_atlas"},
				"down": {"uv": [4.375, 9.625, 4.75, 9.75], "texture": "#voxels_atlas"}
			}
		},
		{
			"name": "Voxels",
			"from": [7.5, 7.5, 9.5],
			"to": [8.25, 7.75, 24.25],
			"faces": {
				"north": {"uv": [4.75, 9.125, 4.375, 9.25], "texture": "#voxels_atlas"},
				"east": {"uv": [7.375, 6.875, 0, 7], "texture": "#voxels_atlas"},
				"south": {"uv": [4.375, 9, 4.75, 9.125], "texture": "#voxels_atlas"},
				"west": {"uv": [0, 7, 7.375, 7.125], "texture": "#voxels_atlas"},
				"up": {"uv": [1.625, 16, 2, 8.625], "texture": "#voxels_atlas"},
				"down": {"uv": [1.25, 8.625, 1.625, 16], "texture": "#voxels_atlas"}
			}
		},
		{
			"name": "Voxels",
			"from": [7.5, 7.75, 24.25],
			"to": [8.25, 8.5, 24.5],
			"faces": {
				"north": {"uv": [5.625, 13, 5.25, 13.375], "texture": "#voxels_atlas"},
				"east": {"uv": [4, 8.75, 3.875, 9.125], "texture": "#voxels_atlas"},
				"south": {"uv": [3.375, 11.125, 3.75, 11.5], "texture": "#voxels_atlas"},
				"west": {"uv": [3.75, 8.75, 3.875, 9.125], "texture": "#voxels_atlas"},
				"up": {"uv": [4.375, 8.875, 4.75, 8.75], "texture": "#voxels_atlas"},
				"down": {"uv": [4.375, 8.875, 4.75, 9], "texture": "#voxels_atlas"}
			}
		},
		{
			"name": "Voxels",
			"from": [7.5, 8, -2],
			"to": [8.25, 10, -1.25],
			"faces": {
				"north": {"uv": [3.125, 8.625, 2.75, 9.625], "texture": "#voxels_atlas"},
				"east": {"uv": [4.125, 13.25, 3.75, 14.25], "texture": "#voxels_atlas"},
				"south": {"uv": [4.5, 13.25, 4.875, 14.25], "texture": "#voxels_atlas"},
				"west": {"uv": [4.125, 13.25, 4.5, 14.25], "texture": "#voxels_atlas"},
				"up": {"uv": [7.5, 16, 7.875, 15.625], "texture": "#voxels_atlas"},
				"down": {"uv": [4.5, 12.625, 4.875, 13], "texture": "#voxels_atlas"}
			}
		},
		{
			"name": "Voxels",
			"from": [7.5, 8, -1.25],
			"to": [8.25, 9.5, 0],
			"faces": {
				"north": {"uv": [6.25, 14.25, 5.875, 15], "texture": "#voxels_atlas"},
				"east": {"uv": [4.625, 14.25, 4, 15], "texture": "#voxels_atlas"},
				"south": {"uv": [7.375, 14.25, 7.75, 15], "texture": "#voxels_atlas"},
				"west": {"uv": [3.375, 14.25, 4, 15], "texture": "#voxels_atlas"},
				"up": {"uv": [6.375, 14.25, 6.75, 13.625], "texture": "#voxels_atlas"},
				"down": {"uv": [6, 13, 6.375, 13.625], "texture": "#voxels_atlas"}
			}
		},
		{
			"name": "Voxels",
			"from": [7.5, 8, 0],
			"to": [8.25, 9.25, 0.25],
			"faces": {
				"north": {"uv": [6.75, 13, 6.375, 13.625], "texture": "#voxels_atlas"},
				"east": {"uv": [3.375, 8.75, 3.25, 9.375], "texture": "#voxels_atlas"},
				"south": {"uv": [6.75, 13.625, 7.125, 14.25], "texture": "#voxels_atlas"},
				"west": {"uv": [3.25, 9.375, 3.375, 10], "texture": "#voxels_atlas"},
				"up": {"uv": [4.75, 11.875, 5.125, 11.75], "texture": "#voxels_atlas"},
				"down": {"uv": [4.375, 8.625, 4.75, 8.75], "texture": "#voxels_atlas"}
			}
		},
		{
			"name": "Voxels",
			"from": [7.5, 8, 0.25],
			"to": [8.25, 9, 2],
			"faces": {
				"north": {"uv": [3.75, 11.875, 3.375, 12.375], "texture": "#voxels_atlas"},
				"east": {"uv": [6, 15.125, 5.125, 15.625], "texture": "#voxels_atlas"},
				"south": {"uv": [7.5, 13, 7.875, 13.5], "texture": "#voxels_atlas"},
				"west": {"uv": [6, 15.125, 6.875, 15.625], "texture": "#voxels_atlas"},
				"up": {"uv": [5.25, 14.25, 5.625, 13.375], "texture": "#voxels_atlas"},
				"down": {"uv": [4.875, 13.375, 5.25, 14.25], "texture": "#voxels_atlas"}
			}
		},
		{
			"name": "Voxels",
			"from": [7.5, 8, 2],
			"to": [8.25, 8.75, 6.75],
			"faces": {
				"north": {"uv": [3.75, 9.625, 3.375, 10], "texture": "#voxels_atlas"},
				"east": {"uv": [5.125, 15.625, 2.75, 16], "texture": "#voxels_atlas"},
				"south": {"uv": [3.75, 12.625, 4.125, 13], "texture": "#voxels_atlas"},
				"west": {"uv": [5.125, 15.625, 7.5, 16], "texture": "#voxels_atlas"},
				"up": {"uv": [2.75, 13.25, 3.125, 10.875], "texture": "#voxels_atlas"},
				"down": {"uv": [2.75, 13.25, 3.125, 15.625], "texture": "#voxels_atlas"}
			}
		},
		{
			"name": "Voxels",
			"from": [7.5, 8, 6.75],
			"to": [8.25, 8.5, 9.25],
			"faces": {
				"north": {"uv": [3.75, 8.625, 3.375, 8.875], "texture": "#voxels_atlas"},
				"east": {"uv": [5.875, 14.75, 4.625, 15], "texture": "#voxels_atlas"},
				"south": {"uv": [5.625, 12.75, 6, 13], "texture": "#voxels_atlas"},
				"west": {"uv": [4.625, 14.5, 5.875, 14.75], "texture": "#voxels_atlas"},
				"up": {"uv": [3.375, 14.25, 3.75, 13], "texture": "#voxels_atlas"},
				"down": {"uv": [2.75, 9.625, 3.125, 10.875], "texture": "#voxels_atlas"}
			}
		},
		{
			"name": "Voxels",
			"from": [7.5, 8.25, -2.75],
			"to": [8.25, 9.75, -2],
			"faces": {
				"north": {"uv": [7.375, 14.25, 7, 15], "texture": "#voxels_atlas"},
				"east": {"uv": [6.625, 14.25, 6.25, 15], "texture": "#voxels_atlas"},
				"south": {"uv": [6.625, 14.25, 7, 15], "texture": "#voxels_atlas"},
				"west": {"uv": [5.625, 13.5, 6, 14.25], "texture": "#voxels_atlas"},
				"up": {"uv": [4.875, 13.375, 5.25, 13], "texture": "#voxels_atlas"},
				"down": {"uv": [5.25, 12.625, 5.625, 13], "texture": "#voxels_atlas"}
			}
		},
		{
			"name": "Voxels",
			"from": [7.5, 8.5, -3.5],
			"to": [8.25, 9.75, -2.75],
			"faces": {
				"north": {"uv": [7.125, 13, 6.75, 13.625], "texture": "#voxels_atlas"},
				"east": {"uv": [7.625, 15, 7.25, 15.625], "texture": "#voxels_atlas"},
				"south": {"uv": [3.375, 12.375, 3.75, 13], "texture": "#voxels_atlas"},
				"west": {"uv": [6.875, 15, 7.25, 15.625], "texture": "#voxels_atlas"},
				"up": {"uv": [4.125, 13, 4.5, 12.625], "texture": "#voxels_atlas"},
				"down": {"uv": [3.375, 10.75, 3.75, 11.125], "texture": "#voxels_atlas"}
			}
		},
		{
			"name": "Voxels",
			"from": [7.5, 8.5, 7],
			"to": [8.25, 8.75, 7.25],
			"faces": {
				"north": {"uv": [6.25, 11.75, 5.875, 11.875], "texture": "#voxels_atlas"},
				"east": {"uv": [7.625, 11.75, 7.5, 11.875], "texture": "#voxels_atlas"},
				"south": {"uv": [6.25, 11.75, 6.625, 11.875], "texture": "#voxels_atlas"},
				"west": {"uv": [7.625, 11.75, 7.75, 11.875], "texture": "#voxels_atlas"},
				"up": {"uv": [5.5, 11.875, 5.875, 11.75], "texture": "#voxels_atlas"},
				"down": {"uv": [5.125, 11.75, 5.5, 11.875], "texture": "#voxels_atlas"}
			}
		},
		{
			"name": "Voxels",
			"from": [7.5, 8.5, 7.5],
			"to": [8.25, 8.75, 7.75],
			"faces": {
				"north": {"uv": [6.75, 12.625, 6.375, 12.75], "texture": "#voxels_atlas"},
				"east": {"uv": [6.875, 11.75, 6.75, 11.875], "texture": "#voxels_atlas"},
				"south": {"uv": [6.75, 12.625, 7.125, 12.75], "texture": "#voxels_atlas"},
				"west": {"uv": [6.875, 11.75, 7, 11.875], "texture": "#voxels_atlas"},
				"up": {"uv": [6, 12.75, 6.375, 12.625], "texture": "#voxels_atlas"},
				"down": {"uv": [5.625, 12.625, 6, 12.75], "texture": "#voxels_atlas"}
			}
		},
		{
			"name": "Voxels",
			"from": [7.5, 8.5, 8],
			"to": [8.25, 8.75, 9.25],
			"faces": {
				"north": {"uv": [7.5, 12.625, 7.125, 12.75], "texture": "#voxels_atlas"},
				"east": {"uv": [7.75, 12.25, 7.125, 12.375], "texture": "#voxels_atlas"},
				"south": {"uv": [7.5, 12.5, 7.875, 12.625], "texture": "#voxels_atlas"},
				"west": {"uv": [4, 12.25, 4.625, 12.375], "texture": "#voxels_atlas"},
				"up": {"uv": [6, 14.25, 6.375, 13.625], "texture": "#voxels_atlas"},
				"down": {"uv": [7.625, 15, 8, 15.625], "texture": "#voxels_atlas"}
			}
		},
		{
			"name": "Voxels",
			"from": [7.5, 8.5, 9.5],
			"to": [8.25, 8.75, 24.25],
			"faces": {
				"north": {"uv": [7.875, 12.375, 7.5, 12.5], "texture": "#voxels_atlas"},
				"east": {"uv": [7.375, 7.125, 0, 7.25], "texture": "#voxels_atlas"},
				"south": {"uv": [4, 12.125, 4.375, 12.25], "texture": "#voxels_atlas"},
				"west": {"uv": [0, 7.25, 7.375, 7.375], "texture": "#voxels_atlas"},
				"up": {"uv": [2, 16, 2.375, 8.625], "texture": "#voxels_atlas"},
				"down": {"uv": [2.375, 8.625, 2.75, 16], "texture": "#voxels_atlas"}
			}
		},
		{
			"name": "Voxels",
			"from": [7.5, 8.75, -4],
			"to": [8.25, 9.75, -3.5],
			"faces": {
				"north": {"uv": [7.5, 13, 7.125, 13.5], "texture": "#voxels_atlas"},
				"east": {"uv": [8, 14.5, 7.75, 15], "texture": "#voxels_atlas"},
				"south": {"uv": [5.625, 13, 6, 13.5], "texture": "#voxels_atlas"},
				"west": {"uv": [3.75, 12.125, 4, 12.625], "texture": "#voxels_atlas"},
				"up": {"uv": [6.375, 13, 6.75, 12.75], "texture": "#voxels_atlas"},
				"down": {"uv": [6, 12.75, 6.375, 13], "texture": "#voxels_atlas"}
			}
		},
		{
			"name": "Voxels",
			"from": [7.5, 8.75, 2.25],
			"to": [8.25, 9, 2.5],
			"faces": {
				"north": {"uv": [4.375, 11.75, 4, 11.875], "texture": "#voxels_atlas"},
				"east": {"uv": [8, 12.125, 7.875, 12.25], "texture": "#voxels_atlas"},
				"south": {"uv": [4, 11.625, 4.375, 11.75], "texture": "#voxels_atlas"},
				"west": {"uv": [7.375, 11.75, 7.5, 11.875], "texture": "#voxels_atlas"},
				"up": {"uv": [4, 12, 4.375, 11.875], "texture": "#voxels_atlas"},
				"down": {"uv": [4, 12, 4.375, 12.125], "texture": "#voxels_atlas"}
			}
		},
		{
			"name": "Voxels",
			"from": [7.5, 8.75, 2.75],
			"to": [8.25, 9, 3],
			"faces": {
				"north": {"uv": [4.375, 11.25, 4, 11.375], "texture": "#voxels_atlas"},
				"east": {"uv": [8, 12.25, 7.875, 12.375], "texture": "#voxels_atlas"},
				"south": {"uv": [4, 11.125, 4.375, 11.25], "texture": "#voxels_atlas"},
				"west": {"uv": [7.75, 12.125, 7.875, 12.25], "texture": "#voxels_atlas"},
				"up": {"uv": [4, 11.5, 4.375, 11.375], "texture": "#voxels_atlas"},
				"down": {"uv": [4, 11.5, 4.375, 11.625], "texture": "#voxels_atlas"}
			}
		},
		{
			"name": "Voxels",
			"from": [7.5, 8.75, 3.25],
			"to": [8.25, 9, 3.5],
			"faces": {
				"north": {"uv": [4.375, 10.75, 4, 10.875], "texture": "#voxels_atlas"},
				"east": {"uv": [3.875, 8.625, 3.75, 8.75], "texture": "#voxels_atlas"},
				"south": {"uv": [4, 10.625, 4.375, 10.75], "texture": "#voxels_atlas"},
				"west": {"uv": [3.875, 8.625, 4, 8.75], "texture": "#voxels_atlas"},
				"up": {"uv": [4, 11, 4.375, 10.875], "texture": "#voxels_atlas"},
				"down": {"uv": [4, 11, 4.375, 11.125], "texture": "#voxels_atlas"}
			}
		},
		{
			"name": "Voxels",
			"from": [7.5, 8.75, 3.75],
			"to": [8.25, 9, 4],
			"faces": {
				"north": {"uv": [4.375, 10.25, 4, 10.375], "texture": "#voxels_atlas"},
				"east": {"uv": [8, 11.75, 7.875, 11.875], "texture": "#voxels_atlas"},
				"south": {"uv": [4, 10.125, 4.375, 10.25], "texture": "#voxels_atlas"},
				"west": {"uv": [4.75, 8.625, 4.875, 8.75], "texture": "#voxels_atlas"},
				"up": {"uv": [4, 10.5, 4.375, 10.375], "texture": "#voxels_atlas"},
				"down": {"uv": [4, 10.5, 4.375, 10.625], "texture": "#voxels_atlas"}
			}
		},
		{
			"name": "Voxels",
			"from": [7.5, 8.75, 4.25],
			"to": [8.25, 9, 4.5],
			"faces": {
				"north": {"uv": [4.375, 9.75, 4, 9.875], "texture": "#voxels_atlas"},
				"east": {"uv": [7.25, 11.75, 7.125, 11.875], "texture": "#voxels_atlas"},
				"south": {"uv": [4, 9.625, 4.375, 9.75], "texture": "#voxels_atlas"},
				"west": {"uv": [7.25, 11.75, 7.375, 11.875], "texture": "#voxels_atlas"},
				"up": {"uv": [4, 10, 4.375, 9.875], "texture": "#voxels_atlas"},
				"down": {"uv": [4, 10, 4.375, 10.125], "texture": "#voxels_atlas"}
			}
		},
		{
			"name": "Voxels",
			"from": [7.5, 8.75, 4.75],
			"to": [8.25, 9, 5],
			"faces": {
				"north": {"uv": [4.375, 9.25, 4, 9.375], "texture": "#voxels_atlas"},
				"east": {"uv": [7.875, 12.25, 7.75, 12.375], "texture": "#voxels_atlas"},
				"south": {"uv": [4, 9.125, 4.375, 9.25], "texture": "#voxels_atlas"},
				"west": {"uv": [7.75, 12, 7.875, 12.125], "texture": "#voxels_atlas"},
				"up": {"uv": [4, 9.5, 4.375, 9.375], "texture": "#voxels_atlas"},
				"down": {"uv": [4, 9.5, 4.375, 9.625], "texture": "#voxels_atlas"}
			}
		},
		{
			"name": "Voxels",
			"from": [7.5, 8.75, 5.25],
			"to": [8.25, 9, 5.5],
			"faces": {
				"north": {"uv": [4.375, 8.75, 4, 8.875], "texture": "#voxels_atlas"},
				"east": {"uv": [6.625, 11.625, 6.5, 11.75], "texture": "#voxels_atlas"},
				"south": {"uv": [4, 8.625, 4.375, 8.75], "texture": "#voxels_atlas"},
				"west": {"uv": [6.125, 11.5, 6.25, 11.625], "texture": "#voxels_atlas"},
				"up": {"uv": [4, 9, 4.375, 8.875], "texture": "#voxels_atlas"},
				"down": {"uv": [4, 9, 4.375, 9.125], "texture": "#voxels_atlas"}
			}
		},
		{
			"name": "Voxels",
			"from": [7.5, 8.75, 5.75],
			"to": [8.25, 9, 6],
			"faces": {
				"north": {"uv": [5.5, 12.125, 5.125, 12.25], "texture": "#voxels_atlas"},
				"east": {"uv": [6.75, 11.625, 6.625, 11.75], "texture": "#voxels_atlas"},
				"south": {"uv": [5.5, 12.125, 5.875, 12.25], "texture": "#voxels_atlas"},
				"west": {"uv": [6.5, 11.5, 6.625, 11.625], "texture": "#voxels_atlas"},
				"up": {"uv": [4.75, 12.25, 5.125, 12.125], "texture": "#voxels_atlas"},
				"down": {"uv": [4.375, 12.125, 4.75, 12.25], "texture": "#voxels_atlas"}
			}
		},
		{
			"name": "Voxels",
			"from": [7.5, 8.75, 6.25],
			"to": [8.25, 9, 6.5],
			"faces": {
				"north": {"uv": [7, 12.125, 6.625, 12.25], "texture": "#voxels_atlas"},
				"east": {"uv": [8, 12.375, 7.875, 12.5], "texture": "#voxels_atlas"},
				"south": {"uv": [7, 12.125, 7.375, 12.25], "texture": "#voxels_atlas"},
				"west": {"uv": [7.875, 12.5, 8, 12.625], "texture": "#voxels_atlas"},
				"up": {"uv": [6.25, 12.25, 6.625, 12.125], "texture": "#voxels_atlas"},
				"down": {"uv": [5.875, 12.125, 6.25, 12.25], "texture": "#voxels_atlas"}
			}
		},
		{
			"name": "Voxels",
			"from": [7.5, 9, -4.5],
			"to": [8.25, 9.75, -4],
			"faces": {
				"north": {"uv": [3.75, 10.375, 3.375, 10.75], "texture": "#voxels_atlas"},
				"east": {"uv": [7.75, 12.625, 7.5, 13], "texture": "#voxels_atlas"},
				"south": {"uv": [3.375, 10, 3.75, 10.375], "texture": "#voxels_atlas"},
				"west": {"uv": [7.75, 12.625, 8, 13], "texture": "#voxels_atlas"},
				"up": {"uv": [6.75, 13, 7.125, 12.75], "texture": "#voxels_atlas"},
				"down": {"uv": [7.125, 12.75, 7.5, 13], "texture": "#voxels_atlas"}
			}
		},
		{
			"name": "Voxels",
			"from": [7.5, 9, 0.5],
			"to": [8.25, 9.25, 0.75],
			"faces": {
				"north": {"uv": [5.125, 12, 4.75, 12.125], "texture": "#voxels_atlas"},
				"east": {"uv": [3.25, 8.625, 3.125, 8.75], "texture": "#voxels_atlas"},
				"south": {"uv": [5.125, 12, 5.5, 12.125], "texture": "#voxels_atlas"},
				"west": {"uv": [7, 11.5, 7.125, 11.625], "texture": "#voxels_atlas"},
				"up": {"uv": [4.375, 12.125, 4.75, 12], "texture": "#voxels_atlas"},
				"down": {"uv": [7.375, 12.125, 7.75, 12.25], "texture": "#voxels_atlas"}
			}
		},
		{
			"name": "Voxels",
			"from": [7.5, 9, 1],
			"to": [8.25, 9.25, 1.25],
			"faces": {
				"north": {"uv": [6.625, 12, 6.25, 12.125], "texture": "#voxels_atlas"},
				"east": {"uv": [7.125, 11.75, 7, 11.875], "texture": "#voxels_atlas"},
				"south": {"uv": [6.625, 12, 7, 12.125], "texture": "#voxels_atlas"},
				"west": {"uv": [6.625, 11.75, 6.75, 11.875], "texture": "#voxels_atlas"},
				"up": {"uv": [5.875, 12.125, 6.25, 12], "texture": "#voxels_atlas"},
				"down": {"uv": [5.5, 12, 5.875, 12.125], "texture": "#voxels_atlas"}
			}
		},
		{
			"name": "Voxels",
			"from": [7.5, 9, 1.5],
			"to": [8.25, 9.25, 1.75],
			"faces": {
				"north": {"uv": [4.75, 11.875, 4.375, 12], "texture": "#voxels_atlas"},
				"east": {"uv": [6.125, 11.625, 6, 11.75], "texture": "#voxels_atlas"},
				"south": {"uv": [4.75, 11.875, 5.125, 12], "texture": "#voxels_atlas"},
				"west": {"uv": [4.875, 8.625, 5, 8.75], "texture": "#voxels_atlas"},
				"up": {"uv": [7.375, 12.125, 7.75, 12], "texture": "#voxels_atlas"},
				"down": {"uv": [7, 12, 7.375, 12.125], "texture": "#voxels_atlas"}
			}
		},
		{
			"name": "Voxels",
			"from": [7.5, 9, 9.25],
			"to": [8.25, 9.25, 9.5],
			"faces": {
				"north": {"uv": [6.25, 11.875, 5.875, 12], "texture": "#voxels_atlas"},
				"east": {"uv": [7.125, 11.625, 7, 11.75], "texture": "#voxels_atlas"},
				"south": {"uv": [6.25, 11.875, 6.625, 12], "texture": "#voxels_atlas"},
				"west": {"uv": [6.875, 11.5, 7, 11.625], "texture": "#voxels_atlas"},
				"up": {"uv": [5.5, 12, 5.875, 11.875], "texture": "#voxels_atlas"},
				"down": {"uv": [5.125, 11.875, 5.5, 12], "texture": "#voxels_atlas"}
			}
		},
		{
			"name": "Voxels",
			"from": [7.5, 9.25, -5],
			"to": [8.25, 10, -4.75],
			"faces": {
				"north": {"uv": [5.25, 12.625, 4.875, 13], "texture": "#voxels_atlas"},
				"east": {"uv": [8, 13.125, 7.875, 13.5], "texture": "#voxels_atlas"},
				"south": {"uv": [3.375, 11.5, 3.75, 11.875], "texture": "#voxels_atlas"},
				"west": {"uv": [7.875, 15.625, 8, 16], "texture": "#voxels_atlas"},
				"up": {"uv": [7, 12, 7.375, 11.875], "texture": "#voxels_atlas"},
				"down": {"uv": [6.625, 11.875, 7, 12], "texture": "#voxels_atlas"}
			}
		},
		{
			"name": "Voxels",
			"from": [7.5, 9.25, -4.75],
			"to": [8.25, 9.75, -4.5],
			"faces": {
				"north": {"uv": [5.375, 14.25, 5, 14.5], "texture": "#voxels_atlas"},
				"east": {"uv": [4.875, 10.75, 4.75, 11], "texture": "#voxels_atlas"},
				"south": {"uv": [5.375, 14.25, 5.75, 14.5], "texture": "#voxels_atlas"},
				"west": {"uv": [4.75, 11, 4.875, 11.25], "texture": "#voxels_atlas"},
				"up": {"uv": [4.375, 11.875, 4.75, 11.75], "texture": "#voxels_atlas"},
				"down": {"uv": [7.375, 11.875, 7.75, 12], "texture": "#voxels_atlas"}
			}
		},
		{
			"name": "Voxels",
			"from": [7.5, 9.5, -5.5],
			"to": [8.25, 10, -5],
			"faces": {
				"north": {"uv": [5.875, 12.375, 5.5, 12.625], "texture": "#voxels_atlas"},
				"east": {"uv": [8, 14.25, 7.75, 14.5], "texture": "#voxels_atlas"},
				"south": {"uv": [5.125, 12.375, 5.5, 12.625], "texture": "#voxels_atlas"},
				"west": {"uv": [3.75, 11.875, 4, 12.125], "texture": "#voxels_atlas"},
				"up": {"uv": [4.375, 12.625, 4.75, 12.375], "texture": "#voxels_atlas"},
				"down": {"uv": [4.75, 12.375, 5.125, 12.625], "texture": "#voxels_atlas"}
			}
		},
		{
			"name": "Voxels",
			"from": [7.5, 9.5, -1],
			"to": [8.25, 10.25, -0.5],
			"faces": {
				"north": {"uv": [3.75, 8.875, 3.375, 9.25], "texture": "#voxels_atlas"},
				"east": {"uv": [8, 13.875, 7.75, 14.25], "texture": "#voxels_atlas"},
				"south": {"uv": [3.375, 9.25, 3.75, 9.625], "texture": "#voxels_atlas"},
				"west": {"uv": [7.75, 13.5, 8, 13.875], "texture": "#voxels_atlas"},
				"up": {"uv": [4.625, 14.5, 5, 14.25], "texture": "#voxels_atlas"},
				"down": {"uv": [4, 12.375, 4.375, 12.625], "texture": "#voxels_atlas"}
			}
		},
		{
			"name": "Voxels",
			"from": [7.5, 9.5, -0.5],
			"to": [8.25, 9.75, -0.25],
			"faces": {
				"north": {"uv": [4.75, 11.375, 4.375, 11.5], "texture": "#voxels_atlas"},
				"east": {"uv": [8, 11.875, 7.875, 12], "texture": "#voxels_atlas"},
				"south": {"uv": [4.375, 11.25, 4.75, 11.375], "texture": "#voxels_atlas"},
				"west": {"uv": [7.75, 11.75, 7.875, 11.875], "texture": "#voxels_atlas"},
				"up": {"uv": [4.375, 11.625, 4.75, 11.5], "texture": "#voxels_atlas"},
				"down": {"uv": [4.375, 11.625, 4.75, 11.75], "texture": "#voxels_atlas"}
			}
		},
		{
			"name": "Voxels",
			"from": [7.5, 9.75, -5.75],
			"to": [8.25, 10, -5.5],
			"faces": {
				"north": {"uv": [4.75, 10.875, 4.375, 11], "texture": "#voxels_atlas"},
				"east": {"uv": [6.25, 11.625, 6.125, 11.75], "texture": "#voxels_atlas"},
				"south": {"uv": [4.375, 10.75, 4.75, 10.875], "texture": "#voxels_atlas"},
				"west": {"uv": [6, 11.5, 6.125, 11.625], "texture": "#voxels_atlas"},
				"up": {"uv": [4.375, 11.125, 4.75, 11], "texture": "#voxels_atlas"},
				"down": {"uv": [4.375, 11.125, 4.75, 11.25], "texture": "#voxels_atlas"}
			}
		},
		{
			"name": "Voxels",
			"from": [7.5, 9.75, -2.25],
			"to": [8.25, 10, -2],
			"faces": {
				"north": {"uv": [4.75, 10.375, 4.375, 10.5], "texture": "#voxels_atlas"},
				"east": {"uv": [7, 11.625, 6.875, 11.75], "texture": "#voxels_atlas"},
				"south": {"uv": [4.375, 10.25, 4.75, 10.375], "texture": "#voxels_atlas"},
				"west": {"uv": [6.625, 11.5, 6.75, 11.625], "texture": "#voxels_atlas"},
				"up": {"uv": [4.375, 10.625, 4.75, 10.5], "texture": "#voxels_atlas"},
				"down": {"uv": [4.375, 10.625, 4.75, 10.75], "texture": "#voxels_atlas"}
			}
		},
		{
			"name": "Voxels",
			"from": [7.5, 9.75, -1.25],
			"to": [8.25, 10, -1],
			"faces": {
				"north": {"uv": [4.75, 9.875, 4.375, 10], "texture": "#voxels_atlas"},
				"east": {"uv": [8, 13, 7.875, 13.125], "texture": "#voxels_atlas"},
				"south": {"uv": [4.375, 9.75, 4.75, 9.875], "texture": "#voxels_atlas"},
				"west": {"uv": [3.25, 8.625, 3.375, 8.75], "texture": "#voxels_atlas"},
				"up": {"uv": [4.375, 10.125, 4.75, 10], "texture": "#voxels_atlas"},
				"down": {"uv": [4.375, 10.125, 4.75, 10.25], "texture": "#voxels_atlas"}
			}
		},
		{
			"name": "Voxels",
			"from": [7.75, 7.5, -2],
			"to": [8, 8, 9.25],
			"faces": {
				"north": {"uv": [5.875, 14.25, 5.75, 14.5], "texture": "#voxels_atlas"},
				"east": {"uv": [5.625, 7.625, 0, 7.875], "texture": "#voxels_atlas"},
				"south": {"uv": [4.75, 11.5, 4.875, 11.75], "texture": "#voxels_atlas"},
				"west": {"uv": [0, 7.375, 5.625, 7.625], "texture": "#voxels_atlas"},
				"up": {"uv": [3.25, 15.625, 3.375, 10], "texture": "#voxels_atlas"},
				"down": {"uv": [3.125, 10, 3.25, 15.625], "texture": "#voxels_atlas"}
			}
		},
		{
			"name": "Voxels",
			"from": [7.75, 7.75, -2.75],
			"to": [8, 8.25, -2],
			"faces": {
				"north": {"uv": [4.875, 10.25, 4.75, 10.5], "texture": "#voxels_atlas"},
				"east": {"uv": [4.5, 13, 4.125, 13.25], "texture": "#voxels_atlas"},
				"south": {"uv": [4.75, 9.75, 4.875, 10], "texture": "#voxels_atlas"},
				"west": {"uv": [3.75, 13, 4.125, 13.25], "texture": "#voxels_atlas"},
				"up": {"uv": [3.875, 9.875, 4, 9.5], "texture": "#voxels_atlas"},
				"down": {"uv": [3.75, 9.5, 3.875, 9.875], "texture": "#voxels_atlas"}
			}
		},
		{
			"name": "Voxels",
			"from": [7.75, 8, -3.5],
			"to": [8, 8.5, -2.75],
			"faces": {
				"north": {"uv": [4.875, 9.5, 4.75, 9.75], "texture": "#voxels_atlas"},
				"east": {"uv": [6.25, 12.375, 5.875, 12.625], "texture": "#voxels_atlas"},
				"south": {"uv": [4.75, 11.25, 4.875, 11.5], "texture": "#voxels_atlas"},
				"west": {"uv": [4.5, 13, 4.875, 13.25], "texture": "#voxels_atlas"},
				"up": {"uv": [3.875, 9.5, 4, 9.125], "texture": "#voxels_atlas"},
				"down": {"uv": [3.75, 9.125, 3.875, 9.5], "texture": "#voxels_atlas"}
			}
		},
		{
			"name": "Voxels",
			"from": [7.75, 8.25, -4],
			"to": [8, 8.75, -3.5],
			"faces": {
				"north": {"uv": [4.875, 10, 4.75, 10.25], "texture": "#voxels_atlas"},
				"east": {"uv": [4, 11.375, 3.75, 11.625], "texture": "#voxels_atlas"},
				"south": {"uv": [4.75, 8.75, 4.875, 9], "texture": "#voxels_atlas"},
				"west": {"uv": [3.75, 11.625, 4, 11.875], "texture": "#voxels_atlas"},
				"up": {"uv": [4.75, 9.25, 4.875, 9], "texture": "#voxels_atlas"},
				"down": {"uv": [4.75, 9.25, 4.875, 9.5], "texture": "#voxels_atlas"}
			}
		},
		{
			"name": "Voxels",
			"from": [7.75, 8.5, -4.5],
			"to": [8, 9, -4],
			"faces": {
				"north": {"uv": [5, 11, 4.875, 11.25], "texture": "#voxels_atlas"},
				"east": {"uv": [4, 10.875, 3.75, 11.125], "texture": "#voxels_atlas"},
				"south": {"uv": [4.75, 10.5, 4.875, 10.75], "texture": "#voxels_atlas"},
				"west": {"uv": [3.75, 11.125, 4, 11.375], "texture": "#voxels_atlas"},
				"up": {"uv": [4.875, 11.5, 5, 11.25], "texture": "#voxels_atlas"},
				"down": {"uv": [4.875, 11.5, 5, 11.75], "texture": "#voxels_atlas"}
			}
		},
		{
			"name": "Voxels",
			"from": [7.75, 8.75, -5],
			"to": [8, 9.25, -4.5],
			"faces": {
				"north": {"uv": [5, 10.25, 4.875, 10.5], "texture": "#voxels_atlas"},
				"east": {"uv": [4, 10.375, 3.75, 10.625], "texture": "#voxels_atlas"},
				"south": {"uv": [4.875, 10, 5, 10.25], "texture": "#voxels_atlas"},
				"west": {"uv": [3.75, 10.625, 4, 10.875], "texture": "#voxels_atlas"},
				"up": {"uv": [4.875, 10.75, 5, 10.5], "texture": "#voxels_atlas"},
				"down": {"uv": [4.875, 10.75, 5, 11], "texture": "#voxels_atlas"}
			}
		},
		{
			"name": "Voxels",
			"from": [7.75, 9, -5.5],
			"to": [8, 9.5, -5],
			"faces": {
				"north": {"uv": [5, 9.25, 4.875, 9.5], "texture": "#voxels_atlas"},
				"east": {"uv": [4, 9.875, 3.75, 10.125], "texture": "#voxels_atlas"},
				"south": {"uv": [4.875, 9, 5, 9.25], "texture": "#voxels_atlas"},
				"west": {"uv": [3.75, 10.125, 4, 10.375], "texture": "#voxels_atlas"},
				"up": {"uv": [4.875, 9.75, 5, 9.5], "texture": "#voxels_atlas"},
				"down": {"uv": [4.875, 9.75, 5, 10], "texture": "#voxels_atlas"}
			}
		},
		{
			"name": "Voxels",
			"from": [7.75, 9.25, -5.75],
			"to": [8, 9.75, -5.5],
			"faces": {
				"north": {"uv": [5, 8.75, 4.875, 9], "texture": "#voxels_atlas"},
				"east": {"uv": [5.375, 11.5, 5.25, 11.75], "texture": "#voxels_atlas"},
				"south": {"uv": [5, 11.5, 5.125, 11.75], "texture": "#voxels_atlas"},
				"west": {"uv": [5.125, 11.5, 5.25, 11.75], "texture": "#voxels_atlas"},
				"up": {"uv": [6.375, 11.625, 6.5, 11.5], "texture": "#voxels_atlas"},
				"down": {"uv": [6.375, 11.625, 6.5, 11.75], "texture": "#voxels_atlas"}
			}
		},
		{
			"name": "Voxels",
			"from": [7.75, 9.5, -6],
			"to": [8, 10, -5.75],
			"faces": {
				"north": {"uv": [5.5, 11.5, 5.375, 11.75], "texture": "#voxels_atlas"},
				"east": {"uv": [5.875, 11.5, 5.75, 11.75], "texture": "#voxels_atlas"},
				"south": {"uv": [5.5, 11.5, 5.625, 11.75], "texture": "#voxels_atlas"},
				"west": {"uv": [5.625, 11.5, 5.75, 11.75], "texture": "#voxels_atlas"},
				"up": {"uv": [6.75, 11.625, 6.875, 11.5], "texture": "#voxels_atlas"},
				"down": {"uv": [6.75, 11.625, 6.875, 11.75], "texture": "#voxels_atlas"}
			}
		},
		{
			"name": "Voxels",
			"from": [7.75, 9.75, -6.25],
			"to": [8, 10, -6],
			"faces": {
				"north": {"uv": [7.375, 11.625, 7.25, 11.75], "texture": "#voxels_atlas"},
				"east": {"uv": [7.5, 11.5, 7.375, 11.625], "texture": "#voxels_atlas"},
				"south": {"uv": [7.25, 11.5, 7.375, 11.625], "texture": "#voxels_atlas"},
				"west": {"uv": [7.375, 11.625, 7.5, 11.75], "texture": "#voxels_atlas"},
				"up": {"uv": [7.125, 11.625, 7.25, 11.5], "texture": "#voxels_atlas"},
				"down": {"uv": [7.125, 11.625, 7.25, 11.75], "texture": "#voxels_atlas"}
			}
		}
	],
	"display": {
		"thirdperson_righthand": {
			"rotation": [105, 0, 0],
			"translation": [0, 7.6521, 4.174]
		},
		"thirdperson_lefthand": {
			"rotation": [105, 0, 0],
			"translation": [0, 7.6521, 4.174]
		},
		"firstperson_righthand": {
			"rotation": [61, -3, -16],
			"translation": [2.7826, 3.4782, -2.086]
		},
		"firstperson_lefthand": {
			"rotation": [61, -3, -16],
			"translation": [2.7826, 3.4782, -2.086]
		},
		"ground": {
			"rotation": [29, 0, 0],
			"translation": [0, 4.1739, 0]
		},
		"gui": {
			"rotation": [0, 90, 0],
			"translation": [-0.6, 0, 0],
			"scale": [0.5, 0.5, 0.5]
		},
		"fixed": {
			"rotation": [0, -90, 0],
			"translation": [0.6, 0, 0],
			"scale": [0.6, 0.6, 0.6]
		}
	}
}