{"textures":{"0":"modelengine:entity/ft"},"elements":[{"name":"cube","from":[6.8186107,-9.333334,6.778082],"to":[9.218611,1.4666661,9.1780815],"rotation":{"angle":0.0,"axis":"x","origin":[8.018611,-9.333334,7.9780817]},"faces":{"down":{"uv":[8.5,5.0,7.5,6.0],"rotation":0,"texture":"#0","tintindex":0},"east":{"uv":[1.0,0.0,2.0,4.5],"rotation":0,"texture":"#0","tintindex":0},"north":{"uv":[0.0,0.0,1.0,4.5],"rotation":0,"texture":"#0","tintindex":0},"south":{"uv":[2.0,0.0,3.0,4.5],"rotation":0,"texture":"#0","tintindex":0},"up":{"uv":[8.5,5.0,7.5,4.0],"rotation":0,"texture":"#0","tintindex":0},"west":{"uv":[3.0,0.0,4.0,4.5],"rotation":0,"texture":"#0","tintindex":0}}},{"name":"cube","from":[5.618611,-6.9333344,5.5780816],"to":[10.418611,-6.333334,10.378082],"rotation":{"angle":0.0,"axis":"x","origin":[8.018611,-9.333334,7.9780817]},"faces":{"down":{"uv":[6.0,0.0,4.0,2.0],"rotation":0,"texture":"#0","tintindex":0},"east":{"uv":[8.5,6.25,10.5,6.5],"rotation":0,"texture":"#0","tintindex":0},"north":{"uv":[8.5,6.0,10.5,6.25],"rotation":0,"texture":"#0","tintindex":0},"south":{"uv":[8.5,6.5,10.5,6.75],"rotation":0,"texture":"#0","tintindex":0},"up":{"uv":[6.0,2.0,4.0,0.0],"rotation":0,"texture":"#0","tintindex":0},"west":{"uv":[8.5,6.75,10.5,7.0],"rotation":0,"texture":"#0","tintindex":0}}}],"display":{"head":{"translation":[0.0,-6.4,0.0],"rotation":[0.0,0.0,0.0],"scale":[3.8095,3.8095,3.8095]}}}