{"textures":{"0":"modelengine:entity/ft"},"elements":[{"name":"cube","from":[5.6,11.352174,5.6],"to":[10.4,16.152174,10.4],"rotation":{"angle":0.0,"axis":"x","origin":[8.0,-13.247827,8.0]},"faces":{"down":{"uv":[6.0,6.0,4.0,8.0],"rotation":0,"texture":"#0","tintindex":0},"east":{"uv":[4.0,4.0,6.0,6.0],"rotation":0,"texture":"#0","tintindex":0},"north":{"uv":[4.0,4.5,2.0,6.5],"rotation":0,"texture":"#0","tintindex":0},"south":{"uv":[2.0,4.5,4.0,6.5],"rotation":0,"texture":"#0","tintindex":0},"up":{"uv":[8.0,4.0,6.0,2.0],"rotation":0,"texture":"#0","tintindex":0},"west":{"uv":[6.0,0.0,8.0,2.0],"rotation":0,"texture":"#0","tintindex":0}}},{"name":"cube","from":[6.8,6.5521736,6.8],"to":[9.2,11.352174,9.2],"rotation":{"angle":0.0,"axis":"x","origin":[8.0,-13.247827,8.0]},"faces":{"down":{"uv":[8.5,7.0,7.5,8.0],"rotation":0,"texture":"#0","tintindex":0},"east":{"uv":[6.5,6.0,7.5,8.0],"rotation":0,"texture":"#0","tintindex":0},"north":{"uv":[6.5,6.0,7.5,8.0],"rotation":0,"texture":"#0","tintindex":0},"south":{"uv":[6.5,4.0,7.5,6.0],"rotation":0,"texture":"#0","tintindex":0},"up":{"uv":[8.5,7.0,7.5,6.0],"rotation":0,"texture":"#0","tintindex":0},"west":{"uv":[6.5,6.0,7.5,8.0],"rotation":0,"texture":"#0","tintindex":0}}},{"name":"cube","from":[7.4,8.352174,9.2],"to":[8.6,9.552174,13.400001],"rotation":{"angle":0.0,"axis":"x","origin":[8.0,-13.247827,8.0]},"faces":{"down":{"uv":[5.0,8.0,4.5,9.75],"rotation":0,"texture":"#0","tintindex":0},"east":{"uv":[8.0,2.75,9.75,3.25],"rotation":0,"texture":"#0","tintindex":0},"north":{"uv":[5.5,8.75,6.0,9.25],"rotation":0,"texture":"#0","tintindex":0},"south":{"uv":[6.5,8.75,7.0,9.25],"rotation":0,"texture":"#0","tintindex":0},"up":{"uv":[4.5,9.75,4.0,8.0],"rotation":0,"texture":"#0","tintindex":0},"west":{"uv":[8.0,3.25,9.75,3.75],"rotation":0,"texture":"#0","tintindex":0}}},{"name":"cube","from":[7.1,8.052174,13.400001],"to":[8.9,9.852174,15.8],"rotation":{"angle":0.0,"axis":"x","origin":[8.0,-13.247827,8.0]},"faces":{"down":{"uv":[9.0,8.0,8.25,9.0],"rotation":0,"texture":"#0","tintindex":0},"east":{"uv":[5.0,8.0,6.0,8.75],"rotation":0,"texture":"#0","tintindex":0},"north":{"uv":[3.25,8.5,4.0,9.25],"rotation":0,"texture":"#0","tintindex":0},"south":{"uv":[8.5,3.75,9.25,4.5],"rotation":0,"texture":"#0","tintindex":0},"up":{"uv":[8.25,9.0,7.5,8.0],"rotation":0,"texture":"#0","tintindex":0},"west":{"uv":[6.5,8.0,7.5,8.75],"rotation":0,"texture":"#0","tintindex":0}}},{"name":"cube","from":[7.4,8.352174,2.6],"to":[8.6,9.552174,6.8],"rotation":{"angle":0.0,"axis":"x","origin":[8.0,-13.247827,8.0]},"faces":{"down":{"uv":[8.5,1.0,8.0,2.75],"rotation":0,"texture":"#0","tintindex":0},"east":{"uv":[8.0,0.0,9.75,0.5],"rotation":0,"texture":"#0","tintindex":0},"north":{"uv":[8.5,7.5,9.0,8.0],"rotation":0,"texture":"#0","tintindex":0},"south":{"uv":[5.0,8.75,5.5,9.25],"rotation":0,"texture":"#0","tintindex":0},"up":{"uv":[4.0,8.25,3.5,6.5],"rotation":0,"texture":"#0","tintindex":0},"west":{"uv":[8.0,0.5,9.75,1.0],"rotation":0,"texture":"#0","tintindex":0}}},{"name":"cube","from":[7.1,8.052174,0.19999981],"to":[8.9,9.852174,2.6],"rotation":{"angle":0.0,"axis":"x","origin":[8.0,-13.247827,26.0]},"faces":{"down":{"uv":[9.0,9.0,8.25,8.0],"rotation":0,"texture":"#0","tintindex":0},"east":{"uv":[6.0,8.0,5.0,8.75],"rotation":0,"texture":"#0","tintindex":0},"north":{"uv":[9.25,3.75,8.5,4.5],"rotation":0,"texture":"#0","tintindex":0},"south":{"uv":[4.0,8.5,3.25,9.25],"rotation":0,"texture":"#0","tintindex":0},"up":{"uv":[8.25,8.0,7.5,9.0],"rotation":0,"texture":"#0","tintindex":0},"west":{"uv":[7.5,8.0,6.5,8.75],"rotation":0,"texture":"#0","tintindex":0}}},{"name":"cube","from":[7.4,-2.4478269,7.4],"to":[8.6,8.352174,8.6],"rotation":{"angle":0.0,"axis":"x","origin":[8.0,-13.247827,8.0]},"faces":{"down":{"uv":[9.0,7.0,8.5,7.5],"rotation":0,"texture":"#0","tintindex":0},"east":{"uv":[0.0,6.5,0.5,11.0],"rotation":0,"texture":"#0","tintindex":0},"north":{"uv":[6.0,4.0,6.5,8.5],"rotation":0,"texture":"#0","tintindex":0},"south":{"uv":[0.5,6.5,1.0,11.0],"rotation":0,"texture":"#0","tintindex":0},"up":{"uv":[6.5,9.0,6.0,8.5],"rotation":0,"texture":"#0","tintindex":0},"west":{"uv":[1.0,6.5,1.5,11.0],"rotation":0,"texture":"#0","tintindex":0}}}],"display":{"head":{"translation":[0.0,-6.4,0.0],"rotation":[0.0,0.0,0.0],"scale":[3.8095,3.8095,3.8095]}}}