{"textures":{"0":"modelengine:entity/frog"},"elements":[{"name":"cube","from":[3.7999997,3.1999998,6.8],"to":[12.2,8.0,11.6],"rotation":{"angle":-22.5,"axis":"x","origin":[6.8,3.1999998,3.1999998]},"faces":{"down":{"uv":[0.0,0.0,2.75,5.0],"rotation":0,"texture":"#0","tintindex":0},"east":{"uv":[0.0,0.0,2.75,5.0],"rotation":0,"texture":"#0","tintindex":0},"north":{"uv":[0.0,0.0,2.75,5.0],"rotation":0,"texture":"#0","tintindex":0},"south":{"uv":[0.0,0.0,2.75,5.0],"rotation":0,"texture":"#0","tintindex":0},"up":{"uv":[0.0,0.0,2.75,2.75],"rotation":0,"texture":"#0","tintindex":0},"west":{"uv":[0.0,0.0,2.75,5.0],"rotation":0,"texture":"#0","tintindex":0}}},{"name":"cube","from":[5.0,0.7999997,4.3999996],"to":[11.0,5.6,8.0],"rotation":{"angle":-22.5,"axis":"x","origin":[6.8,0.7999997,-0.40000033]},"faces":{"down":{"uv":[5.0,0.0,11.5,3.75],"rotation":0,"texture":"#0","tintindex":0},"east":{"uv":[13.25,0.0,16.0,4.5],"rotation":0,"texture":"#0","tintindex":0},"north":{"uv":[4.0,9.25,12.25,6.75],"rotation":0,"texture":"#0","tintindex":0},"south":{"uv":[13.25,0.0,16.0,5.0],"rotation":0,"texture":"#0","tintindex":0},"up":{"uv":[0.25,0.0,3.0,2.25],"rotation":0,"texture":"#0","tintindex":0},"west":{"uv":[13.25,5.0,16.0,9.5],"rotation":0,"texture":"#0","tintindex":0}}},{"name":"cube","from":[5.6,-0.40000033,1.9999998],"to":[10.4,3.1999998,5.6],"rotation":{"angle":-22.5,"axis":"x","origin":[8.0,-1.6000004,-5.200001]},"faces":{"down":{"uv":[6.75,0.0,9.75,4.25],"rotation":0,"texture":"#0","tintindex":0},"east":{"uv":[5.0,9.5,9.5,7.5],"rotation":0,"texture":"#0","tintindex":0},"north":{"uv":[5.0,9.5,9.5,7.5],"rotation":0,"texture":"#0","tintindex":0},"south":{"uv":[0.0,0.0,2.75,5.0],"rotation":0,"texture":"#0","tintindex":0},"up":{"uv":[0.0,0.0,2.75,2.75],"rotation":0,"texture":"#0","tintindex":0},"west":{"uv":[5.0,9.5,9.5,7.5],"rotation":0,"texture":"#0","tintindex":0}}}],"display":{"head":{"translation":[0.0,-6.4,0.0],"rotation":[0.0,0.0,0.0],"scale":[3.8095,3.8095,3.8095]}}}