{"textures":{"0":"modelengine:entity/frog"},"elements":[{"name":"cube","from":[7.4,5.0,3.1999998],"to":[11.0,9.8,6.8],"rotation":{"angle":22.5,"axis":"x","origin":[8.0,1.3999997,3.1999998]},"faces":{"down":{"uv":[0.0,0.0,2.75,5.0],"rotation":0,"texture":"#0","tintindex":0},"east":{"uv":[0.0,0.0,2.75,5.0],"rotation":0,"texture":"#0","tintindex":0},"north":{"uv":[0.0,0.0,2.75,5.0],"rotation":0,"texture":"#0","tintindex":0},"south":{"uv":[0.0,0.0,2.75,5.0],"rotation":0,"texture":"#0","tintindex":0},"up":{"uv":[0.0,0.0,2.75,5.0],"rotation":0,"texture":"#0","tintindex":0},"west":{"uv":[0.0,0.0,2.75,5.0],"rotation":0,"texture":"#0","tintindex":0}}},{"name":"cube","from":[8.0,2.6,2.2999997],"to":[10.4,6.2,4.7],"rotation":{"angle":22.5,"axis":"x","origin":[8.0,-2.2000003,1.9999998]},"faces":{"down":{"uv":[0.0,0.0,2.75,5.0],"rotation":0,"texture":"#0","tintindex":0},"east":{"uv":[0.0,0.0,2.75,5.0],"rotation":0,"texture":"#0","tintindex":0},"north":{"uv":[0.0,0.0,2.75,5.0],"rotation":0,"texture":"#0","tintindex":0},"south":{"uv":[0.0,0.0,2.75,5.0],"rotation":0,"texture":"#0","tintindex":0},"up":{"uv":[0.0,0.0,2.75,5.0],"rotation":0,"texture":"#0","tintindex":0},"west":{"uv":[0.0,0.0,2.75,5.0],"rotation":0,"texture":"#0","tintindex":0}}},{"name":"cube","from":[6.8,1.3999997,1.6999998],"to":[11.6,2.6,6.5],"rotation":{"angle":0.0,"axis":"x","origin":[8.0,-3.4000006,0.7999997]},"faces":{"down":{"uv":[0.0,0.0,2.75,5.0],"rotation":0,"texture":"#0","tintindex":0},"east":{"uv":[0.0,0.0,4.0,1.0],"rotation":0,"texture":"#0","tintindex":0},"north":{"uv":[0.0,0.0,4.0,1.0],"rotation":0,"texture":"#0","tintindex":0},"south":{"uv":[0.0,0.0,4.0,1.0],"rotation":0,"texture":"#0","tintindex":0},"up":{"uv":[0.0,0.0,2.75,5.0],"rotation":0,"texture":"#0","tintindex":0},"west":{"uv":[0.0,0.0,4.0,1.0],"rotation":0,"texture":"#0","tintindex":0}}},{"name":"cube","from":[7.1,1.3999997,1.0999997],"to":[8.3,2.6,2.8999999],"rotation":{"angle":45.0,"axis":"y","origin":[7.4,1.9999998,2.6]},"faces":{"down":{"uv":[0.0,0.0,1.0,1.0],"rotation":0,"texture":"#0","tintindex":0},"east":{"uv":[0.0,0.0,1.0,1.0],"rotation":0,"texture":"#0","tintindex":0},"north":{"uv":[0.0,0.0,1.0,1.0],"rotation":0,"texture":"#0","tintindex":0},"south":{"uv":[0.0,0.0,1.0,1.0],"rotation":0,"texture":"#0","tintindex":0},"up":{"uv":[0.0,0.0,1.0,1.0],"rotation":0,"texture":"#0","tintindex":0},"west":{"uv":[0.0,0.0,1.0,1.0],"rotation":0,"texture":"#0","tintindex":0}}}],"display":{"head":{"translation":[0.0,-6.4,0.0],"rotation":[0.0,0.0,0.0],"scale":[3.8095,3.8095,3.8095]}}}