{"textures":{"0":"modelengine:entity/frog"},"elements":[{"name":"cube","from":[6.2,5.6213465,7.5231795],"to":[9.8,8.021347,13.52318],"rotation":{"angle":45.0,"axis":"x","origin":[8.0,7.469516,8.965343]},"faces":{"down":{"uv":[0.0,0.0,2.75,5.0],"rotation":0,"texture":"#0","tintindex":0},"east":{"uv":[0.0,0.0,4.0,2.5],"rotation":0,"texture":"#0","tintindex":0},"north":{"uv":[0.0,0.0,2.75,5.0],"rotation":0,"texture":"#0","tintindex":0},"south":{"uv":[0.0,0.0,2.75,5.0],"rotation":0,"texture":"#0","tintindex":0},"up":{"uv":[0.0,0.0,2.75,5.0],"rotation":0,"texture":"#0","tintindex":0},"west":{"uv":[0.0,0.0,4.0,2.5],"rotation":0,"texture":"#0","tintindex":0}}},{"name":"cube","from":[6.8,2.6707816,4.0631022],"to":[9.2,7.470782,6.4631023],"rotation":{"angle":45.0,"axis":"x","origin":[9.2,-1.6737609,5.4692435]},"faces":{"down":{"uv":[0.0,0.0,4.0,8.0],"rotation":0,"texture":"#0","tintindex":0},"east":{"uv":[0.0,0.0,2.75,5.0],"rotation":0,"texture":"#0","tintindex":0},"north":{"uv":[0.0,0.0,4.0,8.0],"rotation":0,"texture":"#0","tintindex":0},"south":{"uv":[0.0,0.0,4.0,8.0],"rotation":0,"texture":"#0","tintindex":0},"up":{"uv":[0.0,0.0,4.0,8.0],"rotation":0,"texture":"#0","tintindex":0},"west":{"uv":[0.0,0.0,4.0,8.0],"rotation":0,"texture":"#0","tintindex":0}}},{"name":"cube","from":[5.6,2.286239,2.769243],"to":[10.4,3.486239,7.5692434],"rotation":{"angle":22.5,"axis":"x","origin":[9.2,-2.8737612,4.2692432]},"faces":{"down":{"uv":[0.0,0.0,2.75,5.0],"rotation":0,"texture":"#0","tintindex":0},"east":{"uv":[0.0,0.0,4.0,1.0],"rotation":0,"texture":"#0","tintindex":0},"north":{"uv":[0.0,0.0,4.0,1.0],"rotation":0,"texture":"#0","tintindex":0},"south":{"uv":[0.0,0.0,4.0,1.0],"rotation":0,"texture":"#0","tintindex":0},"up":{"uv":[0.0,0.0,2.75,5.0],"rotation":0,"texture":"#0","tintindex":0},"west":{"uv":[0.0,0.0,4.0,1.0],"rotation":0,"texture":"#0","tintindex":0}}}],"display":{"head":{"translation":[0.0,-6.4,0.0],"rotation":[0.0,0.0,0.0],"scale":[3.8095,3.8095,3.8095]}}}