{"textures":{"0":"modelengine:entity/frog"},"elements":[{"name":"cube","from":[5.0,2.6,3.1999998],"to":[11.0,8.6,12.8],"rotation":{"angle":22.5,"axis":"x","origin":[5.6,2.6,11.6]},"faces":{"down":{"uv":[4.0,0.0,12.0,8.0],"rotation":0,"texture":"#0","tintindex":0},"east":{"uv":[0.0,0.0,4.0,8.0],"rotation":0,"texture":"#0","tintindex":0},"north":{"uv":[0.0,0.0,4.0,8.0],"rotation":0,"texture":"#0","tintindex":0},"south":{"uv":[0.0,0.0,4.0,8.0],"rotation":0,"texture":"#0","tintindex":0},"up":{"uv":[0.0,0.0,4.0,8.0],"rotation":0,"texture":"#0","tintindex":0},"west":{"uv":[0.0,0.0,4.0,8.0],"rotation":0,"texture":"#0","tintindex":0}}},{"name":"cube","from":[3.7999997,3.7999997,-0.40000033],"to":[12.2,11.0,8.0],"rotation":{"angle":22.5,"axis":"x","origin":[5.6,3.7999997,8.0]},"faces":{"down":{"uv":[4.0,0.0,12.0,8.0],"rotation":0,"texture":"#0","tintindex":0},"east":{"uv":[0.0,0.0,4.0,8.0],"rotation":0,"texture":"#0","tintindex":0},"north":{"uv":[0.0,0.0,4.0,8.0],"rotation":0,"texture":"#0","tintindex":0},"south":{"uv":[4.0,9.5,12.5,6.25],"rotation":0,"texture":"#0","tintindex":0},"up":{"uv":[0.0,0.0,4.0,5.25],"rotation":0,"texture":"#0","tintindex":0},"west":{"uv":[0.0,0.0,4.0,8.0],"rotation":0,"texture":"#0","tintindex":0}}},{"name":"cube","from":[2.6,2.6,-1.6000004],"to":[13.400001,9.8,6.8],"rotation":{"angle":22.5,"axis":"x","origin":[5.6,3.7999997,8.0]},"faces":{"down":{"uv":[4.0,0.0,12.0,8.0],"rotation":0,"texture":"#0","tintindex":0},"east":{"uv":[0.0,0.0,4.0,8.0],"rotation":0,"texture":"#0","tintindex":0},"north":{"uv":[0.0,0.0,4.0,8.0],"rotation":0,"texture":"#0","tintindex":0},"south":{"uv":[4.0,9.5,12.5,6.25],"rotation":0,"texture":"#0","tintindex":0},"up":{"uv":[0.0,0.0,4.0,8.0],"rotation":0,"texture":"#0","tintindex":0},"west":{"uv":[0.0,0.0,4.0,8.0],"rotation":0,"texture":"#0","tintindex":0}}},{"name":"cube","from":[4.3999996,2.6,11.6],"to":[11.6,9.2,17.6],"rotation":{"angle":-22.5,"axis":"x","origin":[5.6,2.6,15.2]},"faces":{"down":{"uv":[4.0,0.0,12.0,8.0],"rotation":0,"texture":"#0","tintindex":0},"east":{"uv":[0.0,0.0,4.0,8.0],"rotation":0,"texture":"#0","tintindex":0},"north":{"uv":[3.5,9.5,12.5,6.0],"rotation":0,"texture":"#0","tintindex":0},"south":{"uv":[4.25,9.5,12.0,4.75],"rotation":0,"texture":"#0","tintindex":0},"up":{"uv":[0.0,0.0,4.0,8.0],"rotation":0,"texture":"#0","tintindex":0},"west":{"uv":[0.0,0.0,4.0,8.0],"rotation":0,"texture":"#0","tintindex":0}}}],"display":{"head":{"translation":[0.0,-6.4,0.0],"rotation":[0.0,0.0,0.0],"scale":[3.8095,3.8095,3.8095]}}}