{"textures":{"0":"modelengine:entity/boar"},"elements":[{"name":"cube","from":[6.3339195,10.152319,6.6526403],"to":[11.42456,11.890639,11.9048],"rotation":{"angle":-22.5,"axis":"x","origin":[7.0615997,6.4246397,11.26328]},"faces":{"down":{"uv":[3.75,6.25,2.75,7.375],"rotation":0,"texture":"#0","tintindex":0},"east":{"uv":[12.375,11.375,13.5,11.75],"rotation":0,"texture":"#0","tintindex":0},"north":{"uv":[7.375,3.25,8.375,3.625],"rotation":0,"texture":"#0","tintindex":0},"south":{"uv":[12.5,9.875,13.5,10.25],"rotation":0,"texture":"#0","tintindex":0},"up":{"uv":[7.25,3.625,6.25,2.5],"rotation":0,"texture":"#0","tintindex":0},"west":{"uv":[12.5,0.875,13.625,1.25],"rotation":0,"texture":"#0","tintindex":0}}},{"name":"cube","from":[6.42008,6.8523197,7.41416],"to":[11.3384,12.04448,11.1248],"rotation":{"angle":-22.5,"axis":"x","origin":[7.0615997,6.4246397,11.26328]},"faces":{"down":{"uv":[11.5,0.875,10.5,1.625],"rotation":0,"texture":"#0","tintindex":0},"east":{"uv":[9.5,2.875,10.25,4.0],"rotation":0,"texture":"#0","tintindex":0},"north":{"uv":[6.5,1.125,7.5,2.25],"rotation":0,"texture":"#0","tintindex":0},"south":{"uv":[6.875,5.0,7.875,6.125],"rotation":0,"texture":"#0","tintindex":0},"up":{"uv":[3.0,11.125,2.0,10.375],"rotation":0,"texture":"#0","tintindex":0},"west":{"uv":[6.25,9.5,7.0,10.625],"rotation":0,"texture":"#0","tintindex":0}}},{"name":"cube","from":[2.1432798,12.839839,6.77264],"to":[4.49552,14.550559,7.41416],"rotation":{"angle":-45.0,"axis":"z","origin":[0.43255973,8.776879,11.26328]},"faces":{"down":{"uv":[14.625,4.625,14.125,4.75],"rotation":0,"texture":"#0","tintindex":0},"east":{"uv":[13.375,14.125,13.5,14.5],"rotation":0,"texture":"#0","tintindex":0},"north":{"uv":[8.0,13.5,8.5,13.875],"rotation":0,"texture":"#0","tintindex":0},"south":{"uv":[8.625,13.5,9.125,13.875],"rotation":0,"texture":"#0","tintindex":0},"up":{"uv":[14.625,4.5,14.125,4.375],"rotation":0,"texture":"#0","tintindex":0},"west":{"uv":[0.0,14.25,0.125,14.625],"rotation":0,"texture":"#0","tintindex":0}}},{"name":"cube","from":[13.04912,12.839839,6.77264],"to":[15.4013605,14.550559,7.41416],"rotation":{"angle":45.0,"axis":"z","origin":[17.11208,8.776879,11.26328]},"faces":{"down":{"uv":[14.625,7.625,14.125,7.75],"rotation":0,"texture":"#0","tintindex":0},"east":{"uv":[14.25,0.0,14.375,0.375],"rotation":0,"texture":"#0","tintindex":0},"north":{"uv":[11.5,13.5,12.0,13.875],"rotation":0,"texture":"#0","tintindex":0},"south":{"uv":[12.125,13.5,12.625,13.875],"rotation":0,"texture":"#0","tintindex":0},"up":{"uv":[14.625,7.5,14.125,7.375],"rotation":0,"texture":"#0","tintindex":0},"west":{"uv":[0.25,14.25,0.375,14.625],"rotation":0,"texture":"#0","tintindex":0}}},{"name":"cube","from":[5.9924,4.7139196,4.84808],"to":[11.76608,7.4938397,9.12488],"rotation":{"angle":-22.5,"axis":"x","origin":[7.0615997,3.8585598,6.9864798]},"faces":{"down":{"uv":[2.375,7.375,1.125,8.25],"rotation":0,"texture":"#0","tintindex":0},"east":{"uv":[11.625,3.375,12.5,4.0],"rotation":0,"texture":"#0","tintindex":0},"north":{"uv":[9.75,9.375,11.0,10.0],"rotation":0,"texture":"#0","tintindex":0},"south":{"uv":[10.0,5.375,11.25,6.0],"rotation":0,"texture":"#0","tintindex":0},"up":{"uv":[8.5,8.125,7.25,7.25],"rotation":0,"texture":"#0","tintindex":0},"west":{"uv":[4.75,11.75,5.625,12.375],"rotation":0,"texture":"#0","tintindex":0}}},{"name":"cube","from":[6.42008,7.1150684,5.762909],"to":[7.2754397,8.330428,6.7536287],"rotation":{"angle":0.0,"axis":"x","origin":[8.87924,7.902748,6.2582684]},"faces":{"down":{"uv":[7.25,11.875,7.75,12.375],"rotation":0,"texture":"#0","tintindex":0},"east":{"uv":[7.25,11.875,7.75,12.375],"rotation":0,"texture":"#0","tintindex":0},"north":{"uv":[7.25,11.875,7.75,12.375],"rotation":0,"texture":"#0","tintindex":0},"south":{"uv":[7.25,11.875,7.75,12.375],"rotation":0,"texture":"#0","tintindex":0},"up":{"uv":[7.25,11.875,7.75,12.375],"rotation":0,"texture":"#0","tintindex":0},"west":{"uv":[7.75,11.875,7.25,12.375],"rotation":0,"texture":"#0","tintindex":0}}},{"name":"cube","from":[6.3000803,6.8750677,5.7029085],"to":[7.1554403,8.090428,6.693629],"rotation":{"angle":0.0,"axis":"x","origin":[8.87924,7.902748,6.2582684]},"faces":{"down":{"uv":[1.125,15.0,1.625,15.5],"rotation":0,"texture":"#0","tintindex":0},"east":{"uv":[1.125,15.0,1.625,15.5],"rotation":0,"texture":"#0","tintindex":0},"north":{"uv":[0.0,14.75,0.5,15.25],"rotation":0,"texture":"#0","tintindex":0},"south":{"uv":[1.125,15.0,1.625,15.5],"rotation":0,"texture":"#0","tintindex":0},"up":{"uv":[1.125,15.0,1.625,15.5],"rotation":0,"texture":"#0","tintindex":0},"west":{"uv":[1.125,15.0,1.625,15.5],"rotation":0,"texture":"#0","tintindex":0}}},{"name":"cube","from":[10.800079,6.8750677,5.7029085],"to":[11.65544,8.090428,6.693629],"rotation":{"angle":0.0,"axis":"x","origin":[8.87924,7.902748,6.2582684]},"faces":{"down":{"uv":[7.25,11.875,7.75,12.375],"rotation":0,"texture":"#0","tintindex":0},"east":{"uv":[1.5,15.0,1.0,15.5],"rotation":0,"texture":"#0","tintindex":0},"north":{"uv":[0.0,14.75,0.5,15.25],"rotation":0,"texture":"#0","tintindex":0},"south":{"uv":[7.25,11.875,7.75,12.375],"rotation":0,"texture":"#0","tintindex":0},"up":{"uv":[1.125,15.0,1.625,15.5],"rotation":0,"texture":"#0","tintindex":0},"west":{"uv":[1.5,15.0,1.0,15.5],"rotation":0,"texture":"#0","tintindex":0}}},{"name":"cube","from":[10.48304,7.1150684,5.762909],"to":[11.3384,8.330428,6.7536287],"rotation":{"angle":0.0,"axis":"x","origin":[8.87924,7.902748,6.2582684]},"faces":{"down":{"uv":[7.25,11.875,7.75,12.375],"rotation":0,"texture":"#0","tintindex":0},"east":{"uv":[7.25,11.875,7.75,12.375],"rotation":0,"texture":"#0","tintindex":0},"north":{"uv":[7.75,11.875,7.25,12.375],"rotation":0,"texture":"#0","tintindex":0},"south":{"uv":[7.25,11.875,7.75,12.375],"rotation":0,"texture":"#0","tintindex":0},"up":{"uv":[1.125,15.0,1.625,15.5],"rotation":0,"texture":"#0","tintindex":0},"west":{"uv":[7.25,11.875,7.75,12.375],"rotation":0,"texture":"#0","tintindex":0}}},{"name":"cube","from":[5.7785597,5.5692797,4.4204],"to":[11.97992,6.8523197,6.9864798],"rotation":{"angle":-22.5,"axis":"x","origin":[7.0615997,3.8585598,6.9864798]},"faces":{"down":{"uv":[12.375,8.875,11.125,9.375],"rotation":0,"texture":"#0","tintindex":0},"east":{"uv":[14.0,7.0,14.5,7.25],"rotation":0,"texture":"#0","tintindex":0},"north":{"uv":[10.5,1.75,11.75,2.0],"rotation":0,"texture":"#0","tintindex":0},"south":{"uv":[12.75,7.5,14.0,7.75],"rotation":0,"texture":"#0","tintindex":0},"up":{"uv":[12.375,8.75,11.125,8.25],"rotation":0,"texture":"#0","tintindex":0},"west":{"uv":[7.375,14.0,7.875,14.25],"rotation":0,"texture":"#0","tintindex":0}}},{"name":"cube","from":[10.910721,4.7139196,2.9235196],"to":[11.76608,5.5692797,5.0619197],"rotation":{"angle":-22.5,"axis":"x","origin":[11.55224,3.4308798,4.4204]},"faces":{"down":{"uv":[4.625,12.75,4.5,13.25],"rotation":0,"texture":"#0","tintindex":0},"east":{"uv":[7.125,4.75,7.625,4.875],"rotation":0,"texture":"#0","tintindex":0},"north":{"uv":[6.25,1.125,6.375,1.25],"rotation":0,"texture":"#0","tintindex":0},"south":{"uv":[7.75,4.75,7.875,4.875],"rotation":0,"texture":"#0","tintindex":0},"up":{"uv":[9.875,5.875,9.75,5.375],"rotation":0,"texture":"#0","tintindex":0},"west":{"uv":[7.625,2.125,8.125,2.25],"rotation":0,"texture":"#0","tintindex":0}}},{"name":"cube","from":[5.9924,4.7139196,2.9235196],"to":[6.84776,5.5692797,5.0619197],"rotation":{"angle":-22.5,"axis":"x","origin":[6.2062397,3.4308798,4.4204]},"faces":{"down":{"uv":[4.25,14.125,4.125,14.625],"rotation":0,"texture":"#0","tintindex":0},"east":{"uv":[14.125,3.875,14.625,4.0],"rotation":0,"texture":"#0","tintindex":0},"north":{"uv":[13.0,12.5,13.125,12.625],"rotation":0,"texture":"#0","tintindex":0},"south":{"uv":[13.25,12.5,13.375,12.625],"rotation":0,"texture":"#0","tintindex":0},"up":{"uv":[4.0,14.625,3.875,14.125],"rotation":0,"texture":"#0","tintindex":0},"west":{"uv":[14.125,4.125,14.625,4.25],"rotation":0,"texture":"#0","tintindex":0}}},{"name":"cube","from":[7.0615997,4.5000796,2.4958403],"to":[7.4892797,5.9969597,3.1373594],"rotation":{"angle":-45.0,"axis":"x","origin":[6.6339197,3.2170398,3.9927194]},"faces":{"down":{"uv":[14.375,6.375,14.25,6.5],"rotation":0,"texture":"#0","tintindex":0},"east":{"uv":[11.125,5.0,11.25,5.25],"rotation":0,"texture":"#0","tintindex":0},"north":{"uv":[1.75,10.875,1.875,11.125],"rotation":0,"texture":"#0","tintindex":0},"south":{"uv":[12.5,1.375,12.625,1.625],"rotation":0,"texture":"#0","tintindex":0},"up":{"uv":[5.25,13.625,5.125,13.5],"rotation":0,"texture":"#0","tintindex":0},"west":{"uv":[5.0,14.25,5.125,14.5],"rotation":0,"texture":"#0","tintindex":0}}},{"name":"cube","from":[7.0615997,4.5000796,1.6404802],"to":[7.4892797,5.9969597,2.0681596],"rotation":{"angle":-22.5,"axis":"x","origin":[6.42008,3.2170398,2.9235196]},"faces":{"down":{"uv":[0.625,14.375,0.5,14.5],"rotation":0,"texture":"#0","tintindex":0},"east":{"uv":[5.5,14.25,5.625,14.5],"rotation":0,"texture":"#0","tintindex":0},"north":{"uv":[5.25,14.25,5.375,14.5],"rotation":0,"texture":"#0","tintindex":0},"south":{"uv":[14.25,5.625,14.375,5.875],"rotation":0,"texture":"#0","tintindex":0},"up":{"uv":[14.25,14.375,14.125,14.25],"rotation":0,"texture":"#0","tintindex":0},"west":{"uv":[5.75,14.25,5.875,14.5],"rotation":0,"texture":"#0","tintindex":0}}},{"name":"cube","from":[10.269199,4.5000796,1.6404802],"to":[10.69688,5.9969597,2.0681596],"rotation":{"angle":-22.5,"axis":"x","origin":[9.62768,3.2170398,2.9235196]},"faces":{"down":{"uv":[0.875,14.375,0.75,14.5],"rotation":0,"texture":"#0","tintindex":0},"east":{"uv":[14.25,6.0,14.375,6.25],"rotation":0,"texture":"#0","tintindex":0},"north":{"uv":[6.0,14.25,6.125,14.5],"rotation":0,"texture":"#0","tintindex":0},"south":{"uv":[6.25,14.25,6.375,14.5],"rotation":0,"texture":"#0","tintindex":0},"up":{"uv":[14.5,0.625,14.375,0.5],"rotation":0,"texture":"#0","tintindex":0},"west":{"uv":[6.5,14.25,6.625,14.5],"rotation":0,"texture":"#0","tintindex":0}}},{"name":"cube","from":[10.269199,4.5000796,2.4958403],"to":[10.69688,6.2107997,3.1373594],"rotation":{"angle":-45.0,"axis":"x","origin":[9.84152,3.2170398,3.9927194]},"faces":{"down":{"uv":[14.0,14.25,13.875,14.375],"rotation":0,"texture":"#0","tintindex":0},"east":{"uv":[0.5,13.5,0.625,13.875],"rotation":0,"texture":"#0","tintindex":0},"north":{"uv":[3.125,10.375,3.25,10.75],"rotation":0,"texture":"#0","tintindex":0},"south":{"uv":[12.875,14.125,13.0,14.5],"rotation":0,"texture":"#0","tintindex":0},"up":{"uv":[13.75,14.375,13.625,14.25],"rotation":0,"texture":"#0","tintindex":0},"west":{"uv":[13.125,14.125,13.25,14.5],"rotation":0,"texture":"#0","tintindex":0}}},{"name":"cube","from":[10.69688,2.7893596,0.9989598],"to":[11.55224,5.1415997,1.8543199],"rotation":{"angle":22.5,"axis":"x","origin":[11.55224,1.7201596,0.9989598]},"faces":{"down":{"uv":[8.625,4.5,8.5,4.625],"rotation":0,"texture":"#0","tintindex":0},"east":{"uv":[9.0,14.0,9.125,14.5],"rotation":0,"texture":"#0","tintindex":0},"north":{"uv":[9.25,12.75,9.375,13.25],"rotation":0,"texture":"#0","tintindex":0},"south":{"uv":[11.375,14.0,11.5,14.5],"rotation":0,"texture":"#0","tintindex":0},"up":{"uv":[2.25,8.5,2.125,8.375],"rotation":0,"texture":"#0","tintindex":0},"west":{"uv":[11.625,14.0,11.75,14.5],"rotation":0,"texture":"#0","tintindex":0}}},{"name":"cube","from":[6.2062397,2.7893596,0.9989598],"to":[7.0615997,5.1415997,1.8543199],"rotation":{"angle":22.5,"axis":"x","origin":[6.84776,1.7201596,0.9989598]},"faces":{"down":{"uv":[1.375,14.375,1.25,14.5],"rotation":0,"texture":"#0","tintindex":0},"east":{"uv":[10.375,14.125,10.5,14.625],"rotation":0,"texture":"#0","tintindex":0},"north":{"uv":[10.125,14.125,10.25,14.625],"rotation":0,"texture":"#0","tintindex":0},"south":{"uv":[10.625,14.125,10.75,14.625],"rotation":0,"texture":"#0","tintindex":0},"up":{"uv":[1.125,14.5,1.0,14.375],"rotation":0,"texture":"#0","tintindex":0},"west":{"uv":[12.625,14.125,12.75,14.625],"rotation":0,"texture":"#0","tintindex":0}}},{"name":"cube","from":[10.910721,2.36168,0.35743952],"to":[11.3384,3.0031998,2.70968],"rotation":{"angle":-22.5,"axis":"x","origin":[11.3384,1.0786393,2.0681596]},"faces":{"down":{"uv":[12.25,14.0,12.125,14.5],"rotation":0,"texture":"#0","tintindex":0},"east":{"uv":[8.0,6.0,8.5,6.125],"rotation":0,"texture":"#0","tintindex":0},"north":{"uv":[8.75,4.5,8.875,4.625],"rotation":0,"texture":"#0","tintindex":0},"south":{"uv":[6.25,9.25,6.375,9.375],"rotation":0,"texture":"#0","tintindex":0},"up":{"uv":[12.0,14.5,11.875,14.0],"rotation":0,"texture":"#0","tintindex":0},"west":{"uv":[8.25,2.125,8.75,2.25],"rotation":0,"texture":"#0","tintindex":0}}},{"name":"cube","from":[6.42008,2.36168,0.35743952],"to":[6.84776,3.0031998,2.70968],"rotation":{"angle":-22.5,"axis":"x","origin":[6.42008,1.0786393,2.0681596]},"faces":{"down":{"uv":[3.75,14.125,3.625,14.625],"rotation":0,"texture":"#0","tintindex":0},"east":{"uv":[14.0,10.125,14.5,10.25],"rotation":0,"texture":"#0","tintindex":0},"north":{"uv":[11.375,5.875,11.5,6.0],"rotation":0,"texture":"#0","tintindex":0},"south":{"uv":[11.625,5.875,11.75,6.0],"rotation":0,"texture":"#0","tintindex":0},"up":{"uv":[12.5,14.5,12.375,14.0],"rotation":0,"texture":"#0","tintindex":0},"west":{"uv":[13.75,14.0,14.25,14.125],"rotation":0,"texture":"#0","tintindex":0}}},{"name":"cube","from":[7.0615997,7.4938397,5.0619197],"to":[10.69688,10.915279,9.33872],"rotation":{"angle":-45.0,"axis":"x","origin":[7.0615997,5.1415997,8.6972]},"faces":{"down":{"uv":[11.75,6.125,11.0,7.0],"rotation":0,"texture":"#0","tintindex":0},"east":{"uv":[3.125,10.875,4.0,11.625],"rotation":0,"texture":"#0","tintindex":0},"north":{"uv":[11.5,11.0,12.25,11.75],"rotation":0,"texture":"#0","tintindex":0},"south":{"uv":[11.625,0.875,12.375,1.625],"rotation":0,"texture":"#0","tintindex":0},"up":{"uv":[9.5,11.75,8.75,10.875],"rotation":0,"texture":"#0","tintindex":0},"west":{"uv":[7.75,10.875,8.625,11.625],"rotation":0,"texture":"#0","tintindex":0}}},{"name":"cube","from":[7.4892797,5.3554397,2.4958403],"to":[10.269199,7.28,5.70344],"rotation":{"angle":-45.0,"axis":"x","origin":[6.84776,2.7893596,5.0619197]},"faces":{"down":{"uv":[2.875,12.625,2.25,13.25],"rotation":0,"texture":"#0","tintindex":0},"east":{"uv":[2.375,11.25,3.0,11.625],"rotation":0,"texture":"#0","tintindex":0},"north":{"uv":[10.0,8.125,10.625,8.5],"rotation":0,"texture":"#0","tintindex":0},"south":{"uv":[13.5,0.0,14.125,0.375],"rotation":0,"texture":"#0","tintindex":0},"up":{"uv":[1.375,13.25,0.75,12.625],"rotation":0,"texture":"#0","tintindex":0},"west":{"uv":[1.375,13.5,2.0,13.875],"rotation":0,"texture":"#0","tintindex":0}}},{"name":"cube","from":[7.0615997,4.7139196,3.7788796],"to":[10.69688,5.7831197,6.5587997],"rotation":{"angle":-45.0,"axis":"x","origin":[7.0615997,1.9339994,5.91728]},"faces":{"down":{"uv":[13.0,5.0,12.25,5.625],"rotation":0,"texture":"#0","tintindex":0},"east":{"uv":[13.75,4.875,14.375,5.125],"rotation":0,"texture":"#0","tintindex":0},"north":{"uv":[13.0,11.0,13.75,11.25],"rotation":0,"texture":"#0","tintindex":0},"south":{"uv":[13.5,0.5,14.25,0.75],"rotation":0,"texture":"#0","tintindex":0},"up":{"uv":[12.75,3.25,12.0,2.625],"rotation":0,"texture":"#0","tintindex":0},"west":{"uv":[13.75,5.25,14.375,5.5],"rotation":0,"texture":"#0","tintindex":0}}}],"display":{"head":{"translation":[0.0,-6.4,0.0],"rotation":[0.0,0.0,0.0],"scale":[3.8095,3.8095,3.8095]}}}