{"textures":{"0":"modelengine:entity/boar"},"elements":[{"name":"cube","from":[4.9877596,4.57856,5.43392],"to":[10.156879,8.42768,11.42144],"rotation":{"angle":0.0,"axis":"x","origin":[5.8616,4.36472,10.56608]},"faces":{"down":{"uv":[6.125,0.0,5.0,1.25],"rotation":0,"texture":"#0","tintindex":0},"east":{"uv":[2.125,8.625,3.375,9.375],"rotation":0,"texture":"#0","tintindex":0},"north":{"uv":[5.0,8.875,6.125,9.625],"rotation":0,"texture":"#0","tintindex":0},"south":{"uv":[9.0,0.0,10.125,0.75],"rotation":0,"texture":"#0","tintindex":0},"up":{"uv":[5.75,5.0,4.625,3.75],"rotation":0,"texture":"#0","tintindex":0},"west":{"uv":[8.625,6.0,9.875,6.75],"rotation":0,"texture":"#0","tintindex":0}}},{"name":"cube","from":[4.57856,6.5031204,-1.4089603],"to":[10.779921,10.779921,1.5847995],"rotation":{"angle":45.0,"axis":"x","origin":[5.8616,6.28928,2.0124795]},"faces":{"down":{"uv":[11.0,8.625,9.75,9.25],"rotation":0,"texture":"#0","tintindex":0},"east":{"uv":[3.25,11.75,3.875,12.625],"rotation":0,"texture":"#0","tintindex":0},"north":{"uv":[7.125,3.75,8.375,4.625],"rotation":0,"texture":"#0","tintindex":0},"south":{"uv":[7.25,6.25,8.5,7.125],"rotation":0,"texture":"#0","tintindex":0},"up":{"uv":[5.5,10.375,4.25,9.75],"rotation":0,"texture":"#0","tintindex":0},"west":{"uv":[4.0,11.75,4.625,12.625],"rotation":0,"texture":"#0","tintindex":0}}},{"name":"cube","from":[4.36472,7.57232,-1.6228004],"to":[10.99376,10.993759,1.5847995],"rotation":{"angle":45.0,"axis":"x","origin":[5.8616,6.28928,2.0124795]},"faces":{"down":{"uv":[4.875,8.875,3.5,9.5],"rotation":0,"texture":"#0","tintindex":0},"east":{"uv":[12.25,11.875,12.875,12.625],"rotation":0,"texture":"#0","tintindex":0},"north":{"uv":[7.375,2.375,8.75,3.125],"rotation":0,"texture":"#0","tintindex":0},"south":{"uv":[7.5,0.0,8.875,0.75],"rotation":0,"texture":"#0","tintindex":0},"up":{"uv":[10.25,2.75,8.875,2.125],"rotation":0,"texture":"#0","tintindex":0},"west":{"uv":[5.75,12.375,6.375,13.125],"rotation":0,"texture":"#0","tintindex":0}}},{"name":"cube","from":[3.9370399,5.8616,2.6539998],"to":[11.207601,10.82144,5.00624],"rotation":{"angle":22.5,"axis":"x","origin":[5.8616,6.28928,2.0124795]},"faces":{"down":{"uv":[11.875,2.75,10.375,3.25],"rotation":0,"texture":"#0","tintindex":0},"east":{"uv":[9.625,11.125,10.125,12.25],"rotation":0,"texture":"#0","tintindex":0},"north":{"uv":[1.75,2.5,3.25,3.625],"rotation":0,"texture":"#0","tintindex":0},"south":{"uv":[0.0,2.75,1.5,3.875],"rotation":0,"texture":"#0","tintindex":0},"up":{"uv":[11.875,2.625,10.375,2.125],"rotation":0,"texture":"#0","tintindex":0},"west":{"uv":[1.75,11.25,2.25,12.375],"rotation":0,"texture":"#0","tintindex":0}}},{"name":"cube","from":[4.15088,3.7231998,1.1571195],"to":[10.99376,8.85536,6.71696],"rotation":{"angle":22.5,"axis":"x","origin":[5.8616,4.15088,7.57232]},"faces":{"down":{"uv":[3.0,3.75,1.625,4.875],"rotation":0,"texture":"#0","tintindex":0},"east":{"uv":[5.625,5.125,6.75,6.25],"rotation":0,"texture":"#0","tintindex":0},"north":{"uv":[3.375,2.5,4.75,3.625],"rotation":0,"texture":"#0","tintindex":0},"south":{"uv":[3.5,0.0,4.875,1.125],"rotation":0,"texture":"#0","tintindex":0},"up":{"uv":[4.875,2.375,3.5,1.25],"rotation":0,"texture":"#0","tintindex":0},"west":{"uv":[5.875,3.75,7.0,4.875],"rotation":0,"texture":"#0","tintindex":0}}},{"name":"cube","from":[3.7231998,3.5093598,0.94327974],"to":[11.42144,9.0692,6.9308],"rotation":{"angle":22.5,"axis":"x","origin":[5.8616,4.15088,7.57232]},"faces":{"down":{"uv":[1.625,1.375,0.0,2.625],"rotation":0,"texture":"#0","tintindex":0},"east":{"uv":[4.875,2.5,6.125,3.625],"rotation":0,"texture":"#0","tintindex":0},"north":{"uv":[1.75,0.0,3.375,1.125],"rotation":0,"texture":"#0","tintindex":0},"south":{"uv":[1.75,1.25,3.375,2.375],"rotation":0,"texture":"#0","tintindex":0},"up":{"uv":[1.625,1.25,0.0,0.0],"rotation":0,"texture":"#0","tintindex":0},"west":{"uv":[1.5,5.0,2.75,6.125],"rotation":0,"texture":"#0","tintindex":0}}},{"name":"cube","from":[4.36472,3.9370399,1.3709598],"to":[10.779921,8.64152,6.50312],"rotation":{"angle":22.5,"axis":"x","origin":[5.8616,4.15088,7.57232]},"faces":{"down":{"uv":[1.375,4.0,0.0,5.125],"rotation":0,"texture":"#0","tintindex":0},"east":{"uv":[6.25,0.0,7.375,1.0],"rotation":0,"texture":"#0","tintindex":0},"north":{"uv":[5.0,1.375,6.375,2.375],"rotation":0,"texture":"#0","tintindex":0},"south":{"uv":[0.0,5.25,1.375,6.25],"rotation":0,"texture":"#0","tintindex":0},"up":{"uv":[4.5,4.875,3.125,3.75],"rotation":0,"texture":"#0","tintindex":0},"west":{"uv":[1.5,6.25,2.625,7.25],"rotation":0,"texture":"#0","tintindex":0}}},{"name":"cube","from":[5.2200804,5.6477604,8.21384],"to":[9.924561,10.363041,12.49064],"rotation":{"angle":22.5,"axis":"x","origin":[5.8616,4.57856,10.779921]},"faces":{"down":{"uv":[1.0,8.75,0.0,9.625],"rotation":0,"texture":"#0","tintindex":0},"east":{"uv":[10.75,10.125,11.625,10.875],"rotation":0,"texture":"#0","tintindex":0},"north":{"uv":[10.25,0.0,11.25,0.75],"rotation":0,"texture":"#0","tintindex":0},"south":{"uv":[10.25,4.125,11.25,4.875],"rotation":0,"texture":"#0","tintindex":0},"up":{"uv":[9.625,9.5,8.625,8.625],"rotation":0,"texture":"#0","tintindex":0},"west":{"uv":[0.75,10.875,1.625,11.625],"rotation":0,"texture":"#0","tintindex":0}}},{"name":"cube","from":[5.00624,6.0754404,8.0],"to":[10.1384,9.924561,11.207601],"rotation":{"angle":22.5,"axis":"x","origin":[5.8616,5.00624,10.56608]},"faces":{"down":{"uv":[6.875,10.75,5.75,11.375],"rotation":0,"texture":"#0","tintindex":0},"east":{"uv":[12.25,0.0,12.875,0.75],"rotation":0,"texture":"#0","tintindex":0},"north":{"uv":[9.0,4.5,10.125,5.25],"rotation":0,"texture":"#0","tintindex":0},"south":{"uv":[2.125,9.5,3.25,10.25],"rotation":0,"texture":"#0","tintindex":0},"up":{"uv":[11.5,4.0,10.375,3.375],"rotation":0,"texture":"#0","tintindex":0},"west":{"uv":[12.25,4.125,12.875,4.875],"rotation":0,"texture":"#0","tintindex":0}}},{"name":"cube","from":[5.43392,6.28928,5.2200804],"to":[9.71072,11.63528,8.21384],"rotation":{"angle":22.5,"axis":"x","origin":[5.8616,6.28928,7.78616]},"faces":{"down":{"uv":[8.625,11.75,7.75,12.375],"rotation":0,"texture":"#0","tintindex":0},"east":{"uv":[0.0,10.75,0.625,11.875],"rotation":0,"texture":"#0","tintindex":0},"north":{"uv":[7.625,0.875,8.5,2.0],"rotation":0,"texture":"#0","tintindex":0},"south":{"uv":[3.625,7.625,4.5,8.75],"rotation":0,"texture":"#0","tintindex":0},"up":{"uv":[12.625,7.75,11.75,7.125],"rotation":0,"texture":"#0","tintindex":0},"west":{"uv":[7.0,10.75,7.625,11.875],"rotation":0,"texture":"#0","tintindex":0}}},{"name":"cube","from":[5.43392,6.9308004,3.5093598],"to":[9.71072,12.062961,7.57232],"rotation":{"angle":0.0,"axis":"x","origin":[5.8616,6.9308004,6.50312]},"faces":{"down":{"uv":[10.875,6.125,10.0,7.0],"rotation":0,"texture":"#0","tintindex":0},"east":{"uv":[5.625,7.625,6.5,8.75],"rotation":0,"texture":"#0","tintindex":0},"north":{"uv":[4.625,7.625,5.5,8.75],"rotation":0,"texture":"#0","tintindex":0},"south":{"uv":[8.0,4.75,8.875,5.875],"rotation":0,"texture":"#0","tintindex":0},"up":{"uv":[0.875,10.625,0.0,9.75],"rotation":0,"texture":"#0","tintindex":0},"west":{"uv":[6.625,8.25,7.5,9.375],"rotation":0,"texture":"#0","tintindex":0}}},{"name":"cube","from":[5.43392,6.9308004,3.5093598],"to":[9.71072,12.062961,7.57232],"rotation":{"angle":0.0,"axis":"x","origin":[5.8616,6.9308004,6.50312]},"faces":{"down":{"uv":[10.625,10.125,9.75,11.0],"rotation":0,"texture":"#0","tintindex":0},"east":{"uv":[1.125,8.375,2.0,9.5],"rotation":0,"texture":"#0","tintindex":0},"north":{"uv":[7.625,8.25,8.5,9.375],"rotation":0,"texture":"#0","tintindex":0},"south":{"uv":[8.5,3.25,9.375,4.375],"rotation":0,"texture":"#0","tintindex":0},"up":{"uv":[10.875,8.0,10.0,7.125],"rotation":0,"texture":"#0","tintindex":0},"west":{"uv":[8.625,0.875,9.5,2.0],"rotation":0,"texture":"#0","tintindex":0}}},{"name":"cube","from":[5.2200804,6.9308004,2.7893596],"to":[9.924561,13.6568,7.45232],"rotation":{"angle":0.0,"axis":"x","origin":[5.8616,6.9308004,6.50312]},"faces":{"down":{"uv":[1.0,7.625,0.0,8.625],"rotation":0,"texture":"#0","tintindex":0},"east":{"uv":[3.875,6.375,4.875,7.5],"rotation":0,"texture":"#0","tintindex":0},"north":{"uv":[0.0,6.375,1.0,7.5],"rotation":0,"texture":"#0","tintindex":0},"south":{"uv":[5.0,6.375,6.0,7.5],"rotation":0,"texture":"#0","tintindex":0},"up":{"uv":[3.5,8.5,2.5,7.5],"rotation":0,"texture":"#0","tintindex":0},"west":{"uv":[3.875,6.375,4.875,7.5],"rotation":0,"texture":"#0","tintindex":0}}},{"name":"cube","from":[4.52624,6.5031204,4.80008],"to":[10.5584,12.89528,9.0692],"rotation":{"angle":22.5,"axis":"x","origin":[5.8616,6.5031204,8.0]},"faces":{"down":{"uv":[9.875,7.75,8.625,8.5],"rotation":0,"texture":"#0","tintindex":0},"east":{"uv":[7.125,9.5,7.875,10.625],"rotation":0,"texture":"#0","tintindex":0},"north":{"uv":[2.875,5.0,4.125,6.125],"rotation":0,"texture":"#0","tintindex":0},"south":{"uv":[4.25,5.125,5.5,6.25],"rotation":0,"texture":"#0","tintindex":0},"up":{"uv":[9.875,7.625,8.625,6.875],"rotation":0,"texture":"#0","tintindex":0},"west":{"uv":[9.625,0.875,10.375,2.0],"rotation":0,"texture":"#0","tintindex":0}}},{"name":"cube","from":[5.64776,5.546234,8.264904],"to":[9.496881,10.678394,11.686345],"rotation":{"angle":45.0,"axis":"x","origin":[7.57232,7.572314,11.415625]},"faces":{"down":{"uv":[3.125,11.75,2.375,12.5],"rotation":0,"texture":"#0","tintindex":0},"east":{"uv":[3.375,9.625,4.125,10.75],"rotation":0,"texture":"#0","tintindex":0},"north":{"uv":[1.125,9.625,1.875,10.75],"rotation":0,"texture":"#0","tintindex":0},"south":{"uv":[8.0,9.625,8.75,10.75],"rotation":0,"texture":"#0","tintindex":0},"up":{"uv":[1.5,12.5,0.75,11.75],"rotation":0,"texture":"#0","tintindex":0},"west":{"uv":[8.875,9.625,9.625,10.75],"rotation":0,"texture":"#0","tintindex":0}}},{"name":"cube","from":[5.82008,6.965312,1.0550096],"to":[9.2984,12.157473,4.7656493],"rotation":{"angle":-45.0,"axis":"x","origin":[7.55924,10.521393,2.0103292]},"faces":{"down":{"uv":[11.5,0.875,10.5,1.625],"rotation":0,"texture":"#0","tintindex":0},"east":{"uv":[3.875,6.375,4.875,7.5],"rotation":0,"texture":"#0","tintindex":0},"north":{"uv":[6.5,1.125,7.5,2.25],"rotation":0,"texture":"#0","tintindex":0},"south":{"uv":[6.875,5.0,7.875,6.125],"rotation":0,"texture":"#0","tintindex":0},"up":{"uv":[3.0,11.125,2.0,10.375],"rotation":0,"texture":"#0","tintindex":0},"west":{"uv":[3.875,6.375,4.875,7.5],"rotation":0,"texture":"#0","tintindex":0}}},{"name":"cube","from":[7.14464,7.8308,11.42144],"to":[8.21384,8.9,15.27056],"rotation":{"angle":45.0,"axis":"x","origin":[5.8616,5.6477604,13.77368]},"faces":{"down":{"uv":[10.0,13.375,9.75,14.125],"rotation":0,"texture":"#0","tintindex":0},"east":{"uv":[10.25,5.0,11.0,5.25],"rotation":0,"texture":"#0","tintindex":0},"north":{"uv":[6.25,8.875,6.5,9.125],"rotation":0,"texture":"#0","tintindex":0},"south":{"uv":[10.75,8.25,11.0,8.5],"rotation":0,"texture":"#0","tintindex":0},"up":{"uv":[1.375,7.125,1.125,6.375],"rotation":0,"texture":"#0","tintindex":0},"west":{"uv":[11.875,6.75,12.625,7.0],"rotation":0,"texture":"#0","tintindex":0}}}],"display":{"head":{"translation":[0.0,-6.4,0.0],"rotation":[0.0,0.0,0.0],"scale":[3.8095,3.8095,3.8095]}}}