{"textures":{"0":"modelengine:entity/nocsy_dragon_full"},"elements":[{"name":"cube","from":[5.6572723,3.8299994,-0.97000074],"to":[5.6572723,7.4299994,5.0299993],"rotation":{"angle":0.0,"axis":"x","origin":[9.887273,9.559999,-3.7599998]},"faces":{"down":{"uv":[0.0,0.0,0.0,0.3125],"rotation":0,"texture":"#0","tintindex":0},"east":{"uv":[6.75,2.125,7.0625,2.3125],"rotation":0,"texture":"#0","tintindex":0},"north":{"uv":[0.0,0.0,0.0,0.1875],"rotation":0,"texture":"#0","tintindex":0},"south":{"uv":[0.0,0.0,0.0,0.1875],"rotation":0,"texture":"#0","tintindex":0},"up":{"uv":[0.0,0.3125,0.0,0.0],"rotation":0,"texture":"#0","tintindex":0},"west":{"uv":[7.15625,6.9375,7.46875,7.125],"rotation":0,"texture":"#0","tintindex":0}}},{"name":"cube","from":[5.2372723,3.8299994,-2.6500006],"to":[5.2372723,7.4299994,-0.25000024],"rotation":{"angle":-22.5,"axis":"y","origin":[7.367273,8.629999,0.34999967]},"faces":{"down":{"uv":[0.0,0.0,0.0,0.125],"rotation":0,"texture":"#0","tintindex":0},"east":{"uv":[6.5625,9.28125,6.6875,9.46875],"rotation":0,"texture":"#0","tintindex":0},"north":{"uv":[0.0,0.0,0.0,0.1875],"rotation":0,"texture":"#0","tintindex":0},"south":{"uv":[0.0,0.0,0.0,0.1875],"rotation":0,"texture":"#0","tintindex":0},"up":{"uv":[0.0,0.125,0.0,0.0],"rotation":0,"texture":"#0","tintindex":0},"west":{"uv":[6.6875,9.28125,6.8125,9.46875],"rotation":0,"texture":"#0","tintindex":0}}},{"name":"cube","from":[10.762728,3.8299994,-2.6500006],"to":[10.762728,7.4299994,-0.25000024],"rotation":{"angle":22.5,"axis":"y","origin":[8.632727,8.629999,0.34999967]},"faces":{"down":{"uv":[0.0,0.0,0.0,0.125],"rotation":0,"texture":"#0","tintindex":0},"east":{"uv":[9.28125,6.875,9.40625,7.0625],"rotation":0,"texture":"#0","tintindex":0},"north":{"uv":[0.0,0.0,0.0,0.1875],"rotation":0,"texture":"#0","tintindex":0},"south":{"uv":[0.0,0.0,0.0,0.1875],"rotation":0,"texture":"#0","tintindex":0},"up":{"uv":[0.0,0.125,0.0,0.0],"rotation":0,"texture":"#0","tintindex":0},"west":{"uv":[9.28125,7.28125,9.40625,7.46875],"rotation":0,"texture":"#0","tintindex":0}}},{"name":"cube","from":[10.342728,3.8299994,-0.97000074],"to":[10.342728,7.4299994,5.0299993],"rotation":{"angle":0.0,"axis":"x","origin":[6.112727,9.559999,-3.7599998]},"faces":{"down":{"uv":[0.0,0.0,0.0,0.3125],"rotation":0,"texture":"#0","tintindex":0},"east":{"uv":[8.1875,1.9375,8.5,2.125],"rotation":0,"texture":"#0","tintindex":0},"north":{"uv":[0.0,0.0,0.0,0.1875],"rotation":0,"texture":"#0","tintindex":0},"south":{"uv":[0.0,0.0,0.0,0.1875],"rotation":0,"texture":"#0","tintindex":0},"up":{"uv":[0.0,0.3125,0.0,0.0],"rotation":0,"texture":"#0","tintindex":0},"west":{"uv":[8.46875,1.3125,8.78125,1.5],"rotation":0,"texture":"#0","tintindex":0}}},{"name":"cube","from":[6.2,3.7999997,-3.13],"to":[9.8,7.7,-3.13],"rotation":{"angle":0.0,"axis":"x","origin":[6.8,8.929999,-2.5000005]},"faces":{"down":{"uv":[0.1875,0.0,0.0,0.0],"rotation":0,"texture":"#0","tintindex":0},"east":{"uv":[0.0,0.0,0.0,0.21875],"rotation":0,"texture":"#0","tintindex":0},"north":{"uv":[6.0,8.96875,6.1875,9.1875],"rotation":0,"texture":"#0","tintindex":0},"south":{"uv":[8.96875,6.28125,9.15625,6.5],"rotation":0,"texture":"#0","tintindex":0},"up":{"uv":[0.1875,0.0,0.0,0.0],"rotation":0,"texture":"#0","tintindex":0},"west":{"uv":[0.0,0.0,0.0,0.21875],"rotation":0,"texture":"#0","tintindex":0}}},{"name":"cube","from":[7.342727,7.4299994,0.2299993],"to":[8.542727,8.629999,3.8299994],"rotation":{"angle":22.5,"axis":"y","origin":[5.5127273,9.559999,-2.5599995]},"faces":{"down":{"uv":[7.875,4.0,7.8125,4.1875],"rotation":0,"texture":"#0","tintindex":0},"east":{"uv":[6.75,5.4375,6.9375,5.5],"rotation":0,"texture":"#0","tintindex":0},"north":{"uv":[7.59375,8.65625,7.65625,8.71875],"rotation":0,"texture":"#0","tintindex":0},"south":{"uv":[8.78125,1.40625,8.84375,1.46875],"rotation":0,"texture":"#0","tintindex":0},"up":{"uv":[2.0625,7.9375,2.0,7.75],"rotation":0,"texture":"#0","tintindex":0},"west":{"uv":[6.78125,5.0,6.96875,5.0625],"rotation":0,"texture":"#0","tintindex":0}}},{"name":"cube","from":[7.3397293,9.83,2.6299994],"to":[10.93973,11.03,5.0299993],"rotation":{"angle":0.0,"axis":"x","origin":[6.709729,9.559999,-3.7599998]},"faces":{"down":{"uv":[9.53125,5.875,9.34375,6.0],"rotation":0,"texture":"#0","tintindex":0},"east":{"uv":[9.15625,3.1875,9.28125,3.25],"rotation":0,"texture":"#0","tintindex":0},"north":{"uv":[0.9375,6.875,1.125,6.9375],"rotation":0,"texture":"#0","tintindex":0},"south":{"uv":[3.3125,6.875,3.5,6.9375],"rotation":0,"texture":"#0","tintindex":0},"up":{"uv":[5.125,9.46875,4.9375,9.34375],"rotation":0,"texture":"#0","tintindex":0},"west":{"uv":[9.15625,6.875,9.28125,6.9375],"rotation":0,"texture":"#0","tintindex":0}}},{"name":"cube","from":[9.562727,7.4299994,-2.6500006],"to":[10.762728,9.83,-0.25000024],"rotation":{"angle":22.5,"axis":"y","origin":[8.632727,8.629999,0.34999967]},"faces":{"down":{"uv":[0.5625,8.96875,0.5,9.09375],"rotation":0,"texture":"#0","tintindex":0},"east":{"uv":[9.59375,9.28125,9.71875,9.40625],"rotation":0,"texture":"#0","tintindex":0},"north":{"uv":[7.21875,8.5625,7.28125,8.6875],"rotation":0,"texture":"#0","tintindex":0},"south":{"uv":[7.21875,8.6875,7.28125,8.8125],"rotation":0,"texture":"#0","tintindex":0},"up":{"uv":[8.78125,6.46875,8.71875,6.34375],"rotation":0,"texture":"#0","tintindex":0},"west":{"uv":[9.59375,9.40625,9.71875,9.53125],"rotation":0,"texture":"#0","tintindex":0}}},{"name":"cube","from":[7.342727,7.4299994,0.2299993],"to":[8.542727,8.629999,3.8299994],"rotation":{"angle":22.5,"axis":"y","origin":[5.5127273,9.559999,-2.5599995]},"faces":{"down":{"uv":[3.6875,7.875,3.625,8.0625],"rotation":0,"texture":"#0","tintindex":0},"east":{"uv":[6.9375,6.0625,7.125,6.125],"rotation":0,"texture":"#0","tintindex":0},"north":{"uv":[7.21875,8.8125,7.28125,8.875],"rotation":0,"texture":"#0","tintindex":0},"south":{"uv":[8.34375,9.09375,8.40625,9.15625],"rotation":0,"texture":"#0","tintindex":0},"up":{"uv":[7.875,4.375,7.8125,4.1875],"rotation":0,"texture":"#0","tintindex":0},"west":{"uv":[6.96875,5.0,7.15625,5.0625],"rotation":0,"texture":"#0","tintindex":0}}},{"name":"cube","from":[7.9426675,7.4299393,-0.9700608],"to":[10.342788,9.830059,5.0300593],"rotation":{"angle":0.0,"axis":"x","origin":[6.112727,9.559999,-3.7599998]},"faces":{"down":{"uv":[6.4375,9.03125,6.3125,9.34375],"rotation":0,"texture":"#0","tintindex":0},"east":{"uv":[9.0,2.5,9.3125,2.625],"rotation":0,"texture":"#0","tintindex":0},"north":{"uv":[0.375,9.625,0.5,9.75],"rotation":0,"texture":"#0","tintindex":0},"south":{"uv":[0.5,9.625,0.625,9.75],"rotation":0,"texture":"#0","tintindex":0},"up":{"uv":[6.3125,9.34375,6.1875,9.03125],"rotation":0,"texture":"#0","tintindex":0},"west":{"uv":[9.0,2.625,9.3125,2.75],"rotation":0,"texture":"#0","tintindex":0}}},{"name":"cube","from":[9.562727,7.4299994,2.1499996],"to":[10.762728,8.629999,3.35],"rotation":{"angle":0.0,"axis":"x","origin":[7.732727,9.559999,-3.0400014]},"faces":{"down":{"uv":[0.375,9.21875,0.3125,9.28125],"rotation":0,"texture":"#0","tintindex":0},"east":{"uv":[3.4375,9.125,3.5,9.1875],"rotation":0,"texture":"#0","tintindex":0},"north":{"uv":[0.6875,9.125,0.75,9.1875],"rotation":0,"texture":"#0","tintindex":0},"south":{"uv":[4.40625,9.15625,4.46875,9.21875],"rotation":0,"texture":"#0","tintindex":0},"up":{"uv":[0.75,9.25,0.6875,9.1875],"rotation":0,"texture":"#0","tintindex":0},"west":{"uv":[7.03125,9.15625,7.09375,9.21875],"rotation":0,"texture":"#0","tintindex":0}}},{"name":"cube","from":[6.2,9.83,2.6299994],"to":[9.8,11.03,7.4299994],"rotation":{"angle":0.0,"axis":"x","origin":[9.2,9.559999,-3.7599998]},"faces":{"down":{"uv":[2.46875,8.96875,2.28125,9.21875],"rotation":0,"texture":"#0","tintindex":0},"east":{"uv":[3.75,5.4375,4.0,5.5],"rotation":0,"texture":"#0","tintindex":0},"north":{"uv":[7.15625,3.375,7.34375,3.4375],"rotation":0,"texture":"#0","tintindex":0},"south":{"uv":[7.15625,5.0,7.34375,5.0625],"rotation":0,"texture":"#0","tintindex":0},"up":{"uv":[9.15625,2.28125,8.96875,2.03125],"rotation":0,"texture":"#0","tintindex":0},"west":{"uv":[3.5,6.375,3.75,6.4375],"rotation":0,"texture":"#0","tintindex":0}}},{"name":"cube","from":[5.2372723,7.4299994,-2.6500006],"to":[6.4372725,9.83,-0.25000024],"rotation":{"angle":-22.5,"axis":"y","origin":[7.367273,8.629999,0.34999967]},"faces":{"down":{"uv":[0.375,9.09375,0.3125,9.21875],"rotation":0,"texture":"#0","tintindex":0},"east":{"uv":[9.625,0.6875,9.75,0.8125],"rotation":0,"texture":"#0","tintindex":0},"north":{"uv":[8.96875,2.9375,9.03125,3.0625],"rotation":0,"texture":"#0","tintindex":0},"south":{"uv":[8.34375,8.96875,8.40625,9.09375],"rotation":0,"texture":"#0","tintindex":0},"up":{"uv":[1.0625,9.1875,1.0,9.0625],"rotation":0,"texture":"#0","tintindex":0},"west":{"uv":[9.625,0.8125,9.75,0.9375],"rotation":0,"texture":"#0","tintindex":0}}},{"name":"cube","from":[5.0542746,7.4299994,5.0299993],"to":[8.654275,11.03,7.4299994],"rotation":{"angle":0.0,"axis":"x","origin":[10.484274,9.559999,-3.7599998]},"faces":{"down":{"uv":[7.40625,9.34375,7.21875,9.46875],"rotation":0,"texture":"#0","tintindex":0},"east":{"uv":[6.0,9.34375,6.125,9.53125],"rotation":0,"texture":"#0","tintindex":0},"north":{"uv":[9.09375,6.9375,9.28125,7.125],"rotation":0,"texture":"#0","tintindex":0},"south":{"uv":[9.09375,7.34375,9.28125,7.53125],"rotation":0,"texture":"#0","tintindex":0},"up":{"uv":[6.4375,9.46875,6.25,9.34375],"rotation":0,"texture":"#0","tintindex":0},"west":{"uv":[6.125,9.34375,6.25,9.53125],"rotation":0,"texture":"#0","tintindex":0}}},{"name":"cube","from":[7.345725,7.4299994,5.0299993],"to":[10.945725,11.03,7.4299994],"rotation":{"angle":0.0,"axis":"x","origin":[5.515725,9.559999,-3.7599998]},"faces":{"down":{"uv":[9.53125,7.65625,9.34375,7.78125],"rotation":0,"texture":"#0","tintindex":0},"east":{"uv":[7.40625,9.34375,7.53125,9.53125],"rotation":0,"texture":"#0","tintindex":0},"north":{"uv":[9.09375,9.0,9.28125,9.1875],"rotation":0,"texture":"#0","tintindex":0},"south":{"uv":[9.125,0.0,9.3125,0.1875],"rotation":0,"texture":"#0","tintindex":0},"up":{"uv":[7.71875,9.46875,7.53125,9.34375],"rotation":0,"texture":"#0","tintindex":0},"west":{"uv":[9.34375,7.46875,9.46875,7.65625],"rotation":0,"texture":"#0","tintindex":0}}},{"name":"cube","from":[5.0542746,9.83,2.6299994],"to":[8.654275,11.03,5.0299993],"rotation":{"angle":0.0,"axis":"x","origin":[10.484274,9.559999,-3.7599998]},"faces":{"down":{"uv":[9.53125,7.78125,9.34375,7.90625],"rotation":0,"texture":"#0","tintindex":0},"east":{"uv":[3.59375,9.1875,3.71875,9.25],"rotation":0,"texture":"#0","tintindex":0},"north":{"uv":[0.28125,7.3125,0.46875,7.375],"rotation":0,"texture":"#0","tintindex":0},"south":{"uv":[8.0,1.625,8.1875,1.6875],"rotation":0,"texture":"#0","tintindex":0},"up":{"uv":[7.90625,9.46875,7.71875,9.34375],"rotation":0,"texture":"#0","tintindex":0},"west":{"uv":[9.28125,8.09375,9.40625,8.15625],"rotation":0,"texture":"#0","tintindex":0}}},{"name":"cube","from":[5.2372723,7.4299994,2.1499996],"to":[6.4372725,8.629999,3.35],"rotation":{"angle":0.0,"axis":"x","origin":[8.267273,9.559999,-3.0400014]},"faces":{"down":{"uv":[7.09375,9.21875,7.03125,9.28125],"rotation":0,"texture":"#0","tintindex":0},"east":{"uv":[9.21875,5.15625,9.28125,5.21875],"rotation":0,"texture":"#0","tintindex":0},"north":{"uv":[9.21875,3.53125,9.28125,3.59375],"rotation":0,"texture":"#0","tintindex":0},"south":{"uv":[5.6875,9.21875,5.75,9.28125],"rotation":0,"texture":"#0","tintindex":0},"up":{"uv":[6.5,9.28125,6.4375,9.21875],"rotation":0,"texture":"#0","tintindex":0},"west":{"uv":[9.21875,5.6875,9.28125,5.75],"rotation":0,"texture":"#0","tintindex":0}}},{"name":"cube","from":[7.457273,7.4299994,0.2299993],"to":[8.657272,8.629999,3.8299994],"rotation":{"angle":-22.5,"axis":"y","origin":[10.487272,9.559999,-2.5599995]},"faces":{"down":{"uv":[2.0625,7.9375,2.0,8.125],"rotation":0,"texture":"#0","tintindex":0},"east":{"uv":[8.15625,4.28125,8.34375,4.34375],"rotation":0,"texture":"#0","tintindex":0},"north":{"uv":[9.21875,7.28125,9.28125,7.34375],"rotation":0,"texture":"#0","tintindex":0},"south":{"uv":[8.90625,9.21875,8.96875,9.28125],"rotation":0,"texture":"#0","tintindex":0},"up":{"uv":[7.96875,7.5625,7.90625,7.375],"rotation":0,"texture":"#0","tintindex":0},"west":{"uv":[8.5,2.0625,8.6875,2.125],"rotation":0,"texture":"#0","tintindex":0}}},{"name":"cube","from":[5.6572127,7.4299393,-0.9700608],"to":[8.057333,9.830059,5.0300593],"rotation":{"angle":0.0,"axis":"x","origin":[9.887273,9.559999,-3.7599998]},"faces":{"down":{"uv":[1.0,9.0625,0.875,9.375],"rotation":0,"texture":"#0","tintindex":0},"east":{"uv":[9.03125,3.25,9.34375,3.375],"rotation":0,"texture":"#0","tintindex":0},"north":{"uv":[0.9375,9.625,1.0625,9.75],"rotation":0,"texture":"#0","tintindex":0},"south":{"uv":[9.625,0.9375,9.75,1.0625],"rotation":0,"texture":"#0","tintindex":0},"up":{"uv":[0.875,9.375,0.75,9.0625],"rotation":0,"texture":"#0","tintindex":0},"west":{"uv":[9.03125,5.875,9.34375,6.0],"rotation":0,"texture":"#0","tintindex":0}}},{"name":"cube","from":[7.236949,8.929998,-3.0700011],"to":[9.156949,10.85,-1.1499996],"rotation":{"angle":-45.0,"axis":"z","origin":[7.596949,9.92,-5.08]},"faces":{"down":{"uv":[9.75,2.4375,9.625,2.5625],"rotation":0,"texture":"#0","tintindex":0},"east":{"uv":[9.625,1.0625,9.75,1.1875],"rotation":0,"texture":"#0","tintindex":0},"north":{"uv":[1.0625,9.625,1.1875,9.75],"rotation":0,"texture":"#0","tintindex":0},"south":{"uv":[1.1875,9.625,1.3125,9.75],"rotation":0,"texture":"#0","tintindex":0},"up":{"uv":[1.4375,9.75,1.3125,9.625],"rotation":0,"texture":"#0","tintindex":0},"west":{"uv":[9.625,1.1875,9.75,1.3125],"rotation":0,"texture":"#0","tintindex":0}}},{"name":"cube","from":[6.936949,8.39,-2.170001],"to":[9.456949,10.91,0.35000038],"rotation":{"angle":-45.0,"axis":"z","origin":[7.596949,9.68,-2.6799998]},"faces":{"down":{"uv":[4.21875,9.625,4.09375,9.75],"rotation":0,"texture":"#0","tintindex":0},"east":{"uv":[9.625,2.6875,9.75,2.8125],"rotation":0,"texture":"#0","tintindex":0},"north":{"uv":[9.625,2.5625,9.75,2.6875],"rotation":0,"texture":"#0","tintindex":0},"south":{"uv":[9.625,3.3125,9.75,3.4375],"rotation":0,"texture":"#0","tintindex":0},"up":{"uv":[9.75,3.9375,9.625,3.8125],"rotation":0,"texture":"#0","tintindex":0},"west":{"uv":[9.625,3.6875,9.75,3.8125],"rotation":0,"texture":"#0","tintindex":0}}},{"name":"cube","from":[6.79994,7.39994,-3.4900608],"to":[9.20006,8.900061,-0.96994066],"rotation":{"angle":0.0,"axis":"x","origin":[7.4,8.929999,-2.5000005]},"faces":{"down":{"uv":[9.75,4.53125,9.625,4.65625],"rotation":0,"texture":"#0","tintindex":0},"east":{"uv":[9.78125,3.03125,9.90625,3.125],"rotation":0,"texture":"#0","tintindex":0},"north":{"uv":[9.78125,2.9375,9.90625,3.03125],"rotation":0,"texture":"#0","tintindex":0},"south":{"uv":[9.78125,3.125,9.90625,3.21875],"rotation":0,"texture":"#0","tintindex":0},"up":{"uv":[9.75,4.28125,9.625,4.15625],"rotation":0,"texture":"#0","tintindex":0},"west":{"uv":[9.78125,3.21875,9.90625,3.3125],"rotation":0,"texture":"#0","tintindex":0}}},{"name":"cube","from":[6.7939997,8.084,-4.1860013],"to":[9.206,10.736001,-2.0139995],"rotation":{"angle":45.0,"axis":"x","origin":[7.4,9.53,-3.58]},"faces":{"down":{"uv":[5.53125,9.625,5.40625,9.75],"rotation":0,"texture":"#0","tintindex":0},"east":{"uv":[9.40625,6.46875,9.53125,6.625],"rotation":0,"texture":"#0","tintindex":0},"north":{"uv":[9.40625,6.3125,9.53125,6.46875],"rotation":0,"texture":"#0","tintindex":0},"south":{"uv":[9.40625,6.75,9.53125,6.90625],"rotation":0,"texture":"#0","tintindex":0},"up":{"uv":[9.75,4.9375,9.625,4.8125],"rotation":0,"texture":"#0","tintindex":0},"west":{"uv":[6.8125,9.40625,6.9375,9.5625],"rotation":0,"texture":"#0","tintindex":0}}},{"name":"cube","from":[8.0,8.03,-4.840001],"to":[8.0,16.190002,5.2400007],"rotation":{"angle":0.0,"axis":"x","origin":[7.64,9.53,-3.58]},"faces":{"down":{"uv":[0.0,0.0,0.0,0.53125],"rotation":0,"texture":"#0","tintindex":0},"east":{"uv":[6.78125,4.5625,7.3125,5.0],"rotation":0,"texture":"#0","tintindex":0},"north":{"uv":[0.0,0.0,0.0,0.4375],"rotation":0,"texture":"#0","tintindex":0},"south":{"uv":[0.0,0.0,0.0,0.4375],"rotation":0,"texture":"#0","tintindex":0},"up":{"uv":[0.0,0.53125,0.0,0.0],"rotation":0,"texture":"#0","tintindex":0},"west":{"uv":[5.59375,6.8125,6.125,7.25],"rotation":0,"texture":"#0","tintindex":0}}}],"display":{"head":{"translation":[0.0,-6.4,0.0],"rotation":[0.0,0.0,0.0],"scale":[3.8095,3.8095,3.8095]}}}