{"textures":{"0":"modelengine:entity/nocsy_dragon_full"},"elements":[{"name":"cube","from":[6.1379337,6.9513283,6.7205744],"to":[9.017935,24.231327,9.6005745],"rotation":{"angle":0.0,"axis":"x","origin":[9.017935,14.854304,22.650887]},"faces":{"down":{"uv":[6.15625,9.1875,6.0,9.34375],"rotation":0,"texture":"#0","tintindex":0},"east":{"uv":[4.625,7.5,4.78125,8.40625],"rotation":0,"texture":"#0","tintindex":0},"north":{"uv":[1.59375,7.4375,1.75,8.34375],"rotation":0,"texture":"#0","tintindex":0},"south":{"uv":[4.78125,7.5,4.9375,8.40625],"rotation":0,"texture":"#0","tintindex":0},"up":{"uv":[3.59375,9.34375,3.4375,9.1875],"rotation":0,"texture":"#0","tintindex":0},"west":{"uv":[4.9375,7.5,5.09375,8.40625],"rotation":0,"texture":"#0","tintindex":0}}},{"name":"cube","from":[6.9779344,0.83132744,6.9005747],"to":[9.617934,13.671329,9.540575],"rotation":{"angle":-22.5,"axis":"z","origin":[7.5779343,15.591327,8.160575]},"faces":{"down":{"uv":[7.53125,9.1875,7.375,9.34375],"rotation":0,"texture":"#0","tintindex":0},"east":{"uv":[8.0,5.1875,8.15625,5.875],"rotation":0,"texture":"#0","tintindex":0},"north":{"uv":[8.0,3.65625,8.15625,4.34375],"rotation":0,"texture":"#0","tintindex":0},"south":{"uv":[7.65625,8.03125,7.8125,8.71875],"rotation":0,"texture":"#0","tintindex":0},"up":{"uv":[7.375,9.34375,7.21875,9.1875],"rotation":0,"texture":"#0","tintindex":0},"west":{"uv":[7.8125,8.03125,7.96875,8.71875],"rotation":0,"texture":"#0","tintindex":0}}},{"name":"cube","from":[8.057935,6.5913258,6.360575],"to":[8.057935,24.591328,20.760574],"rotation":{"angle":0.0,"axis":"x","origin":[9.017935,14.854304,22.650887]},"faces":{"down":{"uv":[0.0,0.0,0.0,0.75],"rotation":0,"texture":"#0","tintindex":0},"east":{"uv":[4.5,5.5,5.25,6.4375],"rotation":0,"texture":"#0","tintindex":0},"north":{"uv":[0.0,0.0,0.0,0.9375],"rotation":0,"texture":"#0","tintindex":0},"south":{"uv":[0.0,0.0,0.0,0.9375],"rotation":0,"texture":"#0","tintindex":0},"up":{"uv":[0.0,0.75,0.0,0.0],"rotation":0,"texture":"#0","tintindex":0},"west":{"uv":[5.25,5.5,6.0,6.4375],"rotation":0,"texture":"#0","tintindex":0}}},{"name":"cube","from":[6.737934,22.19133,6.960575],"to":[8.897934,24.35133,15.120575],"rotation":{"angle":0.0,"axis":"x","origin":[9.017935,14.854304,22.650887]},"faces":{"down":{"uv":[4.15625,8.9375,4.03125,9.375],"rotation":0,"texture":"#0","tintindex":0},"east":{"uv":[8.90625,7.78125,9.34375,7.90625],"rotation":0,"texture":"#0","tintindex":0},"north":{"uv":[1.53125,9.53125,1.65625,9.65625],"rotation":0,"texture":"#0","tintindex":0},"south":{"uv":[9.53125,1.65625,9.65625,1.78125],"rotation":0,"texture":"#0","tintindex":0},"up":{"uv":[4.03125,9.375,3.90625,8.9375],"rotation":0,"texture":"#0","tintindex":0},"west":{"uv":[8.9375,0.1875,9.375,0.3125],"rotation":0,"texture":"#0","tintindex":0}}},{"name":"cube","from":[6.7439337,17.290392,17.715715],"to":[8.891934,19.438393,22.263714],"rotation":{"angle":22.5,"axis":"x","origin":[7.817934,28.054302,28.890884]},"faces":{"down":{"uv":[6.0,9.15625,5.875,9.40625],"rotation":0,"texture":"#0","tintindex":0},"east":{"uv":[9.15625,3.0625,9.40625,3.1875],"rotation":0,"texture":"#0","tintindex":0},"north":{"uv":[9.53125,2.8125,9.65625,2.9375],"rotation":0,"texture":"#0","tintindex":0},"south":{"uv":[2.90625,9.53125,3.03125,9.65625],"rotation":0,"texture":"#0","tintindex":0},"up":{"uv":[5.875,9.40625,5.75,9.15625],"rotation":0,"texture":"#0","tintindex":0},"west":{"uv":[5.125,9.15625,5.375,9.28125],"rotation":0,"texture":"#0","tintindex":0}}},{"name":"cube","from":[6.4979343,17.044394,21.069714],"to":[9.137934,19.684391,24.909714],"rotation":{"angle":22.5,"axis":"x","origin":[7.817934,28.054302,28.890884]},"faces":{"down":{"uv":[9.40625,5.34375,9.28125,5.53125],"rotation":0,"texture":"#0","tintindex":0},"east":{"uv":[9.28125,3.71875,9.46875,3.84375],"rotation":0,"texture":"#0","tintindex":0},"north":{"uv":[9.53125,2.9375,9.65625,3.0625],"rotation":0,"texture":"#0","tintindex":0},"south":{"uv":[9.53125,3.0625,9.65625,3.1875],"rotation":0,"texture":"#0","tintindex":0},"up":{"uv":[9.40625,5.34375,9.28125,5.15625],"rotation":0,"texture":"#0","tintindex":0},"west":{"uv":[5.125,9.28125,5.3125,9.40625],"rotation":0,"texture":"#0","tintindex":0}}},{"name":"cube","from":[6.857934,8.398426,29.26577],"to":[8.777934,10.318424,31.185768],"rotation":{"angle":45.0,"axis":"x","origin":[7.817934,25.362576,39.46577]},"faces":{"down":{"uv":[9.65625,5.03125,9.53125,5.15625],"rotation":0,"texture":"#0","tintindex":0},"east":{"uv":[9.53125,3.4375,9.65625,3.5625],"rotation":0,"texture":"#0","tintindex":0},"north":{"uv":[9.53125,3.1875,9.65625,3.3125],"rotation":0,"texture":"#0","tintindex":0},"south":{"uv":[9.53125,4.03125,9.65625,4.15625],"rotation":0,"texture":"#0","tintindex":0},"up":{"uv":[9.65625,4.53125,9.53125,4.40625],"rotation":0,"texture":"#0","tintindex":0},"west":{"uv":[9.53125,4.28125,9.65625,4.40625],"rotation":0,"texture":"#0","tintindex":0}}},{"name":"cube","from":[7.217934,26.334698,20.90387],"to":[8.417934,27.534698,22.10387],"rotation":{"angle":-22.5,"axis":"x","origin":[7.817934,25.362576,39.46577]},"faces":{"down":{"uv":[8.125,9.78125,8.03125,9.875],"rotation":0,"texture":"#0","tintindex":0},"east":{"uv":[9.78125,7.53125,9.875,7.625],"rotation":0,"texture":"#0","tintindex":0},"north":{"uv":[7.3125,9.78125,7.40625,9.875],"rotation":0,"texture":"#0","tintindex":0},"south":{"uv":[9.78125,7.625,9.875,7.71875],"rotation":0,"texture":"#0","tintindex":0},"up":{"uv":[8.03125,9.875,7.9375,9.78125],"rotation":0,"texture":"#0","tintindex":0},"west":{"uv":[7.84375,9.78125,7.9375,9.875],"rotation":0,"texture":"#0","tintindex":0}}}],"display":{"head":{"translation":[0.0,-6.4,0.0],"rotation":[0.0,0.0,0.0],"scale":[3.8095,3.8095,3.8095]}}}