{"textures":{"0":"modelengine:entity/nocsy_dragon_full"},"elements":[{"name":"cube","from":[7.4613953,-3.4020367,-1.8093033],"to":[9.17568,8.597963,-0.09501743],"rotation":{"angle":0.0,"axis":"x","origin":[7.6567726,-9.432347,9.397863]},"faces":{"down":{"uv":[9.65625,7.5625,9.53125,7.6875],"rotation":0,"texture":"#0","tintindex":0},"east":{"uv":[7.875,5.1875,8.0,6.0625],"rotation":0,"texture":"#0","tintindex":0},"north":{"uv":[5.09375,7.875,5.21875,8.75],"rotation":0,"texture":"#0","tintindex":0},"south":{"uv":[5.21875,7.875,5.34375,8.75],"rotation":0,"texture":"#0","tintindex":0},"up":{"uv":[7.46875,9.65625,7.34375,9.53125],"rotation":0,"texture":"#0","tintindex":0},"west":{"uv":[5.34375,7.875,5.46875,8.75],"rotation":0,"texture":"#0","tintindex":0}}},{"name":"cube","from":[8.404253,-3.4020367,-1.8093033],"to":[8.404253,31.740814,25.61927],"rotation":{"angle":0.0,"axis":"x","origin":[7.6567726,-9.432347,9.397863]},"faces":{"down":{"uv":[0.0,0.0,0.0,2.0],"rotation":0,"texture":"#0","tintindex":0},"east":{"uv":[0.0,2.5625,2.0,5.125],"rotation":0,"texture":"#0","tintindex":0},"north":{"uv":[0.0,0.0,0.0,2.5625],"rotation":0,"texture":"#0","tintindex":0},"south":{"uv":[0.0,0.0,0.0,2.5625],"rotation":0,"texture":"#0","tintindex":0},"up":{"uv":[0.0,2.0,0.0,0.0],"rotation":0,"texture":"#0","tintindex":0},"west":{"uv":[2.0,2.5625,4.0,5.125],"rotation":0,"texture":"#0","tintindex":0}}},{"name":"cube","from":[7.5471096,11.948309,2.0684814],"to":[9.089967,13.491169,11.325626],"rotation":{"angle":-45.0,"axis":"x","origin":[6.7996297,0.85336685,19.855005]},"faces":{"down":{"uv":[8.34375,7.375,8.21875,8.0625],"rotation":0,"texture":"#0","tintindex":0},"east":{"uv":[8.125,0.0,8.8125,0.125],"rotation":0,"texture":"#0","tintindex":0},"north":{"uv":[9.53125,7.6875,9.65625,7.8125],"rotation":0,"texture":"#0","tintindex":0},"south":{"uv":[7.90625,9.53125,8.03125,9.65625],"rotation":0,"texture":"#0","tintindex":0},"up":{"uv":[7.40625,8.875,7.28125,8.1875],"rotation":0,"texture":"#0","tintindex":0},"west":{"uv":[8.125,0.125,8.8125,0.25],"rotation":0,"texture":"#0","tintindex":0}}},{"name":"cube","from":[7.5471096,-3.9163237,-3.609303],"to":[9.089967,-2.3734655,-0.35216045],"rotation":{"angle":0.0,"axis":"x","origin":[6.7996297,0.85336685,19.855005]},"faces":{"down":{"uv":[9.28125,6.5,9.15625,6.75],"rotation":0,"texture":"#0","tintindex":0},"east":{"uv":[9.15625,6.0,9.40625,6.125],"rotation":0,"texture":"#0","tintindex":0},"north":{"uv":[8.03125,9.53125,8.15625,9.65625],"rotation":0,"texture":"#0","tintindex":0},"south":{"uv":[8.15625,9.53125,8.28125,9.65625],"rotation":0,"texture":"#0","tintindex":0},"up":{"uv":[9.28125,6.5,9.15625,6.25],"rotation":0,"texture":"#0","tintindex":0},"west":{"uv":[9.15625,6.125,9.40625,6.25],"rotation":0,"texture":"#0","tintindex":0}}},{"name":"cube","from":[7.375681,-8.16121,-2.6734028],"to":[9.261395,-6.275497,-0.78768826],"rotation":{"angle":22.5,"axis":"x","origin":[6.7996297,0.25336647,8.240721]},"faces":{"down":{"uv":[0.25,9.5625,0.125,9.6875],"rotation":0,"texture":"#0","tintindex":0},"east":{"uv":[9.53125,9.15625,9.65625,9.28125],"rotation":0,"texture":"#0","tintindex":0},"north":{"uv":[9.0625,9.53125,9.1875,9.65625],"rotation":0,"texture":"#0","tintindex":0},"south":{"uv":[9.1875,9.53125,9.3125,9.65625],"rotation":0,"texture":"#0","tintindex":0},"up":{"uv":[0.125,9.6875,0.0,9.5625],"rotation":0,"texture":"#0","tintindex":0},"west":{"uv":[9.3125,9.53125,9.4375,9.65625],"rotation":0,"texture":"#0","tintindex":0}}},{"name":"cube","from":[7.632824,-11.276014,0.060064316],"to":[9.004252,-9.904588,1.4314928],"rotation":{"angle":45.0,"axis":"x","origin":[6.7996297,0.25336647,8.240721]},"faces":{"down":{"uv":[2.15625,9.5625,2.03125,9.6875],"rotation":0,"texture":"#0","tintindex":0},"east":{"uv":[0.6875,9.5625,0.8125,9.6875],"rotation":0,"texture":"#0","tintindex":0},"north":{"uv":[9.5625,0.125,9.6875,0.25],"rotation":0,"texture":"#0","tintindex":0},"south":{"uv":[0.8125,9.5625,0.9375,9.6875],"rotation":0,"texture":"#0","tintindex":0},"up":{"uv":[2.03125,9.6875,1.90625,9.5625],"rotation":0,"texture":"#0","tintindex":0},"west":{"uv":[9.5625,1.375,9.6875,1.5],"rotation":0,"texture":"#0","tintindex":0}}},{"name":"cube","from":[7.8899665,2.8173466,-5.27432],"to":[8.747109,4.5316324,-4.417177],"rotation":{"angle":-22.5,"axis":"x","origin":[6.7996297,0.25336647,8.240721]},"faces":{"down":{"uv":[0.1875,9.8125,0.09375,9.90625],"rotation":0,"texture":"#0","tintindex":0},"east":{"uv":[5.03125,9.6875,5.125,9.84375],"rotation":0,"texture":"#0","tintindex":0},"north":{"uv":[9.6875,4.65625,9.78125,4.8125],"rotation":0,"texture":"#0","tintindex":0},"south":{"uv":[5.125,9.6875,5.21875,9.84375],"rotation":0,"texture":"#0","tintindex":0},"up":{"uv":[0.09375,9.90625,0.0,9.8125],"rotation":0,"texture":"#0","tintindex":0},"west":{"uv":[5.21875,9.6875,5.3125,9.84375],"rotation":0,"texture":"#0","tintindex":0}}},{"name":"cube","from":[7.5513954,7.707348,7.201393],"to":[9.085681,9.241634,18.164251],"rotation":{"angle":-22.5,"axis":"x","origin":[6.7996297,0.85336685,19.855005]},"faces":{"down":{"uv":[1.875,8.0625,1.75,8.875],"rotation":0,"texture":"#0","tintindex":0},"east":{"uv":[7.96875,6.625,8.78125,6.75],"rotation":0,"texture":"#0","tintindex":0},"north":{"uv":[2.15625,9.5625,2.28125,9.6875],"rotation":0,"texture":"#0","tintindex":0},"south":{"uv":[2.28125,9.5625,2.40625,9.6875],"rotation":0,"texture":"#0","tintindex":0},"up":{"uv":[1.28125,8.875,1.15625,8.0625],"rotation":0,"texture":"#0","tintindex":0},"west":{"uv":[8.0,1.5,8.8125,1.625],"rotation":0,"texture":"#0","tintindex":0}}},{"name":"cube","from":[7.5471096,6.4567356,15.249809],"to":[9.089967,7.999592,26.221237],"rotation":{"angle":0.0,"axis":"x","origin":[6.7996297,12.8121395,33.271263]},"faces":{"down":{"uv":[3.75,8.0625,3.625,8.875],"rotation":0,"texture":"#0","tintindex":0},"east":{"uv":[8.0,4.34375,8.8125,4.46875],"rotation":0,"texture":"#0","tintindex":0},"north":{"uv":[9.5625,2.3125,9.6875,2.4375],"rotation":0,"texture":"#0","tintindex":0},"south":{"uv":[2.40625,9.5625,2.53125,9.6875],"rotation":0,"texture":"#0","tintindex":0},"up":{"uv":[2.0,8.875,1.875,8.0625],"rotation":0,"texture":"#0","tintindex":0},"west":{"uv":[8.0,4.46875,8.8125,4.59375],"rotation":0,"texture":"#0","tintindex":0}}},{"name":"cube","from":[7.375681,6.328163,24.335526],"to":[9.261395,8.213877,27.935524],"rotation":{"angle":0.0,"axis":"x","origin":[6.7996297,12.554995,32.799835]},"faces":{"down":{"uv":[9.28125,7.90625,9.15625,8.15625],"rotation":0,"texture":"#0","tintindex":0},"east":{"uv":[6.65625,9.15625,6.90625,9.28125],"rotation":0,"texture":"#0","tintindex":0},"north":{"uv":[2.53125,9.5625,2.65625,9.6875],"rotation":0,"texture":"#0","tintindex":0},"south":{"uv":[2.65625,9.5625,2.78125,9.6875],"rotation":0,"texture":"#0","tintindex":0},"up":{"uv":[7.03125,9.40625,6.90625,9.15625],"rotation":0,"texture":"#0","tintindex":0},"west":{"uv":[9.15625,6.75,9.40625,6.875],"rotation":0,"texture":"#0","tintindex":0}}},{"name":"cube","from":[7.632824,2.5118465,29.685707],"to":[9.004252,3.883277,31.057144],"rotation":{"angle":22.5,"axis":"x","origin":[6.7996297,10.669283,39.314117]},"faces":{"down":{"uv":[4.09375,9.5625,3.96875,9.6875],"rotation":0,"texture":"#0","tintindex":0},"east":{"uv":[3.46875,9.5625,3.59375,9.6875],"rotation":0,"texture":"#0","tintindex":0},"north":{"uv":[3.21875,9.5625,3.34375,9.6875],"rotation":0,"texture":"#0","tintindex":0},"south":{"uv":[3.59375,9.5625,3.71875,9.6875],"rotation":0,"texture":"#0","tintindex":0},"up":{"uv":[3.96875,9.6875,3.84375,9.5625],"rotation":0,"texture":"#0","tintindex":0},"west":{"uv":[3.71875,9.5625,3.84375,9.6875],"rotation":0,"texture":"#0","tintindex":0}}},{"name":"cube","from":[7.8899665,2.7689905,30.285713],"to":[8.747109,3.626133,32.0],"rotation":{"angle":22.5,"axis":"x","origin":[6.7996297,10.669283,39.314117]},"faces":{"down":{"uv":[5.78125,9.6875,5.6875,9.84375],"rotation":0,"texture":"#0","tintindex":0},"east":{"uv":[9.65625,9.1875,9.8125,9.28125],"rotation":0,"texture":"#0","tintindex":0},"north":{"uv":[9.8125,0.09375,9.90625,0.1875],"rotation":0,"texture":"#0","tintindex":0},"south":{"uv":[9.8125,0.4375,9.90625,0.53125],"rotation":0,"texture":"#0","tintindex":0},"up":{"uv":[5.40625,9.84375,5.3125,9.6875],"rotation":0,"texture":"#0","tintindex":0},"west":{"uv":[5.53125,9.6875,5.6875,9.78125],"rotation":0,"texture":"#0","tintindex":0}}},{"name":"cube","from":[7.465681,3.2430763,2.6023111],"to":[9.171395,11.805933,4.3080254],"rotation":{"angle":22.5,"axis":"x","origin":[6.7996297,16.881939,13.855007]},"faces":{"down":{"uv":[4.53125,9.5625,4.40625,9.6875],"rotation":0,"texture":"#0","tintindex":0},"east":{"uv":[1.28125,8.34375,1.40625,8.96875],"rotation":0,"texture":"#0","tintindex":0},"north":{"uv":[0.125,8.34375,0.25,8.96875],"rotation":0,"texture":"#0","tintindex":0},"south":{"uv":[1.40625,8.34375,1.53125,8.96875],"rotation":0,"texture":"#0","tintindex":0},"up":{"uv":[4.40625,9.6875,4.28125,9.5625],"rotation":0,"texture":"#0","tintindex":0},"west":{"uv":[1.53125,8.34375,1.65625,8.96875],"rotation":0,"texture":"#0","tintindex":0}}},{"name":"cube","from":[7.4613953,4.838272,6.702921],"to":[9.17568,24.552555,8.417206],"rotation":{"angle":45.0,"axis":"x","origin":[6.7996297,16.881939,18.055006]},"faces":{"down":{"uv":[9.6875,4.6875,9.5625,4.8125],"rotation":0,"texture":"#0","tintindex":0},"east":{"uv":[3.0,7.25,3.125,8.6875],"rotation":0,"texture":"#0","tintindex":0},"north":{"uv":[2.875,7.25,3.0,8.6875],"rotation":0,"texture":"#0","tintindex":0},"south":{"uv":[3.125,7.25,3.25,8.6875],"rotation":0,"texture":"#0","tintindex":0},"up":{"uv":[4.65625,9.6875,4.53125,9.5625],"rotation":0,"texture":"#0","tintindex":0},"west":{"uv":[4.0625,7.25,4.1875,8.6875],"rotation":0,"texture":"#0","tintindex":0}}},{"name":"cube","from":[7.2899666,28.57283,15.332382],"to":[9.34711,31.487122,17.389524],"rotation":{"angle":45.0,"axis":"x","origin":[8.318538,30.029976,16.360952]},"faces":{"down":{"uv":[5.28125,9.5625,5.15625,9.6875],"rotation":0,"texture":"#0","tintindex":0},"east":{"uv":[9.28125,6.25,9.40625,6.4375],"rotation":0,"texture":"#0","tintindex":0},"north":{"uv":[9.28125,5.6875,9.40625,5.875],"rotation":0,"texture":"#0","tintindex":0},"south":{"uv":[6.4375,9.28125,6.5625,9.46875],"rotation":0,"texture":"#0","tintindex":0},"up":{"uv":[5.15625,9.6875,5.03125,9.5625],"rotation":0,"texture":"#0","tintindex":0},"west":{"uv":[9.28125,6.4375,9.40625,6.625],"rotation":0,"texture":"#0","tintindex":0}}},{"name":"cube","from":[7.5471096,30.457138,16.992887],"to":[9.089967,32.0,18.535748],"rotation":{"angle":-22.5,"axis":"x","origin":[8.318538,31.228577,17.764317]},"faces":{"down":{"uv":[6.875,9.5625,6.75,9.6875],"rotation":0,"texture":"#0","tintindex":0},"east":{"uv":[9.5625,5.53125,9.6875,5.65625],"rotation":0,"texture":"#0","tintindex":0},"north":{"uv":[5.28125,9.5625,5.40625,9.6875],"rotation":0,"texture":"#0","tintindex":0},"south":{"uv":[5.5625,9.5625,5.6875,9.6875],"rotation":0,"texture":"#0","tintindex":0},"up":{"uv":[5.9375,9.6875,5.8125,9.5625],"rotation":0,"texture":"#0","tintindex":0},"west":{"uv":[5.6875,9.5625,5.8125,9.6875],"rotation":0,"texture":"#0","tintindex":0}}},{"name":"cube","from":[7.8899665,30.899307,17.058851],"to":[8.747109,31.756447,19.63028],"rotation":{"angle":0.0,"axis":"x","origin":[8.318538,31.327873,18.344564]},"faces":{"down":{"uv":[1.75,8.34375,1.65625,8.5625],"rotation":0,"texture":"#0","tintindex":0},"east":{"uv":[8.75,2.75,8.96875,2.84375],"rotation":0,"texture":"#0","tintindex":0},"north":{"uv":[9.8125,0.53125,9.90625,0.625],"rotation":0,"texture":"#0","tintindex":0},"south":{"uv":[0.625,9.8125,0.71875,9.90625],"rotation":0,"texture":"#0","tintindex":0},"up":{"uv":[7.125,8.53125,7.03125,8.3125],"rotation":0,"texture":"#0","tintindex":0},"west":{"uv":[9.28125,9.09375,9.5,9.1875],"rotation":0,"texture":"#0","tintindex":0}}}],"display":{"head":{"translation":[0.0,34.032776,34.62952],"rotation":[0.0,0.0,0.0],"scale":[3.7333333,3.7333333,3.7333333]}}}