{"textures":{"0":"modelengine:entity/nocsy_dragon_full"},"elements":[{"name":"cube","from":[6.913454,6.6145325,-1.9430232],"to":[9.313455,9.014532,-0.74302316],"rotation":{"angle":0.0,"axis":"x","origin":[8.113455,-20.155457,27.285545]},"faces":{"down":{"uv":[8.96875,6.28125,8.84375,6.34375],"rotation":0,"texture":"#0","tintindex":0},"east":{"uv":[3.875,8.1875,3.9375,8.3125],"rotation":0,"texture":"#0","tintindex":0},"north":{"uv":[7.59375,9.59375,7.71875,9.71875],"rotation":0,"texture":"#0","tintindex":0},"south":{"uv":[7.71875,9.59375,7.84375,9.71875],"rotation":0,"texture":"#0","tintindex":0},"up":{"uv":[8.9375,0.25,8.8125,0.1875],"rotation":0,"texture":"#0","tintindex":0},"west":{"uv":[2.0,8.25,2.0625,8.375],"rotation":0,"texture":"#0","tintindex":0}}},{"name":"cube","from":[6.9194546,1.8205312,-1.4570236],"to":[9.307455,8.948531,-0.2690239],"rotation":{"angle":0.0,"axis":"x","origin":[8.113455,-20.155457,27.285545]},"faces":{"down":{"uv":[9.25,4.5,9.125,4.5625],"rotation":0,"texture":"#0","tintindex":0},"east":{"uv":[2.90625,6.375,2.96875,6.75],"rotation":0,"texture":"#0","tintindex":0},"north":{"uv":[0.375,8.96875,0.5,9.34375],"rotation":0,"texture":"#0","tintindex":0},"south":{"uv":[8.96875,0.46875,9.09375,0.84375],"rotation":0,"texture":"#0","tintindex":0},"up":{"uv":[8.71875,8.90625,8.59375,8.84375],"rotation":0,"texture":"#0","tintindex":0},"west":{"uv":[7.09375,2.5625,7.15625,2.9375],"rotation":0,"texture":"#0","tintindex":0}}},{"name":"cube","from":[-0.17130113,4.7005596,3.1089368],"to":[1.0286989,8.300558,5.508937],"rotation":{"angle":-22.5,"axis":"y","origin":[7.3076434,-1.3154545,18.765545]},"faces":{"down":{"uv":[7.65625,8.28125,7.59375,8.40625],"rotation":0,"texture":"#0","tintindex":0},"east":{"uv":[9.28125,7.90625,9.40625,8.09375],"rotation":0,"texture":"#0","tintindex":0},"north":{"uv":[4.65625,6.875,4.71875,7.0625],"rotation":0,"texture":"#0","tintindex":0},"south":{"uv":[5.53125,7.0625,5.59375,7.25],"rotation":0,"texture":"#0","tintindex":0},"up":{"uv":[8.21875,8.375,8.15625,8.25],"rotation":0,"texture":"#0","tintindex":0},"west":{"uv":[8.3125,9.28125,8.4375,9.46875],"rotation":0,"texture":"#0","tintindex":0}}},{"name":"cube","from":[5.4528017,4.7905536,3.5914826],"to":[6.6408014,8.378553,5.9794827],"rotation":{"angle":0.0,"axis":"x","origin":[7.3076434,-1.3154545,18.765545]},"faces":{"down":{"uv":[8.21875,8.375,8.15625,8.5],"rotation":0,"texture":"#0","tintindex":0},"east":{"uv":[8.4375,9.28125,8.5625,9.46875],"rotation":0,"texture":"#0","tintindex":0},"north":{"uv":[3.25,7.25,3.3125,7.4375],"rotation":0,"texture":"#0","tintindex":0},"south":{"uv":[7.3125,4.5625,7.375,4.75],"rotation":0,"texture":"#0","tintindex":0},"up":{"uv":[2.3125,8.5,2.25,8.375],"rotation":0,"texture":"#0","tintindex":0},"west":{"uv":[9.28125,8.90625,9.40625,9.09375],"rotation":0,"texture":"#0","tintindex":0}}},{"name":"cube","from":[5.7134542,8.414533,-0.9830241],"to":[10.513454,12.014533,-0.9830241],"rotation":{"angle":0.0,"axis":"x","origin":[9.313455,-20.155457,27.285545]},"faces":{"down":{"uv":[0.25,0.0,0.0,0.0],"rotation":0,"texture":"#0","tintindex":0},"east":{"uv":[0.0,0.0,0.0,0.1875],"rotation":0,"texture":"#0","tintindex":0},"north":{"uv":[8.96875,0.84375,9.21875,1.03125],"rotation":0,"texture":"#0","tintindex":0},"south":{"uv":[8.96875,1.03125,9.21875,1.21875],"rotation":0,"texture":"#0","tintindex":0},"up":{"uv":[0.25,0.0,0.0,0.0],"rotation":0,"texture":"#0","tintindex":0},"west":{"uv":[0.0,0.0,0.0,0.1875],"rotation":0,"texture":"#0","tintindex":0}}},{"name":"cube","from":[10.426046,8.384554,-1.2145176],"to":[10.426046,11.984553,4.7854824],"rotation":{"angle":0.0,"axis":"x","origin":[9.525206,-1.3154545,18.765545]},"faces":{"down":{"uv":[0.0,0.0,0.0,0.3125],"rotation":0,"texture":"#0","tintindex":0},"east":{"uv":[8.71875,5.90625,9.03125,6.09375],"rotation":0,"texture":"#0","tintindex":0},"north":{"uv":[0.0,0.0,0.0,0.1875],"rotation":0,"texture":"#0","tintindex":0},"south":{"uv":[0.0,0.0,0.0,0.1875],"rotation":0,"texture":"#0","tintindex":0},"up":{"uv":[0.0,0.3125,0.0,0.0],"rotation":0,"texture":"#0","tintindex":0},"west":{"uv":[3.21875,8.75,3.53125,8.9375],"rotation":0,"texture":"#0","tintindex":0}}},{"name":"cube","from":[5.8008623,8.384554,-1.2145176],"to":[5.8008623,11.984553,4.7854824],"rotation":{"angle":0.0,"axis":"x","origin":[6.701704,-1.3154545,18.765545]},"faces":{"down":{"uv":[0.0,0.0,0.0,0.3125],"rotation":0,"texture":"#0","tintindex":0},"east":{"uv":[3.75,8.75,4.0625,8.9375],"rotation":0,"texture":"#0","tintindex":0},"north":{"uv":[0.0,0.0,0.0,0.1875],"rotation":0,"texture":"#0","tintindex":0},"south":{"uv":[0.0,0.0,0.0,0.1875],"rotation":0,"texture":"#0","tintindex":0},"up":{"uv":[0.0,0.3125,0.0,0.0],"rotation":0,"texture":"#0","tintindex":0},"west":{"uv":[4.84375,8.75,5.15625,8.9375],"rotation":0,"texture":"#0","tintindex":0}}},{"name":"cube","from":[5.7134542,4.7845535,-1.2145176],"to":[10.513454,8.384554,4.7854824],"rotation":{"angle":0.0,"axis":"x","origin":[6.374296,-1.3154545,18.765545]},"faces":{"down":{"uv":[3.75,6.0625,3.5,6.375],"rotation":0,"texture":"#0","tintindex":0},"east":{"uv":[5.15625,8.75,5.46875,8.9375],"rotation":0,"texture":"#0","tintindex":0},"north":{"uv":[8.96875,1.21875,9.21875,1.40625],"rotation":0,"texture":"#0","tintindex":0},"south":{"uv":[1.25,8.96875,1.5,9.15625],"rotation":0,"texture":"#0","tintindex":0},"up":{"uv":[4.0,5.4375,3.75,5.125],"rotation":0,"texture":"#0","tintindex":0},"west":{"uv":[0.25,8.78125,0.5625,8.96875],"rotation":0,"texture":"#0","tintindex":0}}},{"name":"cube","from":[6.914055,-3.2687678,-4.256268],"to":[9.312855,0.3300326,-1.8574672],"rotation":{"angle":22.5,"axis":"x","origin":[8.713454,-2.9954543,15.885545]},"faces":{"down":{"uv":[8.53125,9.59375,8.40625,9.71875],"rotation":0,"texture":"#0","tintindex":0},"east":{"uv":[0.5,9.3125,0.625,9.5],"rotation":0,"texture":"#0","tintindex":0},"north":{"uv":[9.3125,0.0,9.4375,0.1875],"rotation":0,"texture":"#0","tintindex":0},"south":{"uv":[0.625,9.3125,0.75,9.5],"rotation":0,"texture":"#0","tintindex":0},"up":{"uv":[8.40625,9.71875,8.28125,9.59375],"rotation":0,"texture":"#0","tintindex":0},"west":{"uv":[1.0,9.3125,1.125,9.5],"rotation":0,"texture":"#0","tintindex":0}}},{"name":"cube","from":[6.3074546,2.408531,-0.98902416],"to":[9.919455,8.420532,1.422976],"rotation":{"angle":0.0,"axis":"x","origin":[8.713454,-20.155457,27.285545]},"faces":{"down":{"uv":[1.3125,9.3125,1.125,9.4375],"rotation":0,"texture":"#0","tintindex":0},"east":{"uv":[7.75,5.4375,7.875,5.75],"rotation":0,"texture":"#0","tintindex":0},"north":{"uv":[8.78125,0.46875,8.96875,0.78125],"rotation":0,"texture":"#0","tintindex":0},"south":{"uv":[8.78125,0.78125,8.96875,1.09375],"rotation":0,"texture":"#0","tintindex":0},"up":{"uv":[9.46875,6.75,9.28125,6.625],"rotation":0,"texture":"#0","tintindex":0},"west":{"uv":[1.5,8.96875,1.625,9.28125],"rotation":0,"texture":"#0","tintindex":0}}},{"name":"cube","from":[6.3134546,2.8945317,0.69697547],"to":[9.913454,8.894532,3.0969756],"rotation":{"angle":0.0,"axis":"x","origin":[8.713454,-20.155457,27.285545]},"faces":{"down":{"uv":[9.5,2.59375,9.3125,2.71875],"rotation":0,"texture":"#0","tintindex":0},"east":{"uv":[4.6875,8.96875,4.8125,9.28125],"rotation":0,"texture":"#0","tintindex":0},"north":{"uv":[8.78125,1.09375,8.96875,1.40625],"rotation":0,"texture":"#0","tintindex":0},"south":{"uv":[8.78125,2.0625,8.96875,2.375],"rotation":0,"texture":"#0","tintindex":0},"up":{"uv":[9.5,2.59375,9.3125,2.46875],"rotation":0,"texture":"#0","tintindex":0},"west":{"uv":[9.0,4.25,9.125,4.5625],"rotation":0,"texture":"#0","tintindex":0}}},{"name":"cube","from":[6.3134546,3.254532,3.0969756],"to":[9.913454,9.254532,5.496976],"rotation":{"angle":0.0,"axis":"x","origin":[8.713454,-20.155457,27.285545]},"faces":{"down":{"uv":[9.5,4.65625,9.3125,4.78125],"rotation":0,"texture":"#0","tintindex":0},"east":{"uv":[8.96875,9.0,9.09375,9.3125],"rotation":0,"texture":"#0","tintindex":0},"north":{"uv":[8.78125,3.4375,8.96875,3.75],"rotation":0,"texture":"#0","tintindex":0},"south":{"uv":[8.78125,3.75,8.96875,4.0625],"rotation":0,"texture":"#0","tintindex":0},"up":{"uv":[9.5,4.28125,9.3125,4.15625],"rotation":0,"texture":"#0","tintindex":0},"west":{"uv":[9.03125,1.40625,9.15625,1.71875],"rotation":0,"texture":"#0","tintindex":0}}},{"name":"cube","from":[6.319454,3.8605323,5.022976],"to":[9.9074545,9.848532,7.410976],"rotation":{"angle":0.0,"axis":"x","origin":[8.713454,-20.155457,27.285545]},"faces":{"down":{"uv":[9.09375,9.3125,8.90625,9.4375],"rotation":0,"texture":"#0","tintindex":0},"east":{"uv":[9.03125,1.71875,9.15625,2.03125],"rotation":0,"texture":"#0","tintindex":0},"north":{"uv":[8.78125,5.0625,8.96875,5.375],"rotation":0,"texture":"#0","tintindex":0},"south":{"uv":[8.78125,6.34375,8.96875,6.65625],"rotation":0,"texture":"#0","tintindex":0},"up":{"uv":[7.21875,9.4375,7.03125,9.3125],"rotation":0,"texture":"#0","tintindex":0},"west":{"uv":[9.03125,2.9375,9.15625,3.25],"rotation":0,"texture":"#0","tintindex":0}}},{"name":"cube","from":[5.300566,-2.5540762,2.3346617],"to":[8.900566,1.0459242,8.3346615],"rotation":{"angle":22.5,"axis":"x","origin":[9.740371,-1.1954541,24.405544]},"faces":{"down":{"uv":[0.75,8.8125,0.5625,9.125],"rotation":0,"texture":"#0","tintindex":0},"east":{"uv":[8.78125,4.0625,9.09375,4.25],"rotation":0,"texture":"#0","tintindex":0},"north":{"uv":[7.40625,4.375,7.59375,4.5625],"rotation":0,"texture":"#0","tintindex":0},"south":{"uv":[8.0,5.875,8.1875,6.0625],"rotation":0,"texture":"#0","tintindex":0},"up":{"uv":[8.96875,6.96875,8.78125,6.65625],"rotation":0,"texture":"#0","tintindex":0},"west":{"uv":[8.78125,5.375,9.09375,5.5625],"rotation":0,"texture":"#0","tintindex":0}}},{"name":"cube","from":[15.198211,4.7005596,3.1089368],"to":[16.39821,8.300558,5.508937],"rotation":{"angle":22.5,"axis":"y","origin":[8.919266,-1.3154545,18.765545]},"faces":{"down":{"uv":[8.53125,5.65625,8.46875,5.78125],"rotation":0,"texture":"#0","tintindex":0},"east":{"uv":[1.3125,9.3125,1.4375,9.5],"rotation":0,"texture":"#0","tintindex":0},"north":{"uv":[7.3125,4.75,7.375,4.9375],"rotation":0,"texture":"#0","tintindex":0},"south":{"uv":[2.0,7.5625,2.0625,7.75],"rotation":0,"texture":"#0","tintindex":0},"up":{"uv":[7.65625,8.53125,7.59375,8.40625],"rotation":0,"texture":"#0","tintindex":0},"west":{"uv":[4.15625,9.3125,4.28125,9.5],"rotation":0,"texture":"#0","tintindex":0}}},{"name":"cube","from":[9.586107,4.7905536,3.5914826],"to":[10.774107,8.378553,5.9794827],"rotation":{"angle":0.0,"axis":"x","origin":[8.919266,-1.3154545,18.765545]},"faces":{"down":{"uv":[7.65625,8.53125,7.59375,8.65625],"rotation":0,"texture":"#0","tintindex":0},"east":{"uv":[0.3125,9.34375,0.4375,9.53125],"rotation":0,"texture":"#0","tintindex":0},"north":{"uv":[7.59375,2.78125,7.65625,2.96875],"rotation":0,"texture":"#0","tintindex":0},"south":{"uv":[5.96875,7.59375,6.03125,7.78125],"rotation":0,"texture":"#0","tintindex":0},"up":{"uv":[2.3125,8.625,2.25,8.5],"rotation":0,"texture":"#0","tintindex":0},"west":{"uv":[1.59375,9.34375,1.71875,9.53125],"rotation":0,"texture":"#0","tintindex":0}}},{"name":"cube","from":[7.326343,-2.5540762,2.3346617],"to":[10.926342,1.0459242,8.3346615],"rotation":{"angle":22.5,"axis":"x","origin":[6.486539,-1.1954541,24.405544]},"faces":{"down":{"uv":[9.03125,1.40625,8.84375,1.71875],"rotation":0,"texture":"#0","tintindex":0},"east":{"uv":[8.78125,6.96875,9.09375,7.15625],"rotation":0,"texture":"#0","tintindex":0},"north":{"uv":[4.8125,9.09375,5.0,9.28125],"rotation":0,"texture":"#0","tintindex":0},"south":{"uv":[9.09375,5.34375,9.28125,5.53125],"rotation":0,"texture":"#0","tintindex":0},"up":{"uv":[9.0,4.5625,8.8125,4.25],"rotation":0,"texture":"#0","tintindex":0},"west":{"uv":[8.8125,0.0,9.125,0.1875],"rotation":0,"texture":"#0","tintindex":0}}},{"name":"cube","from":[5.353454,7.1228695,6.472533],"to":[10.873455,12.642869,9.592534],"rotation":{"angle":0.0,"axis":"x","origin":[10.873161,3.604546,15.405544]},"faces":{"down":{"uv":[6.53125,8.84375,6.21875,9.03125],"rotation":0,"texture":"#0","tintindex":0},"east":{"uv":[8.84375,1.71875,9.03125,2.03125],"rotation":0,"texture":"#0","tintindex":0},"north":{"uv":[8.15625,1.0625,8.46875,1.375],"rotation":0,"texture":"#0","tintindex":0},"south":{"uv":[8.15625,3.65625,8.46875,3.96875],"rotation":0,"texture":"#0","tintindex":0},"up":{"uv":[9.15625,6.28125,8.84375,6.09375],"rotation":0,"texture":"#0","tintindex":0},"west":{"uv":[8.84375,3.09375,9.03125,3.40625],"rotation":0,"texture":"#0","tintindex":0}}}],"display":{"head":{"translation":[0.0,-6.4,0.0],"rotation":[0.0,0.0,0.0],"scale":[3.8095,3.8095,3.8095]}}}