{"textures":{"0":"modelengine:entity/urn"},"elements":[{"name":"cube","from":[5.6,5.6,5.6],"to":[10.4,10.4,10.4],"rotation":{"angle":0.0,"axis":"x","origin":[8.0,5.6,8.0]},"faces":{"down":{"uv":[12.0,0.0,8.0,4.0],"rotation":0,"texture":"#0","tintindex":0},"east":{"uv":[0.0,4.0,4.0,8.0],"rotation":0,"texture":"#0","tintindex":0},"north":{"uv":[0.0,0.0,4.0,4.0],"rotation":0,"texture":"#0","tintindex":0},"south":{"uv":[4.0,0.0,8.0,4.0],"rotation":0,"texture":"#0","tintindex":0},"up":{"uv":[4.0,12.0,0.0,8.0],"rotation":0,"texture":"#0","tintindex":0},"west":{"uv":[4.0,4.0,8.0,8.0],"rotation":0,"texture":"#0","tintindex":0}}},{"name":"cube","from":[6.8,10.4,6.8],"to":[9.2,12.2,9.2],"rotation":{"angle":0.0,"axis":"x","origin":[8.0,5.6,8.0]},"faces":{"down":{"uv":[11.0,7.0,9.0,9.0],"rotation":0,"texture":"#0","tintindex":0},"east":{"uv":[7.0,10.0,9.0,11.5],"rotation":0,"texture":"#0","tintindex":0},"north":{"uv":[9.0,9.0,11.0,10.5],"rotation":0,"texture":"#0","tintindex":0},"south":{"uv":[9.0,10.5,11.0,12.0],"rotation":0,"texture":"#0","tintindex":0},"up":{"uv":[9.0,10.0,7.0,8.0],"rotation":0,"texture":"#0","tintindex":0},"west":{"uv":[4.0,11.0,6.0,12.5],"rotation":0,"texture":"#0","tintindex":0}}},{"name":"cube","from":[6.2,12.2,6.2],"to":[9.8,12.8,9.8],"rotation":{"angle":0.0,"axis":"x","origin":[8.0,5.6,8.0]},"faces":{"down":{"uv":[11.0,4.0,8.0,7.0],"rotation":0,"texture":"#0","tintindex":0},"east":{"uv":[11.0,4.5,14.0,5.0],"rotation":0,"texture":"#0","tintindex":0},"north":{"uv":[11.0,4.0,14.0,4.5],"rotation":0,"texture":"#0","tintindex":0},"south":{"uv":[11.0,5.0,14.0,5.5],"rotation":0,"texture":"#0","tintindex":0},"up":{"uv":[7.0,11.0,4.0,8.0],"rotation":0,"texture":"#0","tintindex":0},"west":{"uv":[11.0,5.5,14.0,6.0],"rotation":0,"texture":"#0","tintindex":0}}}],"display":{"head":{"translation":[0.0,-6.4,0.0],"rotation":[0.0,0.0,0.0],"scale":[3.8095,3.8095,3.8095]}}}