{
	"credit": "Made with Blockbench",
	"textures": {
		"texture": "weapon/katana/unnamed_katana",
		"particle": "weapon/katana/unnamed_katana"
	},
	"elements": [
		{
			"name": "Voxels",
			"from": [6.75, 7.5, 15.75],
			"to": [10, 8.75, 16],
			"faces": {
				"north": {"uv": [8.75, 13.25, 5.5, 14.5], "texture": "#texture"},
				"east": {"uv": [2.5, 4, 2.25, 5.25], "texture": "#texture"},
				"south": {"uv": [8.75, 13.25, 12, 14.5], "texture": "#texture"},
				"west": {"uv": [1, 0.25, 1.25, 1.5], "texture": "#texture"},
				"up": {"uv": [10.5, 11, 13.75, 10.75], "texture": "#texture"},
				"down": {"uv": [10.5, 10.5, 13.75, 10.75], "texture": "#texture"}
			}
		},
		{
			"name": "Voxels",
			"from": [7, 7, 15.75],
			"to": [9.75, 7.5, 16],
			"faces": {
				"north": {"uv": [13.5, 15.5, 10.75, 16], "texture": "#texture"},
				"east": {"uv": [16, 7.75, 15.75, 8.25], "texture": "#texture"},
				"south": {"uv": [12.5, 12.25, 15.25, 12.75], "texture": "#texture"},
				"west": {"uv": [15.75, 7.25, 16, 7.75], "texture": "#texture"},
				"up": {"uv": [11.5, 14.75, 14.25, 14.5], "texture": "#texture"},
				"down": {"uv": [12.5, 12, 15.25, 12.25], "texture": "#texture"}
			}
		},
		{
			"name": "Voxels",
			"from": [7, 8.75, 15.75],
			"to": [9.75, 9.25, 16],
			"faces": {
				"north": {"uv": [15.25, 12.75, 12.5, 13.25], "texture": "#texture"},
				"east": {"uv": [15.5, 7.75, 15.25, 8.25], "texture": "#texture"},
				"south": {"uv": [11.5, 14.75, 14.25, 15.25], "texture": "#texture"},
				"west": {"uv": [15.5, 7.75, 15.75, 8.25], "texture": "#texture"},
				"up": {"uv": [10.5, 10.5, 13.25, 10.25], "texture": "#texture"},
				"down": {"uv": [10.75, 15.25, 13.5, 15.5], "texture": "#texture"}
			}
		},
		{
			"name": "Voxels",
			"from": [7.25, 6.75, 15.75],
			"to": [9.5, 7, 16],
			"faces": {
				"north": {"uv": [12.75, 10, 10.5, 10.25], "texture": "#texture"},
				"east": {"uv": [12.5, 8.25, 12.25, 8.5], "texture": "#texture"},
				"south": {"uv": [6.5, 9.75, 8.75, 10], "texture": "#texture"},
				"west": {"uv": [11.5, 8.25, 11.75, 8.5], "texture": "#texture"},
				"up": {"uv": [13.75, 11.25, 16, 11], "texture": "#texture"},
				"down": {"uv": [13.75, 11.25, 16, 11.5], "texture": "#texture"}
			}
		},
		{
			"name": "Voxels",
			"from": [7.25, 9.25, 15.75],
			"to": [9.5, 9.5, 16],
			"faces": {
				"north": {"uv": [16, 11.75, 13.75, 12], "texture": "#texture"},
				"east": {"uv": [14.5, 8.25, 14.25, 8.5], "texture": "#texture"},
				"south": {"uv": [13.75, 11.5, 16, 11.75], "texture": "#texture"},
				"west": {"uv": [12.75, 8.25, 13, 8.5], "texture": "#texture"},
				"up": {"uv": [11, 10, 13.25, 9.75], "texture": "#texture"},
				"down": {"uv": [8.75, 9.75, 11, 10], "texture": "#texture"}
			}
		},
		{
			"name": "Voxels",
			"from": [7.75, 6.5, 15.75],
			"to": [9, 6.75, 16],
			"faces": {
				"north": {"uv": [2.5, 0, 1.25, 0.25], "texture": "#texture"},
				"east": {"uv": [8.75, 6.75, 8.5, 7], "texture": "#texture"},
				"south": {"uv": [6.75, 10, 8, 10.25], "texture": "#texture"},
				"west": {"uv": [15, 8.25, 15.25, 8.5], "texture": "#texture"},
				"up": {"uv": [1.25, 0.5, 2.5, 0.25], "texture": "#texture"},
				"down": {"uv": [0, 0, 1.25, 0.25], "texture": "#texture"}
			}
		},
		{
			"name": "Voxels",
			"from": [7.75, 7.5, 15],
			"to": [9, 8.5, 15.75],
			"faces": {
				"north": {"uv": [6.75, 10, 5.5, 11], "texture": "#texture"},
				"east": {"uv": [5.5, 2.75, 4.75, 3.75], "texture": "#texture"},
				"south": {"uv": [1.25, 1.75, 2.5, 2.75], "texture": "#texture"},
				"west": {"uv": [4.75, 3.75, 5.5, 4.75], "texture": "#texture"},
				"up": {"uv": [6.75, 11, 8, 10.25], "texture": "#texture"},
				"down": {"uv": [14.25, 14.5, 15.5, 15.25], "texture": "#texture"}
			}
		},
		{
			"name": "Voxels",
			"from": [7.75, 7.5, 16],
			"to": [9, 8.75, 16.75],
			"faces": {
				"north": {"uv": [1.25, 4, 0, 5.25], "texture": "#texture"},
				"east": {"uv": [3.25, 1.5, 2.5, 2.75], "texture": "#texture"},
				"south": {"uv": [0, 2.75, 1.25, 4], "texture": "#texture"},
				"west": {"uv": [2.5, 2.75, 3.25, 4], "texture": "#texture"},
				"up": {"uv": [9.25, 11, 10.5, 10.25], "texture": "#texture"},
				"down": {"uv": [8, 10.25, 9.25, 11], "texture": "#texture"}
			}
		},
		{
			"name": "Voxels",
			"from": [7.75, 7.75, 16.75],
			"to": [9, 8.5, 25],
			"faces": {
				"north": {"uv": [14.75, 15.25, 13.5, 16], "texture": "#texture"},
				"east": {"uv": [10.75, 15.25, 2.5, 16], "texture": "#texture"},
				"south": {"uv": [14.75, 15.25, 16, 16], "texture": "#texture"},
				"west": {"uv": [3.25, 14.5, 11.5, 15.25], "texture": "#texture"},
				"up": {"uv": [1.25, 16, 2.5, 7.75], "texture": "#texture"},
				"down": {"uv": [0, 7.75, 1.25, 16], "texture": "#texture"}
			}
		},
		{
			"name": "Voxels",
			"from": [7.75, 9.5, 15.75],
			"to": [9, 9.75, 16],
			"faces": {
				"north": {"uv": [14.5, 9.75, 13.25, 10], "texture": "#texture"},
				"east": {"uv": [8.75, 5.5, 8.5, 5.75], "texture": "#texture"},
				"south": {"uv": [14.5, 9.75, 15.75, 10], "texture": "#texture"},
				"west": {"uv": [11.75, 8.25, 12, 8.5], "texture": "#texture"},
				"up": {"uv": [9.25, 10.25, 10.5, 10], "texture": "#texture"},
				"down": {"uv": [8, 10, 9.25, 10.25], "texture": "#texture"}
			}
		},
		{
			"name": "Voxels",
			"from": [8, 7.25, 15],
			"to": [8.75, 7.5, 15.75],
			"faces": {
				"north": {"uv": [14.25, 7.75, 13.5, 8], "texture": "#texture"},
				"east": {"uv": [13, 7.5, 12.25, 7.75], "texture": "#texture"},
				"south": {"uv": [13.5, 8, 14.25, 8.25], "texture": "#texture"},
				"west": {"uv": [12.25, 7.25, 13, 7.5], "texture": "#texture"},
				"up": {"uv": [13.75, 11, 14.5, 10.25], "texture": "#texture"},
				"down": {"uv": [14.5, 10.25, 15.25, 11], "texture": "#texture"}
			}
		},
		{
			"name": "Voxels",
			"from": [8, 7.5, 16.75],
			"to": [8.75, 7.75, 25],
			"faces": {
				"north": {"uv": [13, 7.75, 12.25, 8], "texture": "#texture"},
				"east": {"uv": [13.75, 11, 5.5, 11.25], "texture": "#texture"},
				"south": {"uv": [12.25, 8, 13, 8.25], "texture": "#texture"},
				"west": {"uv": [5.5, 11.25, 13.75, 11.5], "texture": "#texture"},
				"up": {"uv": [2.5, 15.25, 3.25, 7], "texture": "#texture"},
				"down": {"uv": [3.25, 6.25, 4, 14.5], "texture": "#texture"}
			}
		},
		{
			"name": "Voxels",
			"from": [8, 7.75, 25],
			"to": [8.75, 8.5, 25.25],
			"faces": {
				"north": {"uv": [4.75, 0, 4, 0.75], "texture": "#texture"},
				"east": {"uv": [11, 7.25, 10.75, 8], "texture": "#texture"},
				"south": {"uv": [15.25, 12, 16, 12.75], "texture": "#texture"},
				"west": {"uv": [11, 7.25, 11.25, 8], "texture": "#texture"},
				"up": {"uv": [11.5, 8.25, 12.25, 8], "texture": "#texture"},
				"down": {"uv": [15.25, 10, 16, 10.25], "texture": "#texture"}
			}
		},
		{
			"name": "Voxels",
			"from": [8, 8.5, 15],
			"to": [8.75, 8.75, 15.75],
			"faces": {
				"north": {"uv": [11.5, 8, 10.75, 8.25], "texture": "#texture"},
				"east": {"uv": [16, 12.75, 15.25, 13], "texture": "#texture"},
				"south": {"uv": [14.5, 10, 15.25, 10.25], "texture": "#texture"},
				"west": {"uv": [13.75, 10, 14.5, 10.25], "texture": "#texture"},
				"up": {"uv": [5.5, 1.75, 6.25, 1], "texture": "#texture"},
				"down": {"uv": [15.25, 10.25, 16, 11], "texture": "#texture"}
			}
		},
		{
			"name": "Voxels",
			"from": [8, 8.5, 16.75],
			"to": [8.75, 8.75, 25],
			"faces": {
				"north": {"uv": [16, 13, 15.25, 13.25], "texture": "#texture"},
				"east": {"uv": [13.75, 11.5, 5.5, 11.75], "texture": "#texture"},
				"south": {"uv": [2.5, 0, 3.25, 0.25], "texture": "#texture"},
				"west": {"uv": [5.5, 11.75, 13.75, 12], "texture": "#texture"},
				"up": {"uv": [4, 14.5, 4.75, 6.25], "texture": "#texture"},
				"down": {"uv": [4.75, 6.25, 5.5, 14.5], "texture": "#texture"}
			}
		},
		{
			"name": "Voxels",
			"from": [8.25, 7.5, 14],
			"to": [8.5, 8.75, 15],
			"faces": {
				"north": {"uv": [8.25, 4.5, 8, 5.75], "texture": "#texture"},
				"east": {"uv": [2.25, 4, 1.25, 5.25], "texture": "#texture"},
				"south": {"uv": [1, 1.5, 1.25, 2.75], "texture": "#texture"},
				"west": {"uv": [1.25, 0.5, 2.25, 1.75], "texture": "#texture"},
				"up": {"uv": [10.5, 8.25, 10.75, 7.25], "texture": "#texture"},
				"down": {"uv": [10.25, 7.25, 10.5, 8.25], "texture": "#texture"}
			}
		},
		{
			"name": "Voxels",
			"from": [8.25, 7.75, 12.25],
			"to": [8.5, 9, 14],
			"faces": {
				"north": {"uv": [2.5, 6.5, 2.25, 7.75], "texture": "#texture"},
				"east": {"uv": [10.75, 12, 9, 13.25], "texture": "#texture"},
				"south": {"uv": [2.25, 5.25, 2.5, 6.5], "texture": "#texture"},
				"west": {"uv": [5.5, 12, 7.25, 13.25], "texture": "#texture"},
				"up": {"uv": [6.5, 8, 6.75, 6.25], "texture": "#texture"},
				"down": {"uv": [6.5, 2.75, 6.75, 4.5], "texture": "#texture"}
			}
		},
		{
			"name": "Voxels",
			"from": [8.25, 8, 10.5],
			"to": [8.5, 9.25, 12.25],
			"faces": {
				"north": {"uv": [2.5, 0.5, 2.25, 1.75], "texture": "#texture"},
				"east": {"uv": [15.5, 13.25, 13.75, 14.5], "texture": "#texture"},
				"south": {"uv": [5.25, 0, 5.5, 1.25], "texture": "#texture"},
				"west": {"uv": [12, 13.25, 13.75, 14.5], "texture": "#texture"},
				"up": {"uv": [6.75, 9.75, 7, 8], "texture": "#texture"},
				"down": {"uv": [6.5, 1, 6.75, 2.75], "texture": "#texture"}
			}
		},
		{
			"name": "Voxels",
			"from": [8.25, 8.25, 8.75],
			"to": [8.5, 9.5, 10.5],
			"faces": {
				"north": {"uv": [12, 8.5, 11.75, 9.75], "texture": "#texture"},
				"east": {"uv": [9, 12, 7.25, 13.25], "texture": "#texture"},
				"south": {"uv": [12, 8.5, 12.25, 9.75], "texture": "#texture"},
				"west": {"uv": [10.75, 12, 12.5, 13.25], "texture": "#texture"},
				"up": {"uv": [6.5, 9.75, 6.75, 8], "texture": "#texture"},
				"down": {"uv": [6.5, 4.5, 6.75, 6.25], "texture": "#texture"}
			}
		},
		{
			"name": "Voxels",
			"from": [8.25, 8.5, 7.25],
			"to": [8.5, 10, 7.5],
			"faces": {
				"north": {"uv": [7.5, 5.25, 7.25, 6.75], "texture": "#texture"},
				"east": {"uv": [10.25, 8.25, 10, 9.75], "texture": "#texture"},
				"south": {"uv": [7.25, 3.75, 7.5, 5.25], "texture": "#texture"},
				"west": {"uv": [7.25, 2.25, 7.5, 3.75], "texture": "#texture"},
				"up": {"uv": [8.5, 6.75, 8.75, 6.5], "texture": "#texture"},
				"down": {"uv": [8.5, 6.25, 8.75, 6.5], "texture": "#texture"}
			}
		},
		{
			"name": "Voxels",
			"from": [8.25, 8.5, 7.5],
			"to": [8.5, 9.75, 8.75],
			"faces": {
				"north": {"uv": [8, 7, 7.75, 8.25], "texture": "#texture"},
				"east": {"uv": [1.25, 5.25, 0, 6.5], "texture": "#texture"},
				"south": {"uv": [11.25, 8.5, 11.5, 9.75], "texture": "#texture"},
				"west": {"uv": [0, 6.5, 1.25, 7.75], "texture": "#texture"},
				"up": {"uv": [7.75, 7, 8, 5.75], "texture": "#texture"},
				"down": {"uv": [7.75, 3.25, 8, 4.5], "texture": "#texture"}
			}
		},
		{
			"name": "Voxels",
			"from": [8.25, 8.75, 6.25],
			"to": [8.5, 10, 7.25],
			"faces": {
				"north": {"uv": [15.5, 8.5, 15.25, 9.75], "texture": "#texture"},
				"east": {"uv": [6.5, 8.75, 5.5, 10], "texture": "#texture"},
				"south": {"uv": [7.5, 5.75, 7.75, 7], "texture": "#texture"},
				"west": {"uv": [1.25, 2.75, 2.25, 4], "texture": "#texture"},
				"up": {"uv": [9.75, 8.25, 10, 7.25], "texture": "#texture"},
				"down": {"uv": [10, 7.25, 10.25, 8.25], "texture": "#texture"}
			}
		},
		{
			"name": "Voxels",
			"from": [8.25, 9, 5.25],
			"to": [8.5, 10.25, 6.25],
			"faces": {
				"north": {"uv": [14.5, 8.5, 14.25, 9.75], "texture": "#texture"},
				"east": {"uv": [1, 1.5, 0, 2.75], "texture": "#texture"},
				"south": {"uv": [7.5, 4.5, 7.75, 5.75], "texture": "#texture"},
				"west": {"uv": [1.25, 5.25, 2.25, 6.5], "texture": "#texture"},
				"up": {"uv": [9.25, 8.25, 9.5, 7.25], "texture": "#texture"},
				"down": {"uv": [9.5, 7.25, 9.75, 8.25], "texture": "#texture"}
			}
		},
		{
			"name": "Voxels",
			"from": [8.25, 9.25, 4.25],
			"to": [8.5, 10.5, 5.25],
			"faces": {
				"north": {"uv": [15, 8.5, 14.75, 9.75], "texture": "#texture"},
				"east": {"uv": [2.25, 6.5, 1.25, 7.75], "texture": "#texture"},
				"south": {"uv": [13.25, 8.5, 13.5, 9.75], "texture": "#texture"},
				"west": {"uv": [0, 0.25, 1, 1.5], "texture": "#texture"},
				"up": {"uv": [6.25, 1, 6.5, 0], "texture": "#texture"},
				"down": {"uv": [8.75, 7.25, 9, 8.25], "texture": "#texture"}
			}
		},
		{
			"name": "Voxels",
			"from": [8.25, 9.5, 3.5],
			"to": [8.5, 10.75, 4.25],
			"faces": {
				"north": {"uv": [15.75, 8.5, 15.5, 9.75], "texture": "#texture"},
				"east": {"uv": [4, 1.25, 3.25, 2.5], "texture": "#texture"},
				"south": {"uv": [2.25, 2.75, 2.5, 4], "texture": "#texture"},
				"west": {"uv": [3.25, 0, 4, 1.25], "texture": "#texture"},
				"up": {"uv": [13, 8.25, 13.25, 7.5], "texture": "#texture"},
				"down": {"uv": [7.25, 0, 7.5, 0.75], "texture": "#texture"}
			}
		},
		{
			"name": "Voxels",
			"from": [8.25, 9.75, 2.5],
			"to": [8.5, 11, 3.25],
			"faces": {
				"north": {"uv": [7.75, 0.75, 7.5, 2], "texture": "#texture"},
				"east": {"uv": [4.75, 3.75, 4, 5], "texture": "#texture"},
				"south": {"uv": [12.75, 8.5, 13, 9.75], "texture": "#texture"},
				"west": {"uv": [3.25, 5, 4, 6.25], "texture": "#texture"},
				"up": {"uv": [12, 8, 12.25, 7.25], "texture": "#texture"},
				"down": {"uv": [15.5, 14.5, 15.75, 15.25], "texture": "#texture"}
			}
		},
		{
			"name": "Voxels",
			"from": [8.25, 9.75, 3.25],
			"to": [8.5, 10.75, 3.5],
			"faces": {
				"north": {"uv": [5.75, 0, 5.5, 1], "texture": "#texture"},
				"east": {"uv": [9.25, 7.25, 9, 8.25], "texture": "#texture"},
				"south": {"uv": [5.75, 0, 6, 1], "texture": "#texture"},
				"west": {"uv": [6, 0, 6.25, 1], "texture": "#texture"},
				"up": {"uv": [15.25, 8.5, 15.5, 8.25], "texture": "#texture"},
				"down": {"uv": [8.5, 7, 8.75, 7.25], "texture": "#texture"}
			}
		},
		{
			"name": "Voxels",
			"from": [8.25, 10, 1.5],
			"to": [8.5, 11.25, 2.25],
			"faces": {
				"north": {"uv": [14.75, 8.5, 14.5, 9.75], "texture": "#texture"},
				"east": {"uv": [4, 2.5, 3.25, 3.75], "texture": "#texture"},
				"south": {"uv": [7.75, 4.5, 8, 5.75], "texture": "#texture"},
				"west": {"uv": [4, 5, 4.75, 6.25], "texture": "#texture"},
				"up": {"uv": [8, 0.75, 8.25, 0], "texture": "#texture"},
				"down": {"uv": [7.75, 0, 8, 0.75], "texture": "#texture"}
			}
		},
		{
			"name": "Voxels",
			"from": [8.25, 10, 2.25],
			"to": [8.5, 11, 2.5],
			"faces": {
				"north": {"uv": [6.75, 0, 6.5, 1], "texture": "#texture"},
				"east": {"uv": [8.75, 7.25, 8.5, 8.25], "texture": "#texture"},
				"south": {"uv": [8.25, 1, 8.5, 2], "texture": "#texture"},
				"west": {"uv": [8.25, 0, 8.5, 1], "texture": "#texture"},
				"up": {"uv": [12.5, 8.5, 12.75, 8.25], "texture": "#texture"},
				"down": {"uv": [14, 8.25, 14.25, 8.5], "texture": "#texture"}
			}
		},
		{
			"name": "Voxels",
			"from": [8.25, 10.25, 0.5],
			"to": [8.5, 11.75, 0.75],
			"faces": {
				"north": {"uv": [7.25, 5.25, 7, 6.75], "texture": "#texture"},
				"east": {"uv": [8, 8.25, 7.75, 9.75], "texture": "#texture"},
				"south": {"uv": [7.25, 8.25, 7.5, 9.75], "texture": "#texture"},
				"west": {"uv": [7.5, 8.25, 7.75, 9.75], "texture": "#texture"},
				"up": {"uv": [11.25, 8.5, 11.5, 8.25], "texture": "#texture"},
				"down": {"uv": [12, 8.25, 12.25, 8.5], "texture": "#texture"}
			}
		},
		{
			"name": "Voxels",
			"from": [8.25, 10.25, 0.75],
			"to": [8.5, 11.5, 1.5],
			"faces": {
				"north": {"uv": [16, 8.5, 15.75, 9.75], "texture": "#texture"},
				"east": {"uv": [3.25, 0.25, 2.5, 1.5], "texture": "#texture"},
				"south": {"uv": [7.5, 7, 7.75, 8.25], "texture": "#texture"},
				"west": {"uv": [3.25, 3.75, 4, 5], "texture": "#texture"},
				"up": {"uv": [7.5, 0.75, 7.75, 0], "texture": "#texture"},
				"down": {"uv": [7, 0, 7.25, 0.75], "texture": "#texture"}
			}
		},
		{
			"name": "Voxels",
			"from": [8.25, 10.5, -0.5],
			"to": [8.5, 12, 0],
			"faces": {
				"north": {"uv": [9.75, 8.25, 9.5, 9.75], "texture": "#texture"},
				"east": {"uv": [6.5, 4.25, 6, 5.75], "texture": "#texture"},
				"south": {"uv": [9, 8.25, 9.25, 9.75], "texture": "#texture"},
				"west": {"uv": [4, 2.25, 4.5, 3.75], "texture": "#texture"},
				"up": {"uv": [13.5, 10.5, 13.75, 10], "texture": "#texture"},
				"down": {"uv": [14.75, 7.25, 15, 7.75], "texture": "#texture"}
			}
		},
		{
			"name": "Voxels",
			"from": [8.25, 10.5, 0],
			"to": [8.5, 11.75, 0.5],
			"faces": {
				"north": {"uv": [7.75, 2, 7.5, 3.25], "texture": "#texture"},
				"east": {"uv": [6.5, 3, 6, 4.25], "texture": "#texture"},
				"south": {"uv": [7.5, 3.25, 7.75, 4.5], "texture": "#texture"},
				"west": {"uv": [5.5, 3, 6, 4.25], "texture": "#texture"},
				"up": {"uv": [15, 8.25, 15.25, 7.75], "texture": "#texture"},
				"down": {"uv": [13.25, 10, 13.5, 10.5], "texture": "#texture"}
			}
		},
		{
			"name": "Voxels",
			"from": [8.25, 10.75, -1],
			"to": [8.5, 12.25, -0.75],
			"faces": {
				"north": {"uv": [9.5, 8.25, 9.25, 9.75], "texture": "#texture"},
				"east": {"uv": [7.5, 0.75, 7.25, 2.25], "texture": "#texture"},
				"south": {"uv": [8.5, 8.25, 8.75, 9.75], "texture": "#texture"},
				"west": {"uv": [8.25, 8.25, 8.5, 9.75], "texture": "#texture"},
				"up": {"uv": [13.75, 8.5, 14, 8.25], "texture": "#texture"},
				"down": {"uv": [13.5, 8.25, 13.75, 8.5], "texture": "#texture"}
			}
		},
		{
			"name": "Voxels",
			"from": [8.25, 10.75, -0.75],
			"to": [8.5, 12, -0.5],
			"faces": {
				"north": {"uv": [13.75, 8.5, 13.5, 9.75], "texture": "#texture"},
				"east": {"uv": [12.5, 8.5, 12.25, 9.75], "texture": "#texture"},
				"south": {"uv": [13, 8.5, 13.25, 9.75], "texture": "#texture"},
				"west": {"uv": [12.5, 8.5, 12.75, 9.75], "texture": "#texture"},
				"up": {"uv": [15.75, 8.5, 16, 8.25], "texture": "#texture"},
				"down": {"uv": [15.5, 8.25, 15.75, 8.5], "texture": "#texture"}
			}
		},
		{
			"name": "Voxels",
			"from": [8.25, 11, -1.75],
			"to": [8.5, 12.5, -1.5],
			"faces": {
				"north": {"uv": [7.25, 6.75, 7, 8.25], "texture": "#texture"},
				"east": {"uv": [4.75, 2.25, 4.5, 3.75], "texture": "#texture"},
				"south": {"uv": [8, 8.25, 8.25, 9.75], "texture": "#texture"},
				"west": {"uv": [7, 8.25, 7.25, 9.75], "texture": "#texture"},
				"up": {"uv": [12.75, 10.25, 13, 10], "texture": "#texture"},
				"down": {"uv": [8.5, 5, 8.75, 5.25], "texture": "#texture"}
			}
		},
		{
			"name": "Voxels",
			"from": [8.25, 11, -1.5],
			"to": [8.5, 12.25, -1],
			"faces": {
				"north": {"uv": [8.25, 5.75, 8, 7], "texture": "#texture"},
				"east": {"uv": [16, 13.25, 15.5, 14.5], "texture": "#texture"},
				"south": {"uv": [8, 7, 8.25, 8.25], "texture": "#texture"},
				"west": {"uv": [5.5, 1.75, 6, 3], "texture": "#texture"},
				"up": {"uv": [13.5, 7.75, 13.75, 7.25], "texture": "#texture"},
				"down": {"uv": [6.75, 0, 7, 0.5], "texture": "#texture"}
			}
		},
		{
			"name": "Voxels",
			"from": [8.25, 11.25, -2.5],
			"to": [8.5, 12.75, -2.25],
			"faces": {
				"north": {"uv": [7.25, 2.25, 7, 3.75], "texture": "#texture"},
				"east": {"uv": [7.25, 3.75, 7, 5.25], "texture": "#texture"},
				"south": {"uv": [6.75, 2, 7, 3.5], "texture": "#texture"},
				"west": {"uv": [7, 0.75, 7.25, 2.25], "texture": "#texture"},
				"up": {"uv": [15.75, 10, 16, 9.75], "texture": "#texture"},
				"down": {"uv": [13, 10, 13.25, 10.25], "texture": "#texture"}
			}
		},
		{
			"name": "Voxels",
			"from": [8.25, 11.25, -2.25],
			"to": [8.5, 12.5, -1.75],
			"faces": {
				"north": {"uv": [8, 0.75, 7.75, 2], "texture": "#texture"},
				"east": {"uv": [5.25, 0, 4.75, 1.25], "texture": "#texture"},
				"south": {"uv": [7.75, 2, 8, 3.25], "texture": "#texture"},
				"west": {"uv": [6, 1.75, 6.5, 3], "texture": "#texture"},
				"up": {"uv": [14.25, 7.75, 14.5, 7.25], "texture": "#texture"},
				"down": {"uv": [14.25, 7.75, 14.5, 8.25], "texture": "#texture"}
			}
		},
		{
			"name": "Voxels",
			"from": [8.25, 11.5, -3.25],
			"to": [8.5, 13, -2.75],
			"faces": {
				"north": {"uv": [5.5, 1.25, 5.25, 2.75], "texture": "#texture"},
				"east": {"uv": [4.5, 0.75, 4, 2.25], "texture": "#texture"},
				"south": {"uv": [5.25, 4.75, 5.5, 6.25], "texture": "#texture"},
				"west": {"uv": [6, 7.25, 6.5, 8.75], "texture": "#texture"},
				"up": {"uv": [14.5, 7.75, 14.75, 7.25], "texture": "#texture"},
				"down": {"uv": [14.5, 7.75, 14.75, 8.25], "texture": "#texture"}
			}
		},
		{
			"name": "Voxels",
			"from": [8.25, 11.5, -2.75],
			"to": [8.5, 12.75, -2.5],
			"faces": {
				"north": {"uv": [15.25, 8.5, 15, 9.75], "texture": "#texture"},
				"east": {"uv": [11.75, 8.5, 11.5, 9.75], "texture": "#texture"},
				"south": {"uv": [14, 8.5, 14.25, 9.75], "texture": "#texture"},
				"west": {"uv": [13.75, 8.5, 14, 9.75], "texture": "#texture"},
				"up": {"uv": [8.5, 5, 8.75, 4.75], "texture": "#texture"},
				"down": {"uv": [8.5, 5.25, 8.75, 5.5], "texture": "#texture"}
			}
		},
		{
			"name": "Voxels",
			"from": [8.25, 11.75, -4],
			"to": [8.5, 13.25, -3.25],
			"faces": {
				"north": {"uv": [7, 0.5, 6.75, 2], "texture": "#texture"},
				"east": {"uv": [3.25, 5.5, 2.5, 7], "texture": "#texture"},
				"south": {"uv": [6.75, 3.5, 7, 5], "texture": "#texture"},
				"west": {"uv": [2.5, 4, 3.25, 5.5], "texture": "#texture"},
				"up": {"uv": [11.5, 8, 11.75, 7.25], "texture": "#texture"},
				"down": {"uv": [11.25, 7.25, 11.5, 8], "texture": "#texture"}
			}
		},
		{
			"name": "Voxels",
			"from": [8.25, 12, -4.5],
			"to": [8.5, 13.5, -4],
			"faces": {
				"north": {"uv": [7, 5, 6.75, 6.5], "texture": "#texture"},
				"east": {"uv": [6, 4.25, 5.5, 5.75], "texture": "#texture"},
				"south": {"uv": [6.75, 6.5, 7, 8], "texture": "#texture"},
				"west": {"uv": [4.75, 4.75, 5.25, 6.25], "texture": "#texture"},
				"up": {"uv": [15, 7.75, 15.25, 7.25], "texture": "#texture"},
				"down": {"uv": [14.75, 7.75, 15, 8.25], "texture": "#texture"}
			}
		},
		{
			"name": "Voxels",
			"from": [8.25, 12.25, -5],
			"to": [8.5, 13.75, -4.5],
			"faces": {
				"north": {"uv": [4.75, 0.75, 4.5, 2.25], "texture": "#texture"},
				"east": {"uv": [6, 7.25, 5.5, 8.75], "texture": "#texture"},
				"south": {"uv": [9.75, 8.25, 10, 9.75], "texture": "#texture"},
				"west": {"uv": [4.75, 1.25, 5.25, 2.75], "texture": "#texture"},
				"up": {"uv": [15.5, 7.75, 15.75, 7.25], "texture": "#texture"},
				"down": {"uv": [15.25, 7.25, 15.5, 7.75], "texture": "#texture"}
			}
		},
		{
			"name": "Voxels",
			"from": [8.25, 12.5, -5.5],
			"to": [8.5, 14, -5],
			"faces": {
				"north": {"uv": [9, 8.25, 8.75, 9.75], "texture": "#texture"},
				"east": {"uv": [6.5, 5.75, 6, 7.25], "texture": "#texture"},
				"south": {"uv": [7.25, 6.75, 7.5, 8.25], "texture": "#texture"},
				"west": {"uv": [5.5, 5.75, 6, 7.25], "texture": "#texture"},
				"up": {"uv": [14, 7.75, 14.25, 7.25], "texture": "#texture"},
				"down": {"uv": [13.75, 7.25, 14, 7.75], "texture": "#texture"}
			}
		},
		{
			"name": "Voxels",
			"from": [8.25, 12.75, -6],
			"to": [8.5, 14.25, -5.75],
			"faces": {
				"north": {"uv": [10.5, 8.25, 10.25, 9.75], "texture": "#texture"},
				"east": {"uv": [11.25, 8.25, 11, 9.75], "texture": "#texture"},
				"south": {"uv": [10.5, 8.25, 10.75, 9.75], "texture": "#texture"},
				"west": {"uv": [10.75, 8.25, 11, 9.75], "texture": "#texture"},
				"up": {"uv": [13.25, 8.5, 13.5, 8.25], "texture": "#texture"},
				"down": {"uv": [13, 8.25, 13.25, 8.5], "texture": "#texture"}
			}
		},
		{
			"name": "Voxels",
			"from": [8.25, 12.75, -5.75],
			"to": [8.5, 14, -5.5],
			"faces": {
				"north": {"uv": [8.25, 3.25, 8, 4.5], "texture": "#texture"},
				"east": {"uv": [8.5, 7, 8.25, 8.25], "texture": "#texture"},
				"south": {"uv": [8, 2, 8.25, 3.25], "texture": "#texture"},
				"west": {"uv": [8, 0.75, 8.25, 2], "texture": "#texture"},
				"up": {"uv": [14.75, 8.5, 15, 8.25], "texture": "#texture"},
				"down": {"uv": [14.5, 8.25, 14.75, 8.5], "texture": "#texture"}
			}
		},
		{
			"name": "Voxels",
			"from": [8.25, 13, -6.25],
			"to": [8.5, 14.25, -6],
			"faces": {
				"north": {"uv": [8.5, 5.75, 8.25, 7], "texture": "#texture"},
				"east": {"uv": [8.5, 2, 8.25, 3.25], "texture": "#texture"},
				"south": {"uv": [8.25, 4.5, 8.5, 5.75], "texture": "#texture"},
				"west": {"uv": [8.25, 3.25, 8.5, 4.5], "texture": "#texture"},
				"up": {"uv": [13.25, 7.5, 13.5, 7.25], "texture": "#texture"},
				"down": {"uv": [13, 7.25, 13.25, 7.5], "texture": "#texture"}
			}
		},
		{
			"name": "Voxels",
			"from": [8.25, 13.5, -6.5],
			"to": [8.5, 14.25, -6.25],
			"faces": {
				"north": {"uv": [6.5, 1, 6.25, 1.75], "texture": "#texture"},
				"east": {"uv": [13.5, 7.5, 13.25, 8.25], "texture": "#texture"},
				"south": {"uv": [15.75, 14.5, 16, 15.25], "texture": "#texture"},
				"west": {"uv": [11.75, 7.25, 12, 8], "texture": "#texture"},
				"up": {"uv": [8.5, 6, 8.75, 5.75], "texture": "#texture"},
				"down": {"uv": [8.5, 6, 8.75, 6.25], "texture": "#texture"}
			}
		}
	],
	"display": {
		"thirdperson_righthand": {
			"rotation": [90, 0, 0],
			"translation": [0, 6.5, 2],
			"scale": [0.8, 0.8, 0.8]
		},
		"thirdperson_lefthand": {
			"rotation": [90, 0, 0],
			"translation": [0, 6.5, 2],
			"scale": [0.8, 0.8, 0.8]
		},
		"firstperson_righthand": {
			"rotation": [59, 0, 2],
			"translation": [0, 6.2608, 0.6956],
			"scale": [0.5, 0.5, 0.5]
		},
		"firstperson_lefthand": {
			"rotation": [59, 0, 2],
			"translation": [0, 6.2608, 0.6956],
			"scale": [0.5, 0.5, 0.5]
		},
		"gui": {
			"rotation": [0, 90, 0],
			"translation": [-0.6, 0, 0],
			"scale": [0.5, 0.5, 0.5]
		},
		"fixed": {
			"rotation": [0, -90, 0],
			"translation": [0.7, 0, 0],
			"scale": [0.6, 0.6, 0.6]
		}
	}
}