{"textures":{"0":"modelengine:entity/swamp_frog"},"elements":[{"name":"cube","from":[5.6,5.0,9.2],"to":[11.6,12.8,12.8],"rotation":{"angle":-45.0,"axis":"x","origin":[5.6,5.0,9.2]},"faces":{"down":{"uv":[7.5,0.0,5.0,1.5],"rotation":0,"texture":"#0","tintindex":0},"east":{"uv":[0.0,3.25,1.5,6.5],"rotation":0,"texture":"#0","tintindex":0},"north":{"uv":[0.0,0.0,2.5,3.25],"rotation":0,"texture":"#0","tintindex":0},"south":{"uv":[2.5,2.5,5.0,5.75],"rotation":0,"texture":"#0","tintindex":0},"up":{"uv":[5.0,1.5,2.5,0.0],"rotation":0,"texture":"#0","tintindex":0},"west":{"uv":[5.0,5.0,6.5,8.25],"rotation":0,"texture":"#0","tintindex":0}}},{"name":"cube","from":[8.6,11.0,5.0],"to":[8.6,17.6,11.0],"rotation":{"angle":45.0,"axis":"x","origin":[8.6,11.0,5.0]},"faces":{"down":{"uv":[0.0,0.0,0.0,2.5],"rotation":0,"texture":"#0","tintindex":0},"east":{"uv":[3.25,13.25,0.75,16.0],"rotation":0,"texture":"#0","tintindex":0},"north":{"uv":[0.0,0.0,0.0,2.75],"rotation":0,"texture":"#0","tintindex":0},"south":{"uv":[0.0,0.0,0.0,2.75],"rotation":0,"texture":"#0","tintindex":0},"up":{"uv":[0.0,0.0,0.0,2.5],"rotation":0,"texture":"#0","tintindex":0},"west":{"uv":[0.75,13.25,3.25,16.0],"rotation":0,"texture":"#0","tintindex":0}}}],"display":{"head":{"translation":[0.0,-6.4,0.0],"rotation":[0.0,0.0,0.0],"scale":[3.8095,3.8095,3.8095]}}}