{"textures":{"0":"modelengine:entity/swamp_frog"},"elements":[{"name":"cube","from":[8.0,5.6,6.2],"to":[9.8,6.8,10.4],"rotation":{"angle":-45.0,"axis":"x","origin":[8.0,5.6,6.2]},"faces":{"down":{"uv":[9.75,10.0,9.0,11.75],"rotation":0,"texture":"#0","tintindex":0},"east":{"uv":[10.5,10.0,12.25,10.5],"rotation":0,"texture":"#0","tintindex":0},"north":{"uv":[7.0,4.5,7.75,5.0],"rotation":0,"texture":"#0","tintindex":0},"south":{"uv":[7.5,1.0,8.25,1.5],"rotation":0,"texture":"#0","tintindex":0},"up":{"uv":[9.0,11.75,8.25,10.0],"rotation":0,"texture":"#0","tintindex":0},"west":{"uv":[11.0,0.0,12.75,0.5],"rotation":0,"texture":"#0","tintindex":0}}},{"name":"cube","from":[8.0,5.6,3.1999998],"to":[11.0,6.2,6.2],"rotation":{"angle":0.0,"axis":"x","origin":[8.0,5.6,3.1999998]},"faces":{"down":{"uv":[9.75,3.25,8.5,4.5],"rotation":0,"texture":"#0","tintindex":0},"east":{"uv":[11.75,9.75,13.0,10.0],"rotation":0,"texture":"#0","tintindex":0},"north":{"uv":[11.75,9.5,13.0,9.75],"rotation":0,"texture":"#0","tintindex":0},"south":{"uv":[11.75,10.5,13.0,10.75],"rotation":0,"texture":"#0","tintindex":0},"up":{"uv":[9.75,3.25,8.5,2.0],"rotation":0,"texture":"#0","tintindex":0},"west":{"uv":[11.75,10.75,13.0,11.0],"rotation":0,"texture":"#0","tintindex":0}}}],"display":{"head":{"translation":[0.0,-6.4,0.0],"rotation":[0.0,0.0,0.0],"scale":[3.8095,3.8095,3.8095]}}}