{"textures":{"0":"modelengine:entity/swamp_frog"},"elements":[{"name":"cube","from":[7.4,6.8,5.6],"to":[9.8,9.2,9.8],"rotation":{"angle":0.0,"axis":"x","origin":[7.4,6.8,5.6]},"faces":{"down":{"uv":[1.0,8.0,0.0,9.75],"rotation":0,"texture":"#0","tintindex":0},"east":{"uv":[2.5,1.5,4.25,2.5],"rotation":0,"texture":"#0","tintindex":0},"north":{"uv":[10.5,4.5,11.5,5.5],"rotation":0,"texture":"#0","tintindex":0},"south":{"uv":[5.25,10.75,6.25,11.75],"rotation":0,"texture":"#0","tintindex":0},"up":{"uv":[2.5,5.0,1.5,3.25],"rotation":0,"texture":"#0","tintindex":0},"west":{"uv":[3.0,7.25,4.75,8.25],"rotation":0,"texture":"#0","tintindex":0}}},{"name":"cube","from":[6.2,7.4,7.4],"to":[8.0,9.8,11.6],"rotation":{"angle":0.0,"axis":"x","origin":[6.2,7.4,7.4]},"faces":{"down":{"uv":[10.5,2.0,9.75,3.75],"rotation":0,"texture":"#0","tintindex":0},"east":{"uv":[3.0,8.25,4.75,9.25],"rotation":0,"texture":"#0","tintindex":0},"north":{"uv":[4.25,1.5,5.0,2.5],"rotation":0,"texture":"#0","tintindex":0},"south":{"uv":[7.0,11.5,7.75,12.5],"rotation":0,"texture":"#0","tintindex":0},"up":{"uv":[0.75,11.5,0.0,9.75],"rotation":0,"texture":"#0","tintindex":0},"west":{"uv":[4.75,8.25,6.5,9.25],"rotation":0,"texture":"#0","tintindex":0}}}],"display":{"head":{"translation":[0.0,-6.4,0.0],"rotation":[0.0,0.0,0.0],"scale":[3.8095,3.8095,3.8095]}}}