{"textures":{"0":"modelengine:entity/swamp_frog"},"elements":[{"name":"cube","from":[6.2,6.8,5.6],"to":[8.6,9.2,9.8],"rotation":{"angle":0.0,"axis":"x","origin":[6.2,6.8,5.6]},"faces":{"down":{"uv":[9.0,6.25,8.0,8.0],"rotation":0,"texture":"#0","tintindex":0},"east":{"uv":[7.5,0.0,9.25,1.0],"rotation":0,"texture":"#0","tintindex":0},"north":{"uv":[11.0,6.75,12.0,7.75],"rotation":0,"texture":"#0","tintindex":0},"south":{"uv":[11.25,3.5,12.25,4.5],"rotation":0,"texture":"#0","tintindex":0},"up":{"uv":[9.0,6.25,8.0,4.5],"rotation":0,"texture":"#0","tintindex":0},"west":{"uv":[6.5,8.0,8.25,9.0],"rotation":0,"texture":"#0","tintindex":0}}},{"name":"cube","from":[8.0,7.4,7.4],"to":[9.8,9.8,11.6],"rotation":{"angle":0.0,"axis":"x","origin":[8.0,7.4,7.4]},"faces":{"down":{"uv":[2.25,10.0,1.5,11.75],"rotation":0,"texture":"#0","tintindex":0},"east":{"uv":[8.25,8.25,10.0,9.25],"rotation":0,"texture":"#0","tintindex":0},"north":{"uv":[11.5,4.5,12.25,5.5],"rotation":0,"texture":"#0","tintindex":0},"south":{"uv":[0.75,11.75,1.5,12.75],"rotation":0,"texture":"#0","tintindex":0},"up":{"uv":[1.5,11.75,0.75,10.0],"rotation":0,"texture":"#0","tintindex":0},"west":{"uv":[8.5,1.0,10.25,2.0],"rotation":0,"texture":"#0","tintindex":0}}}],"display":{"head":{"translation":[0.0,-6.4,0.0],"rotation":[0.0,0.0,0.0],"scale":[3.8095,3.8095,3.8095]}}}