{"textures":{"0":"modelengine:entity/swamp_frog"},"elements":[{"name":"cube","from":[8.06,8.0,7.64],"to":[9.92,8.66,10.76],"rotation":{"angle":0.0,"axis":"x","origin":[8.0,8.0,8.0]},"faces":{"down":{"uv":[0.75,11.5,0.0,12.75],"rotation":0,"texture":"#0","tintindex":0},"east":{"uv":[8.5,15.0,9.75,15.25],"rotation":0,"texture":"#0","tintindex":0},"north":{"uv":[3.5,15.0,3.75,15.25],"rotation":0,"texture":"#0","tintindex":0},"south":{"uv":[3.5,15.0,3.75,15.25],"rotation":0,"texture":"#0","tintindex":0},"up":{"uv":[7.0,16.0,6.25,14.75],"rotation":0,"texture":"#0","tintindex":0},"west":{"uv":[4.25,15.75,5.5,16.0],"rotation":0,"texture":"#0","tintindex":0}}}],"display":{"head":{"translation":[0.0,-6.4,0.0],"rotation":[0.0,0.0,0.0],"scale":[3.8095,3.8095,3.8095]}}}