{"textures":{"0":"modelengine:entity/swamp_frog"},"elements":[{"name":"cube","from":[6.2,6.2,8.0],"to":[9.8,9.8,11.6],"rotation":{"angle":-45.0,"axis":"x","origin":[6.2,6.2,8.0]},"faces":{"down":{"uv":[3.0,7.25,1.5,8.75],"rotation":0,"texture":"#0","tintindex":0},"east":{"uv":[6.5,6.5,8.0,8.0],"rotation":0,"texture":"#0","tintindex":0},"north":{"uv":[0.0,6.5,1.5,8.0],"rotation":0,"texture":"#0","tintindex":0},"south":{"uv":[6.5,5.0,8.0,6.5],"rotation":0,"texture":"#0","tintindex":0},"up":{"uv":[8.5,4.5,7.0,3.0],"rotation":0,"texture":"#0","tintindex":0},"west":{"uv":[7.0,1.5,8.5,3.0],"rotation":0,"texture":"#0","tintindex":0}}}],"display":{"head":{"translation":[0.0,-6.4,0.0],"rotation":[0.0,0.0,0.0],"scale":[3.8095,3.8095,3.8095]}}}