{"textures":{"0":"modelengine:entity/swamp_frog"},"elements":[{"name":"cube","from":[7.4,2.2999997,5.0],"to":[8.6,9.5,6.2],"rotation":{"angle":22.5,"axis":"x","origin":[7.4,1.9999998,5.0]},"faces":{"down":{"uv":[5.0,6.25,4.5,6.75],"rotation":0,"texture":"#0","tintindex":0},"east":{"uv":[7.75,9.0,8.25,12.0],"rotation":0,"texture":"#0","tintindex":0},"north":{"uv":[2.25,8.75,2.75,11.75],"rotation":0,"texture":"#0","tintindex":0},"south":{"uv":[9.0,4.5,9.5,7.5],"rotation":0,"texture":"#0","tintindex":0},"up":{"uv":[5.0,6.25,4.5,5.75],"rotation":0,"texture":"#0","tintindex":0},"west":{"uv":[2.75,9.25,3.25,12.25],"rotation":0,"texture":"#0","tintindex":0}}},{"name":"cube","from":[6.8,1.9999998,3.7999997],"to":[9.2,2.6,5.6],"rotation":{"angle":0.0,"axis":"x","origin":[6.8,1.9999998,3.7999997]},"faces":{"down":{"uv":[15.0,16.0,16.0,15.25],"rotation":0,"texture":"#0","tintindex":0},"east":{"uv":[13.75,15.75,14.75,16.0],"rotation":0,"texture":"#0","tintindex":0},"north":{"uv":[13.25,15.25,14.5,15.5],"rotation":0,"texture":"#0","tintindex":0},"south":{"uv":[15.75,15.75,16.0,16.0],"rotation":0,"texture":"#0","tintindex":0},"up":{"uv":[15.0,15.25,16.0,16.0],"rotation":0,"texture":"#0","tintindex":0},"west":{"uv":[14.75,15.75,13.75,16.0],"rotation":0,"texture":"#0","tintindex":0}}}],"display":{"head":{"translation":[0.0,-6.4,0.0],"rotation":[0.0,0.0,0.0],"scale":[3.8095,3.8095,3.8095]}}}