{"textures":{"0":"modelengine:entity/swamp_frog"},"elements":[{"name":"cube","from":[11.3,9.2,6.2],"to":[11.3,12.8,8.0],"rotation":{"angle":45.0,"axis":"x","origin":[11.6,9.2,6.2]},"faces":{"down":{"uv":[0.0,15.25,0.0,16.0],"rotation":0,"texture":"#0","tintindex":0},"east":{"uv":[0.0,14.5,0.75,16.0],"rotation":0,"texture":"#0","tintindex":0},"north":{"uv":[0.0,0.0,0.0,1.5],"rotation":0,"texture":"#0","tintindex":0},"south":{"uv":[0.0,0.0,0.0,1.5],"rotation":0,"texture":"#0","tintindex":0},"up":{"uv":[0.0,0.0,0.0,0.75],"rotation":0,"texture":"#0","tintindex":0},"west":{"uv":[0.75,14.5,0.0,16.0],"rotation":0,"texture":"#0","tintindex":0}}},{"name":"cube","from":[7.4,6.8,3.1999998],"to":[12.2,8.6,7.4],"rotation":{"angle":0.0,"axis":"x","origin":[7.4,6.8,3.1999998]},"faces":{"down":{"uv":[7.0,3.25,5.0,5.0],"rotation":0,"texture":"#0","tintindex":0},"east":{"uv":[9.25,0.0,11.0,0.75],"rotation":0,"texture":"#0","tintindex":0},"north":{"uv":[9.0,7.5,11.0,8.25],"rotation":0,"texture":"#0","tintindex":0},"south":{"uv":[8.25,9.25,10.25,10.0],"rotation":0,"texture":"#0","tintindex":0},"up":{"uv":[7.0,3.25,5.0,1.5],"rotation":0,"texture":"#0","tintindex":0},"west":{"uv":[9.5,6.0,11.25,6.75],"rotation":0,"texture":"#0","tintindex":0}}},{"name":"cube","from":[8.0,6.8,7.4],"to":[11.6,8.6,9.2],"rotation":{"angle":0.0,"axis":"x","origin":[8.0,6.8,7.4]},"faces":{"down":{"uv":[12.0,2.75,10.5,3.5],"rotation":0,"texture":"#0","tintindex":0},"east":{"uv":[1.5,5.0,2.25,5.75],"rotation":0,"texture":"#0","tintindex":0},"north":{"uv":[9.5,6.75,11.0,7.5],"rotation":0,"texture":"#0","tintindex":0},"south":{"uv":[9.75,3.75,11.25,4.5],"rotation":0,"texture":"#0","tintindex":0},"up":{"uv":[11.75,10.0,10.25,9.25],"rotation":0,"texture":"#0","tintindex":0},"west":{"uv":[11.5,1.0,12.25,1.75],"rotation":0,"texture":"#0","tintindex":0}}},{"name":"cube","from":[11.6,7.4,4.1],"to":[13.400001,9.8,7.1],"rotation":{"angle":0.0,"axis":"x","origin":[11.6,7.4,3.1999998]},"faces":{"down":{"uv":[12.0,5.5,11.25,6.75],"rotation":0,"texture":"#0","tintindex":0},"east":{"uv":[10.0,8.25,11.25,9.25],"rotation":0,"texture":"#0","tintindex":0},"north":{"uv":[1.5,11.75,2.25,12.75],"rotation":0,"texture":"#0","tintindex":0},"south":{"uv":[5.25,11.75,6.0,12.75],"rotation":0,"texture":"#0","tintindex":0},"up":{"uv":[7.75,11.5,7.0,10.25],"rotation":0,"texture":"#0","tintindex":0},"west":{"uv":[10.25,0.75,11.5,1.75],"rotation":0,"texture":"#0","tintindex":0}}},{"name":"cube","from":[6.2,7.4,4.1],"to":[8.0,9.8,7.1],"rotation":{"angle":0.0,"axis":"x","origin":[6.2,7.4,4.3999996]},"faces":{"down":{"uv":[0.75,11.5,0.0,12.75],"rotation":0,"texture":"#0","tintindex":0},"east":{"uv":[10.5,10.5,11.75,11.5],"rotation":0,"texture":"#0","tintindex":0},"north":{"uv":[8.25,11.75,9.0,12.75],"rotation":0,"texture":"#0","tintindex":0},"south":{"uv":[9.0,11.75,9.75,12.75],"rotation":0,"texture":"#0","tintindex":0},"up":{"uv":[12.0,9.0,11.25,7.75],"rotation":0,"texture":"#0","tintindex":0},"west":{"uv":[10.5,1.75,11.75,2.75],"rotation":0,"texture":"#0","tintindex":0}}},{"name":"cube","from":[8.6,8.6,3.7999997],"to":[11.0,9.2,7.4],"rotation":{"angle":0.0,"axis":"x","origin":[8.6,8.6,3.7999997]},"faces":{"down":{"uv":[10.5,4.5,9.5,6.0],"rotation":0,"texture":"#0","tintindex":0},"east":{"uv":[11.75,2.5,13.25,2.75],"rotation":0,"texture":"#0","tintindex":0},"north":{"uv":[9.25,0.75,10.25,1.0],"rotation":0,"texture":"#0","tintindex":0},"south":{"uv":[6.0,12.0,7.0,12.25],"rotation":0,"texture":"#0","tintindex":0},"up":{"uv":[6.25,10.75,5.25,9.25],"rotation":0,"texture":"#0","tintindex":0},"west":{"uv":[11.75,9.25,13.25,9.5],"rotation":0,"texture":"#0","tintindex":0}}},{"name":"cube","from":[8.3,9.2,6.2],"to":[8.3,12.8,8.0],"rotation":{"angle":45.0,"axis":"x","origin":[8.0,9.2,6.2]},"faces":{"down":{"uv":[0.0,15.25,0.0,16.0],"rotation":0,"texture":"#0","tintindex":0},"east":{"uv":[0.0,14.5,0.75,16.0],"rotation":0,"texture":"#0","tintindex":0},"north":{"uv":[0.0,0.0,0.0,1.5],"rotation":0,"texture":"#0","tintindex":0},"south":{"uv":[0.0,0.0,0.0,1.5],"rotation":0,"texture":"#0","tintindex":0},"up":{"uv":[0.0,0.0,0.0,0.75],"rotation":0,"texture":"#0","tintindex":0},"west":{"uv":[0.75,14.5,0.0,16.0],"rotation":0,"texture":"#0","tintindex":0}}}],"display":{"head":{"translation":[0.0,-6.4,0.0],"rotation":[0.0,0.0,0.0],"scale":[3.8095,3.8095,3.8095]}}}