{"textures":{"0":"modelengine:entity/swamp_frog"},"elements":[{"name":"cube","from":[6.2,7.4,4.3999996],"to":[9.8,8.0,8.0],"rotation":{"angle":0.0,"axis":"x","origin":[6.2,7.4,4.3999996]},"faces":{"down":{"uv":[4.5,5.75,3.0,7.25],"rotation":0,"texture":"#0","tintindex":0},"east":{"uv":[11.75,1.75,13.25,2.0],"rotation":0,"texture":"#0","tintindex":0},"north":{"uv":[11.25,9.0,12.75,9.25],"rotation":0,"texture":"#0","tintindex":0},"south":{"uv":[11.75,2.0,13.25,2.25],"rotation":0,"texture":"#0","tintindex":0},"up":{"uv":[3.0,7.25,1.5,5.75],"rotation":0,"texture":"#0","tintindex":0},"west":{"uv":[11.75,2.25,13.25,2.5],"rotation":0,"texture":"#0","tintindex":0}}}],"display":{"head":{"translation":[0.0,-6.4,0.0],"rotation":[0.0,0.0,0.0],"scale":[3.8095,3.8095,3.8095]}}}