{"textures":{"0":"modelengine:entity/beast"},"elements":[{"name":"cube","from":[2.6,4.3999987,5.6],"to":[13.400001,12.799999,21.2],"rotation":{"angle":22.5,"axis":"x","origin":[8.0,-0.40000153,8.0]},"faces":{"down":{"uv":[2.25,0.0,1.125,1.625],"rotation":0,"texture":"#0","tintindex":0},"east":{"uv":[0.0,1.625,1.625,2.5],"rotation":0,"texture":"#0","tintindex":0},"north":{"uv":[0.0,3.625,1.125,4.5],"rotation":0,"texture":"#0","tintindex":0},"south":{"uv":[4.25,2.125,5.375,3.0],"rotation":0,"texture":"#0","tintindex":0},"up":{"uv":[1.125,1.625,0.0,0.0],"rotation":0,"texture":"#0","tintindex":0},"west":{"uv":[1.625,1.625,3.25,2.5],"rotation":0,"texture":"#0","tintindex":0}}},{"name":"cube","from":[6.8,10.399998,18.8],"to":[7.4,32.0,19.400002],"rotation":{"angle":22.5,"axis":"z","origin":[8.0,-0.40000153,8.0]},"faces":{"down":{"uv":[0.0,0.0,0.0625,0.0625],"rotation":0,"texture":"#0","tintindex":0},"east":{"uv":[11.3125,0.0,11.375,2.25],"rotation":0,"texture":"#0","tintindex":0},"north":{"uv":[11.375,0.0,11.4375,2.25],"rotation":0,"texture":"#0","tintindex":0},"south":{"uv":[11.3125,0.0,11.375,2.25],"rotation":0,"texture":"#0","tintindex":0},"up":{"uv":[8.8125,2.25,8.875,2.3125],"rotation":0,"texture":"#0","tintindex":0},"west":{"uv":[11.3125,0.0,11.375,2.25],"rotation":0,"texture":"#0","tintindex":0}}},{"name":"cube","from":[7.7,6.7999983,21.2],"to":[8.3,28.400002,21.8],"rotation":{"angle":0.0,"axis":"x","origin":[8.0,-0.40000153,8.0]},"faces":{"down":{"uv":[0.0,0.0,0.0625,0.0625],"rotation":0,"texture":"#0","tintindex":0},"east":{"uv":[11.3125,0.0,11.375,2.25],"rotation":0,"texture":"#0","tintindex":0},"north":{"uv":[11.375,0.0,11.4375,2.25],"rotation":0,"texture":"#0","tintindex":0},"south":{"uv":[11.3125,0.0,11.375,2.25],"rotation":0,"texture":"#0","tintindex":0},"up":{"uv":[8.8125,2.25,8.875,2.3125],"rotation":0,"texture":"#0","tintindex":0},"west":{"uv":[11.3125,0.0,11.375,2.25],"rotation":0,"texture":"#0","tintindex":0}}},{"name":"cube","from":[8.6,10.399998,18.8],"to":[9.2,32.0,19.400002],"rotation":{"angle":-22.5,"axis":"z","origin":[8.0,-0.40000153,8.0]},"faces":{"down":{"uv":[0.0625,0.0,0.0,0.0625],"rotation":0,"texture":"#0","tintindex":0},"east":{"uv":[11.375,0.0,11.3125,2.25],"rotation":0,"texture":"#0","tintindex":0},"north":{"uv":[11.4375,0.0,11.375,2.25],"rotation":0,"texture":"#0","tintindex":0},"south":{"uv":[11.375,0.0,11.3125,2.25],"rotation":0,"texture":"#0","tintindex":0},"up":{"uv":[8.875,2.25,8.8125,2.3125],"rotation":0,"texture":"#0","tintindex":0},"west":{"uv":[11.375,0.0,11.3125,2.25],"rotation":0,"texture":"#0","tintindex":0}}},{"name":"cube","from":[4.22,24.347038,19.400002],"to":[4.22,30.347038,27.8],"rotation":{"angle":22.5,"axis":"z","origin":[3.9064136,6.347039,19.400002]},"faces":{"down":{"uv":[0.0,0.0,0.0,0.875],"rotation":0,"texture":"#0","tintindex":0},"east":{"uv":[13.3125,0.0,12.4375,0.625],"rotation":0,"texture":"#0","tintindex":0},"north":{"uv":[0.0,0.0,0.0,0.625],"rotation":0,"texture":"#0","tintindex":0},"south":{"uv":[0.0,0.0,0.0,0.625],"rotation":0,"texture":"#0","tintindex":0},"up":{"uv":[0.0,0.0,0.0,0.875],"rotation":0,"texture":"#0","tintindex":0},"west":{"uv":[12.4375,0.0,13.3125,0.625],"rotation":0,"texture":"#0","tintindex":0}}},{"name":"cube","from":[11.780001,24.347038,19.400002],"to":[11.780001,30.347038,27.8],"rotation":{"angle":-22.5,"axis":"z","origin":[12.093586,6.347039,19.400002]},"faces":{"down":{"uv":[0.0,0.0,0.0,0.875],"rotation":0,"texture":"#0","tintindex":0},"east":{"uv":[13.3125,0.0,12.4375,0.625],"rotation":0,"texture":"#0","tintindex":0},"north":{"uv":[0.0,0.0,0.0,0.625],"rotation":0,"texture":"#0","tintindex":0},"south":{"uv":[0.0,0.0,0.0,0.625],"rotation":0,"texture":"#0","tintindex":0},"up":{"uv":[0.0,0.0,0.0,0.875],"rotation":0,"texture":"#0","tintindex":0},"west":{"uv":[12.4375,0.0,13.3125,0.625],"rotation":0,"texture":"#0","tintindex":0}}},{"name":"cube","from":[8.0,21.94704,21.8],"to":[8.0,27.94704,30.2],"rotation":{"angle":0.0,"axis":"x","origin":[12.093586,6.347039,19.400002]},"faces":{"down":{"uv":[0.0,0.0,0.0,0.875],"rotation":0,"texture":"#0","tintindex":0},"east":{"uv":[13.3125,0.0,12.4375,0.625],"rotation":0,"texture":"#0","tintindex":0},"north":{"uv":[0.0,0.0,0.0,0.625],"rotation":0,"texture":"#0","tintindex":0},"south":{"uv":[0.0,0.0,0.0,0.625],"rotation":0,"texture":"#0","tintindex":0},"up":{"uv":[0.0,0.0,0.0,0.875],"rotation":0,"texture":"#0","tintindex":0},"west":{"uv":[12.4375,0.0,13.3125,0.625],"rotation":0,"texture":"#0","tintindex":0}}}],"display":{"head":{"translation":[0.0,24.960007,0.0],"rotation":[0.0,0.0,0.0],"scale":[3.8095,3.8095,3.8095]}}}