{"textures":{"0":"modelengine:entity/beast"},"elements":[{"name":"cube","from":[5.6,2.6,3.7999997],"to":[9.2,11.0,12.8],"rotation":{"angle":0.0,"axis":"x","origin":[14.6,3.7999997,-3.4000006]},"faces":{"down":{"uv":[6.5625,0.5625,6.1875,1.5],"rotation":0,"texture":"#0","tintindex":0},"east":{"uv":[1.25,4.625,2.1875,5.5],"rotation":0,"texture":"#0","tintindex":0},"north":{"uv":[5.5625,6.1875,5.9375,7.0625],"rotation":0,"texture":"#0","tintindex":0},"south":{"uv":[5.9375,6.1875,6.3125,7.0625],"rotation":0,"texture":"#0","tintindex":0},"up":{"uv":[4.625,7.0625,4.25,6.125],"rotation":0,"texture":"#0","tintindex":0},"west":{"uv":[2.1875,4.625,3.125,5.5],"rotation":0,"texture":"#0","tintindex":0}}},{"name":"cube","from":[6.2,8.0,8.6],"to":[9.2,12.2,15.8],"rotation":{"angle":22.5,"axis":"x","origin":[14.6,3.7999997,-3.4000006]},"faces":{"down":{"uv":[7.4375,0.6875,7.125,1.4375],"rotation":0,"texture":"#0","tintindex":0},"east":{"uv":[6.3125,6.1875,7.0625,6.625],"rotation":0,"texture":"#0","tintindex":0},"north":{"uv":[5.75,0.5625,6.0625,1.0],"rotation":0,"texture":"#0","tintindex":0},"south":{"uv":[6.625,0.0,6.9375,0.4375],"rotation":0,"texture":"#0","tintindex":0},"up":{"uv":[0.3125,7.875,0.0,7.125],"rotation":0,"texture":"#0","tintindex":0},"west":{"uv":[6.4375,5.25,7.1875,5.6875],"rotation":0,"texture":"#0","tintindex":0}}},{"name":"cube","from":[1.3999997,4.3999996,5.6],"to":[6.2,9.2,10.4],"rotation":{"angle":0.0,"axis":"x","origin":[14.6,3.7999997,-3.4000006]},"faces":{"down":{"uv":[10.125,3.8125,10.625,4.3125],"rotation":0,"texture":"#0","tintindex":0},"east":{"uv":[0.0,0.0,0.5,0.5],"rotation":0,"texture":"#0","tintindex":0},"north":{"uv":[9.5,3.75,10.0,4.25],"rotation":0,"texture":"#0","tintindex":0},"south":{"uv":[10.5,3.25,11.0,3.75],"rotation":0,"texture":"#0","tintindex":0},"up":{"uv":[10.0,3.25,10.5,3.75],"rotation":0,"texture":"#0","tintindex":0},"west":{"uv":[9.5,3.25,10.0,3.75],"rotation":0,"texture":"#0","tintindex":0}}}],"display":{"head":{"translation":[0.0,-6.4,0.0],"rotation":[0.0,0.0,0.0],"scale":[3.8095,3.8095,3.8095]}}}