{"textures":{"0":"modelengine:entity/beast"},"elements":[{"name":"cube","from":[8.6,3.7999997,2.6],"to":[12.2,12.2,11.6],"rotation":{"angle":0.0,"axis":"x","origin":[3.1999998,5.0,-4.6000004]},"faces":{"down":{"uv":[3.0,6.1875,2.625,7.125],"rotation":0,"texture":"#0","tintindex":0},"east":{"uv":[3.125,4.625,4.0625,5.5],"rotation":0,"texture":"#0","tintindex":0},"north":{"uv":[6.25,1.5,6.625,2.375],"rotation":0,"texture":"#0","tintindex":0},"south":{"uv":[6.25,4.375,6.625,5.25],"rotation":0,"texture":"#0","tintindex":0},"up":{"uv":[2.625,7.125,2.25,6.1875],"rotation":0,"texture":"#0","tintindex":0},"west":{"uv":[5.0,3.0,5.9375,3.875],"rotation":0,"texture":"#0","tintindex":0}}},{"name":"cube","from":[8.6,9.2,7.4],"to":[11.6,13.400001,14.6],"rotation":{"angle":22.5,"axis":"x","origin":[3.1999998,5.0,-4.6000004]},"faces":{"down":{"uv":[2.3125,7.125,2.0,7.875],"rotation":0,"texture":"#0","tintindex":0},"east":{"uv":[6.4375,5.6875,7.1875,6.125],"rotation":0,"texture":"#0","tintindex":0},"north":{"uv":[6.625,4.8125,6.9375,5.25],"rotation":0,"texture":"#0","tintindex":0},"south":{"uv":[2.8125,7.375,3.125,7.8125],"rotation":0,"texture":"#0","tintindex":0},"up":{"uv":[7.4375,2.1875,7.125,1.4375],"rotation":0,"texture":"#0","tintindex":0},"west":{"uv":[6.5,3.375,7.25,3.8125],"rotation":0,"texture":"#0","tintindex":0}}},{"name":"cube","from":[11.6,5.6,4.3999996],"to":[16.400002,10.4,9.2],"rotation":{"angle":0.0,"axis":"x","origin":[3.1999998,5.0,-4.6000004]},"faces":{"down":{"uv":[10.625,3.8125,10.125,4.3125],"rotation":0,"texture":"#0","tintindex":0},"east":{"uv":[10.0,3.25,9.5,3.75],"rotation":0,"texture":"#0","tintindex":0},"north":{"uv":[10.0,3.75,9.5,4.25],"rotation":0,"texture":"#0","tintindex":0},"south":{"uv":[11.0,3.25,10.5,3.75],"rotation":0,"texture":"#0","tintindex":0},"up":{"uv":[10.5,3.25,10.0,3.75],"rotation":0,"texture":"#0","tintindex":0},"west":{"uv":[0.5,0.0,0.0,0.5],"rotation":0,"texture":"#0","tintindex":0}}}],"display":{"head":{"translation":[0.0,-6.4,0.0],"rotation":[0.0,0.0,0.0],"scale":[3.8095,3.8095,3.8095]}}}