{"textures":{"0":"modelengine:entity/beast"},"elements":[{"name":"cube","from":[5.0,3.7999997,5.6],"to":[8.6,10.4,12.2],"rotation":{"angle":0.0,"axis":"x","origin":[14.0,1.9999998,11.0]},"faces":{"down":{"uv":[7.4375,0.0,7.0625,0.6875],"rotation":0,"texture":"#0","tintindex":0},"east":{"uv":[5.75,5.5,6.4375,6.1875],"rotation":0,"texture":"#0","tintindex":0},"north":{"uv":[6.9375,3.8125,7.3125,4.5],"rotation":0,"texture":"#0","tintindex":0},"south":{"uv":[6.9375,4.5,7.3125,5.1875],"rotation":0,"texture":"#0","tintindex":0},"up":{"uv":[7.3125,7.3125,6.9375,6.625],"rotation":0,"texture":"#0","tintindex":0},"west":{"uv":[0.0,5.8125,0.6875,6.5],"rotation":0,"texture":"#0","tintindex":0}}},{"name":"cube","from":[5.6,-5.200001,7.4],"to":[8.6,4.3999996,11.0],"rotation":{"angle":0.0,"axis":"x","origin":[14.0,1.9999998,11.0]},"faces":{"down":{"uv":[1.0625,7.4375,0.75,7.8125],"rotation":0,"texture":"#0","tintindex":0},"east":{"uv":[2.875,3.5,3.25,4.5],"rotation":0,"texture":"#0","tintindex":0},"north":{"uv":[3.5,6.625,3.8125,7.625],"rotation":0,"texture":"#0","tintindex":0},"south":{"uv":[3.8125,6.625,4.125,7.625],"rotation":0,"texture":"#0","tintindex":0},"up":{"uv":[3.4375,7.75,3.125,7.375],"rotation":0,"texture":"#0","tintindex":0},"west":{"uv":[0.6875,5.8125,1.0625,6.8125],"rotation":0,"texture":"#0","tintindex":0}}}],"display":{"head":{"translation":[0.0,-6.4,0.0],"rotation":[0.0,0.0,0.0],"scale":[3.8095,3.8095,3.8095]}}}