{"textures":{"0":"modelengine:entity/beast"},"elements":[{"name":"cube","from":[3.1999998,8.0,6.8],"to":[12.8,8.0,23.0],"rotation":{"angle":0.0,"axis":"x","origin":[8.0,-13.000001,9.2]},"faces":{"down":{"uv":[8.9375,1.6875,9.9375,0.0],"rotation":0,"texture":"#0","tintindex":0},"east":{"uv":[0.0,0.0,1.6875,0.0],"rotation":0,"texture":"#0","tintindex":0},"north":{"uv":[0.0,0.0,1.0,0.0],"rotation":0,"texture":"#0","tintindex":0},"south":{"uv":[0.0,0.0,1.0,0.0],"rotation":0,"texture":"#0","tintindex":0},"up":{"uv":[8.9375,0.0,9.9375,1.6875],"rotation":0,"texture":"#0","tintindex":0},"west":{"uv":[0.0,0.0,1.6875,0.0],"rotation":0,"texture":"#0","tintindex":0}}}],"display":{"head":{"translation":[0.0,-6.4,0.0],"rotation":[0.0,0.0,0.0],"scale":[3.8095,3.8095,3.8095]}}}