{"textures":{"0":"modelengine:entity/beast"},"elements":[{"name":"cube","from":[6.2,4.3999996,4.3999996],"to":[9.8,11.0,11.0],"rotation":{"angle":0.0,"axis":"x","origin":[0.7999997,2.6,9.8]},"faces":{"down":{"uv":[6.25,7.0625,5.875,7.75],"rotation":0,"texture":"#0","tintindex":0},"east":{"uv":[5.9375,2.6875,6.625,3.375],"rotation":0,"texture":"#0","tintindex":0},"north":{"uv":[7.0625,2.6875,7.4375,3.375],"rotation":0,"texture":"#0","tintindex":0},"south":{"uv":[4.125,7.0625,4.5,7.75],"rotation":0,"texture":"#0","tintindex":0},"up":{"uv":[5.875,7.75,5.5,7.0625],"rotation":0,"texture":"#0","tintindex":0},"west":{"uv":[4.875,6.0625,5.5625,6.75],"rotation":0,"texture":"#0","tintindex":0}}},{"name":"cube","from":[6.2,-4.6000004,6.2],"to":[9.2,5.0,9.8],"rotation":{"angle":0.0,"axis":"x","origin":[0.7999997,2.6,9.8]},"faces":{"down":{"uv":[7.75,1.375,7.4375,1.75],"rotation":0,"texture":"#0","tintindex":0},"east":{"uv":[3.125,6.125,3.5,7.125],"rotation":0,"texture":"#0","tintindex":0},"north":{"uv":[6.625,3.8125,6.9375,4.8125],"rotation":0,"texture":"#0","tintindex":0},"south":{"uv":[6.3125,6.625,6.625,7.625],"rotation":0,"texture":"#0","tintindex":0},"up":{"uv":[7.75,1.375,7.4375,1.0],"rotation":0,"texture":"#0","tintindex":0},"west":{"uv":[6.125,3.375,6.5,4.375],"rotation":0,"texture":"#0","tintindex":0}}}],"display":{"head":{"translation":[0.0,-6.4,0.0],"rotation":[0.0,0.0,0.0],"scale":[3.8095,3.8095,3.8095]}}}