{"textures":{"0":"modelengine:entity/beast"},"elements":[{"name":"cube","from":[5.6,5.6,11.0],"to":[5.6,10.4,28.400002],"rotation":{"angle":-22.5,"axis":"y","origin":[14.6,-2.2000003,15.2]},"faces":{"down":{"uv":[0.0,0.0,0.0,1.8125],"rotation":0,"texture":"#0","tintindex":0},"east":{"uv":[16.0,0.0,14.1875,0.5],"rotation":0,"texture":"#0","tintindex":0},"north":{"uv":[0.0,0.0,0.0,0.5],"rotation":0,"texture":"#0","tintindex":0},"south":{"uv":[0.0,0.0,0.0,0.5],"rotation":0,"texture":"#0","tintindex":0},"up":{"uv":[0.0,1.8125,0.0,0.0],"rotation":0,"texture":"#0","tintindex":0},"west":{"uv":[14.1875,0.0,16.0,0.5],"rotation":0,"texture":"#0","tintindex":0}}}],"display":{"head":{"translation":[0.0,-6.4,0.0],"rotation":[0.0,0.0,0.0],"scale":[3.8095,3.8095,3.8095]}}}