{"textures":{"0":"modelengine:entity/beast"},"elements":[{"name":"cube","from":[8.473718,5.6,8.518943],"to":[8.473718,10.4,25.918945],"rotation":{"angle":22.5,"axis":"y","origin":[6.6737175,9.2,9.118942]},"faces":{"down":{"uv":[0.0,0.0,0.0,1.8125],"rotation":0,"texture":"#0","tintindex":0},"east":{"uv":[16.0,0.0,14.1875,0.5],"rotation":0,"texture":"#0","tintindex":0},"north":{"uv":[0.0,0.0,0.0,0.5],"rotation":0,"texture":"#0","tintindex":0},"south":{"uv":[0.0,0.0,0.0,0.5],"rotation":0,"texture":"#0","tintindex":0},"up":{"uv":[0.0,1.8125,0.0,0.0],"rotation":0,"texture":"#0","tintindex":0},"west":{"uv":[14.25,0.0,16.0625,0.5],"rotation":0,"texture":"#0","tintindex":0}}}],"display":{"head":{"translation":[0.0,-6.4,0.0],"rotation":[0.0,0.0,0.0],"scale":[3.8095,3.8095,3.8095]}}}