{"textures":{"0":"modelengine:entity/beast"},"elements":[{"name":"cube","from":[3.7999997,8.0,-1.6000004],"to":[12.2,13.400001,9.2],"rotation":{"angle":-22.5,"axis":"x","origin":[8.0,-0.40000033,13.400001]},"faces":{"down":{"uv":[2.875,3.5,2.0,4.625],"rotation":0,"texture":"#0","tintindex":0},"east":{"uv":[5.0,3.875,6.125,4.4375],"rotation":0,"texture":"#0","tintindex":0},"north":{"uv":[4.875,5.5,5.75,6.0625],"rotation":0,"texture":"#0","tintindex":0},"south":{"uv":[5.75,0.0,6.625,0.5625],"rotation":0,"texture":"#0","tintindex":0},"up":{"uv":[2.0,4.625,1.125,3.5],"rotation":0,"texture":"#0","tintindex":0},"west":{"uv":[5.0,4.4375,6.125,5.0],"rotation":0,"texture":"#0","tintindex":0}}},{"name":"cube","from":[7.4,5.6,-4.6000004],"to":[8.6,14.0,-3.4000006],"rotation":{"angle":0.0,"axis":"x","origin":[8.0,-8.200001,13.400001]},"faces":{"down":{"uv":[0.0,0.0,0.125,0.125],"rotation":0,"texture":"#0","tintindex":0},"east":{"uv":[1.5,3.6875,1.625,4.5625],"rotation":0,"texture":"#0","tintindex":0},"north":{"uv":[1.5,3.6875,1.625,4.5625],"rotation":0,"texture":"#0","tintindex":0},"south":{"uv":[1.5,3.5625,1.625,4.4375],"rotation":0,"texture":"#0","tintindex":0},"up":{"uv":[1.5,4.1875,1.625,4.3125],"rotation":0,"texture":"#0","tintindex":0},"west":{"uv":[1.5,3.625,1.625,4.5],"rotation":0,"texture":"#0","tintindex":0}}}],"display":{"head":{"translation":[0.0,-6.4,0.0],"rotation":[0.0,0.0,0.0],"scale":[3.8095,3.8095,3.8095]}}}