{"textures":{"0":"modelengine:entity/beast"},"elements":[{"name":"cube","from":[5.6,6.2,1.9999998],"to":[9.8,9.2,8.0],"rotation":{"angle":0.0,"axis":"x","origin":[14.6,1.9999998,11.0]},"faces":{"down":{"uv":[5.0625,6.75,4.625,7.375],"rotation":0,"texture":"#0","tintindex":0},"east":{"uv":[7.3125,3.6875,7.9375,4.0],"rotation":0,"texture":"#0","tintindex":0},"north":{"uv":[4.5,7.375,4.9375,7.6875],"rotation":0,"texture":"#0","tintindex":0},"south":{"uv":[4.9375,7.375,5.375,7.6875],"rotation":0,"texture":"#0","tintindex":0},"up":{"uv":[7.0625,3.3125,6.625,2.6875],"rotation":0,"texture":"#0","tintindex":0},"west":{"uv":[7.3125,4.0,7.9375,4.3125],"rotation":0,"texture":"#0","tintindex":0}}}],"display":{"head":{"translation":[0.0,-6.4,0.0],"rotation":[0.0,0.0,0.0],"scale":[3.8095,3.8095,3.8095]}}}