{"textures":{"0":"modelengine:entity/beast"},"elements":[{"name":"cube","from":[3.7999997,10.4,4.3999996],"to":[12.2,12.2,10.4],"rotation":{"angle":-22.5,"axis":"x","origin":[8.0,3.7999997,19.400002]},"faces":{"down":{"uv":[4.875,5.5,4.0,6.125],"rotation":0,"texture":"#0","tintindex":0},"east":{"uv":[7.3125,7.125,7.9375,7.3125],"rotation":0,"texture":"#0","tintindex":0},"north":{"uv":[7.3125,4.9375,8.1875,5.125],"rotation":0,"texture":"#0","tintindex":0},"south":{"uv":[7.3125,6.625,8.1875,6.8125],"rotation":0,"texture":"#0","tintindex":0},"up":{"uv":[4.0,6.125,3.125,5.5],"rotation":0,"texture":"#0","tintindex":0},"west":{"uv":[7.4375,0.8125,8.0625,1.0],"rotation":0,"texture":"#0","tintindex":0}}}],"display":{"head":{"translation":[0.0,-6.4,0.0],"rotation":[0.0,0.0,0.0],"scale":[3.8095,3.8095,3.8095]}}}