{"textures":{"0":"modelengine:entity/beast"},"elements":[{"name":"cube","from":[6.8,5.6,2.6],"to":[11.0,8.6,8.6],"rotation":{"angle":0.0,"axis":"x","origin":[1.9999998,1.3999997,11.6]},"faces":{"down":{"uv":[0.9375,6.8125,0.5,7.4375],"rotation":0,"texture":"#0","tintindex":0},"east":{"uv":[7.3125,4.3125,7.9375,4.625],"rotation":0,"texture":"#0","tintindex":0},"north":{"uv":[7.4375,0.0,7.875,0.3125],"rotation":0,"texture":"#0","tintindex":0},"south":{"uv":[0.3125,7.4375,0.75,7.75],"rotation":0,"texture":"#0","tintindex":0},"up":{"uv":[5.5,7.375,5.0625,6.75],"rotation":0,"texture":"#0","tintindex":0},"west":{"uv":[7.3125,4.625,7.9375,4.9375],"rotation":0,"texture":"#0","tintindex":0}}}],"display":{"head":{"translation":[0.0,-6.4,0.0],"rotation":[0.0,0.0,0.0],"scale":[3.8095,3.8095,3.8095]}}}