{"textures":{"0":"modelengine:entity/beast"},"elements":[{"name":"cube","from":[5.6,18.8,7.4],"to":[10.4,21.2,14.6],"rotation":{"angle":22.5,"axis":"x","origin":[8.0,12.8,-21.400002]},"faces":{"down":{"uv":[2.25,5.5,1.75,6.75],"rotation":0,"texture":"#0","tintindex":0},"east":{"uv":[4.5,0.6875,5.75,0.9375],"rotation":0,"texture":"#0","tintindex":0},"north":{"uv":[7.4375,0.3125,7.9375,0.5625],"rotation":0,"texture":"#0","tintindex":0},"south":{"uv":[7.4375,0.5625,7.9375,0.8125],"rotation":0,"texture":"#0","tintindex":0},"up":{"uv":[1.75,6.0,1.25,5.25],"rotation":0,"texture":"#0","tintindex":0},"west":{"uv":[6.25,2.4375,7.0,2.6875],"rotation":0,"texture":"#0","tintindex":0}}}],"display":{"head":{"translation":[0.0,-6.4,0.0],"rotation":[0.0,0.0,0.0],"scale":[3.8095,3.8095,3.8095]}}}