{"textures":{"0":"modelengine:entity/beast"},"elements":[{"name":"cube","from":[3.7999997,9.8,0.7999997],"to":[12.2,16.400002,12.8],"rotation":{"angle":22.5,"axis":"x","origin":[8.0,4.3999996,-8.200001]},"faces":{"down":{"uv":[4.25,3.375,3.375,4.625],"rotation":0,"texture":"#0","tintindex":0},"east":{"uv":[4.5,0.0,5.75,0.6875],"rotation":0,"texture":"#0","tintindex":0},"north":{"uv":[5.375,2.0,6.25,2.6875],"rotation":0,"texture":"#0","tintindex":0},"south":{"uv":[2.25,5.5,3.125,6.1875],"rotation":0,"texture":"#0","tintindex":0},"up":{"uv":[4.25,3.375,3.375,2.125],"rotation":0,"texture":"#0","tintindex":0},"west":{"uv":[0.0,4.625,1.25,5.3125],"rotation":0,"texture":"#0","tintindex":0}}}],"display":{"head":{"translation":[0.0,-6.4,0.0],"rotation":[0.0,0.0,0.0],"scale":[3.8095,3.8095,3.8095]}}}