{"textures":{"0":"modelengine:entity/beast"},"elements":[{"name":"cube","from":[2.6,3.1999998,5.6],"to":[13.400001,12.8,16.400002],"rotation":{"angle":-45.0,"axis":"x","origin":[8.0,0.19999981,8.0]},"faces":{"down":{"uv":[1.125,2.5,0.0,3.625],"rotation":0,"texture":"#0","tintindex":0},"east":{"uv":[2.25,2.5,3.375,3.5],"rotation":0,"texture":"#0","tintindex":0},"north":{"uv":[1.125,2.5,2.25,3.5],"rotation":0,"texture":"#0","tintindex":0},"south":{"uv":[3.25,1.125,4.375,2.125],"rotation":0,"texture":"#0","tintindex":0},"up":{"uv":[3.375,1.125,2.25,0.0],"rotation":0,"texture":"#0","tintindex":0},"west":{"uv":[3.375,0.0,4.5,1.0],"rotation":0,"texture":"#0","tintindex":0}}}],"display":{"head":{"translation":[0.0,-6.4,0.0],"rotation":[0.0,0.0,0.0],"scale":[3.8095,3.8095,3.8095]}}}