{"textures":{"0":"modelengine:entity/deer_spirit"},"elements":[{"name":"cube","from":[5.75,-4.0000005,4.3999996],"to":[9.35,10.4,8.6],"rotation":{"angle":0.0,"axis":"x","origin":[8.0,8.0,8.0]},"faces":{"down":{"uv":[7.0,10.6875,6.625,11.125],"rotation":0,"texture":"#0","tintindex":0},"east":{"uv":[7.4375,6.875,7.875,8.375],"rotation":0,"texture":"#0","tintindex":0},"north":{"uv":[1.5,8.1875,1.875,9.6875],"rotation":0,"texture":"#0","tintindex":0},"south":{"uv":[1.875,8.1875,2.25,9.6875],"rotation":0,"texture":"#0","tintindex":0},"up":{"uv":[11.0625,6.0625,10.6875,5.625],"rotation":0,"texture":"#0","tintindex":0},"west":{"uv":[7.625,3.1875,8.0625,4.6875],"rotation":0,"texture":"#0","tintindex":0}}},{"name":"cube","from":[5.75,-0.5500004,6.6499996],"to":[10.55,8.6,11.15],"rotation":{"angle":0.0,"axis":"x","origin":[8.0,8.0,8.0]},"faces":{"down":{"uv":[8.8125,9.9375,8.3125,10.4375],"rotation":0,"texture":"#0","tintindex":0},"east":{"uv":[8.9375,9.0,9.4375,9.9375],"rotation":0,"texture":"#0","tintindex":0},"north":{"uv":[8.4375,9.0,8.9375,9.9375],"rotation":0,"texture":"#0","tintindex":0},"south":{"uv":[9.0625,1.875,9.5625,2.8125],"rotation":0,"texture":"#0","tintindex":0},"up":{"uv":[8.3125,10.4375,7.8125,9.9375],"rotation":0,"texture":"#0","tintindex":0},"west":{"uv":[9.0625,2.8125,9.5625,3.75],"rotation":0,"texture":"#0","tintindex":0}}}],"display":{"head":{"translation":[0.0,-6.4,0.0],"rotation":[0.0,0.0,0.0],"scale":[3.8095,3.8095,3.8095]}}}