{"textures":{"0":"modelengine:entity/ht"},"elements":[{"name":"cube","from":[7.7,0.7999997,6.8],"to":[8.3,2.6,7.4],"rotation":{"angle":0.0,"axis":"x","origin":[22.400002,8.0,26.0]},"faces":{"down":{"uv":[8.25,6.75,8.0,7.0],"rotation":270,"texture":"#0","tintindex":0},"east":{"uv":[8.0,6.25,7.75,7.0],"rotation":0,"texture":"#0","tintindex":0},"north":{"uv":[8.25,6.25,8.0,7.0],"rotation":0,"texture":"#0","tintindex":0},"south":{"uv":[0.25,0.0,0.0,0.75],"rotation":0,"texture":"#0","tintindex":0},"up":{"uv":[8.0,4.5,7.75,4.75],"rotation":90,"texture":"#0","tintindex":0},"west":{"uv":[8.5,6.25,8.25,7.0],"rotation":0,"texture":"#0","tintindex":0}}},{"name":"cube","from":[8.6,0.7999997,7.7],"to":[9.2,2.6,8.3],"rotation":{"angle":0.0,"axis":"x","origin":[8.0,8.0,11.6]},"faces":{"down":{"uv":[8.0,6.75,8.25,7.0],"rotation":0,"texture":"#0","tintindex":0},"east":{"uv":[8.0,6.25,8.25,7.0],"rotation":0,"texture":"#0","tintindex":0},"north":{"uv":[7.75,6.25,8.0,7.0],"rotation":0,"texture":"#0","tintindex":0},"south":{"uv":[8.25,6.25,8.5,7.0],"rotation":0,"texture":"#0","tintindex":0},"up":{"uv":[7.75,4.5,8.0,4.75],"rotation":0,"texture":"#0","tintindex":0},"west":{"uv":[0.0,0.0,0.25,0.75],"rotation":0,"texture":"#0","tintindex":0}}},{"name":"cube","from":[7.7,0.7999997,8.6],"to":[8.3,2.6,9.2],"rotation":{"angle":0.0,"axis":"x","origin":[22.400002,8.0,26.0]},"faces":{"down":{"uv":[8.0,6.75,8.25,7.0],"rotation":270,"texture":"#0","tintindex":0},"east":{"uv":[7.75,6.25,8.0,7.0],"rotation":0,"texture":"#0","tintindex":0},"north":{"uv":[0.0,0.0,0.25,0.75],"rotation":0,"texture":"#0","tintindex":0},"south":{"uv":[8.0,6.25,8.25,7.0],"rotation":0,"texture":"#0","tintindex":0},"up":{"uv":[7.75,4.5,8.0,4.75],"rotation":90,"texture":"#0","tintindex":0},"west":{"uv":[8.25,6.25,8.5,7.0],"rotation":0,"texture":"#0","tintindex":0}}},{"name":"cube","from":[6.8,0.7999997,7.7],"to":[7.4,2.6,8.3],"rotation":{"angle":0.0,"axis":"x","origin":[8.0,8.0,11.6]},"faces":{"down":{"uv":[8.25,6.75,8.0,7.0],"rotation":0,"texture":"#0","tintindex":0},"east":{"uv":[0.25,0.0,0.0,0.75],"rotation":0,"texture":"#0","tintindex":0},"north":{"uv":[8.0,6.25,7.75,7.0],"rotation":0,"texture":"#0","tintindex":0},"south":{"uv":[8.5,6.25,8.25,7.0],"rotation":0,"texture":"#0","tintindex":0},"up":{"uv":[8.0,4.5,7.75,4.75],"rotation":0,"texture":"#0","tintindex":0},"west":{"uv":[8.25,6.25,8.0,7.0],"rotation":0,"texture":"#0","tintindex":0}}},{"name":"cube","from":[7.7,1.9700003,7.7],"to":[8.3,7.9700003,8.3],"rotation":{"angle":0.0,"axis":"x","origin":[8.0,-10.030001,2.6]},"faces":{"down":{"uv":[4.0,5.75,3.75,6.0],"rotation":0,"texture":"#0","tintindex":0},"east":{"uv":[6.25,8.5,6.5,11.0],"rotation":0,"texture":"#0","tintindex":0},"north":{"uv":[6.0,8.5,6.25,11.0],"rotation":0,"texture":"#0","tintindex":0},"south":{"uv":[6.5,8.5,6.75,11.0],"rotation":0,"texture":"#0","tintindex":0},"up":{"uv":[3.75,6.0,3.5,5.75],"rotation":0,"texture":"#0","tintindex":0},"west":{"uv":[8.5,6.5,8.75,9.0],"rotation":0,"texture":"#0","tintindex":0}}},{"name":"cube","from":[7.1,-0.42999983,7.1],"to":[8.9,3.7700002,8.9],"rotation":{"angle":0.0,"axis":"x","origin":[8.0,-10.030001,2.6]},"faces":{"down":{"uv":[9.5,7.25,8.75,8.0],"rotation":0,"texture":"#0","tintindex":0},"east":{"uv":[7.75,5.75,8.5,7.5],"rotation":0,"texture":"#0","tintindex":0},"north":{"uv":[7.5,4.0,8.25,5.75],"rotation":0,"texture":"#0","tintindex":0},"south":{"uv":[7.75,7.5,8.5,9.25],"rotation":0,"texture":"#0","tintindex":0},"up":{"uv":[9.5,7.25,8.75,6.5],"rotation":0,"texture":"#0","tintindex":0},"west":{"uv":[4.25,8.0,5.0,9.75],"rotation":0,"texture":"#0","tintindex":0}}},{"name":"cube","from":[6.5,2.8700004,7.7],"to":[7.1,3.4700003,8.3],"rotation":{"angle":0.0,"axis":"x","origin":[8.0,-10.030001,2.6]},"faces":{"down":{"uv":[7.25,4.25,7.0,4.5],"rotation":0,"texture":"#0","tintindex":0},"east":{"uv":[5.75,6.25,6.0,6.5],"rotation":0,"texture":"#0","tintindex":0},"north":{"uv":[5.75,6.0,6.0,6.25],"rotation":0,"texture":"#0","tintindex":0},"south":{"uv":[6.75,4.0,7.0,4.25],"rotation":0,"texture":"#0","tintindex":0},"up":{"uv":[7.25,4.25,7.0,4.0],"rotation":0,"texture":"#0","tintindex":0},"west":{"uv":[6.75,4.25,7.0,4.5],"rotation":0,"texture":"#0","tintindex":0}}},{"name":"cube","from":[7.7,-0.12999988,8.9],"to":[8.3,0.47000027,9.5],"rotation":{"angle":0.0,"axis":"x","origin":[8.0,-10.030001,2.6]},"faces":{"down":{"uv":[2.5,9.75,2.25,10.0],"rotation":0,"texture":"#0","tintindex":0},"east":{"uv":[9.75,1.5,10.0,1.75],"rotation":0,"texture":"#0","tintindex":0},"north":{"uv":[9.75,1.25,10.0,1.5],"rotation":0,"texture":"#0","tintindex":0},"south":{"uv":[9.75,1.75,10.0,2.0],"rotation":0,"texture":"#0","tintindex":0},"up":{"uv":[10.0,2.25,9.75,2.0],"rotation":0,"texture":"#0","tintindex":0},"west":{"uv":[2.0,9.75,2.25,10.0],"rotation":0,"texture":"#0","tintindex":0}}},{"name":"cube","from":[6.5,-0.12999988,7.7],"to":[7.1,0.47000027,8.3],"rotation":{"angle":0.0,"axis":"x","origin":[8.0,-10.030001,2.6]},"faces":{"down":{"uv":[10.0,5.0,9.75,5.25],"rotation":0,"texture":"#0","tintindex":0},"east":{"uv":[9.75,4.5,10.0,4.75],"rotation":0,"texture":"#0","tintindex":0},"north":{"uv":[4.5,9.75,4.75,10.0],"rotation":0,"texture":"#0","tintindex":0},"south":{"uv":[4.75,9.75,5.0,10.0],"rotation":0,"texture":"#0","tintindex":0},"up":{"uv":[5.25,10.0,5.0,9.75],"rotation":0,"texture":"#0","tintindex":0},"west":{"uv":[9.75,4.75,10.0,5.0],"rotation":0,"texture":"#0","tintindex":0}}},{"name":"cube","from":[7.7,-0.12999988,6.5],"to":[8.3,0.47000027,7.1],"rotation":{"angle":0.0,"axis":"x","origin":[8.0,-10.030001,2.6]},"faces":{"down":{"uv":[4.5,9.75,4.25,10.0],"rotation":0,"texture":"#0","tintindex":0},"east":{"uv":[2.5,9.75,2.75,10.0],"rotation":0,"texture":"#0","tintindex":0},"north":{"uv":[9.75,2.25,10.0,2.5],"rotation":0,"texture":"#0","tintindex":0},"south":{"uv":[2.75,9.75,3.0,10.0],"rotation":0,"texture":"#0","tintindex":0},"up":{"uv":[3.5,10.0,3.25,9.75],"rotation":0,"texture":"#0","tintindex":0},"west":{"uv":[3.0,9.75,3.25,10.0],"rotation":0,"texture":"#0","tintindex":0}}},{"name":"cube","from":[7.7,2.8700004,6.5],"to":[8.3,3.4700003,7.1],"rotation":{"angle":0.0,"axis":"x","origin":[8.0,-10.030001,2.6]},"faces":{"down":{"uv":[7.25,9.0,7.0,9.25],"rotation":0,"texture":"#0","tintindex":0},"east":{"uv":[2.75,9.0,3.0,9.25],"rotation":0,"texture":"#0","tintindex":0},"north":{"uv":[2.5,9.0,2.75,9.25],"rotation":0,"texture":"#0","tintindex":0},"south":{"uv":[3.0,9.0,3.25,9.25],"rotation":0,"texture":"#0","tintindex":0},"up":{"uv":[7.0,9.25,6.75,9.0],"rotation":0,"texture":"#0","tintindex":0},"west":{"uv":[3.25,9.0,3.5,9.25],"rotation":0,"texture":"#0","tintindex":0}}},{"name":"cube","from":[7.7,2.8700004,8.9],"to":[8.3,3.4700003,9.5],"rotation":{"angle":0.0,"axis":"x","origin":[8.0,-10.030001,2.6]},"faces":{"down":{"uv":[2.5,9.0,2.25,9.25],"rotation":0,"texture":"#0","tintindex":0},"east":{"uv":[7.0,8.5,7.25,8.75],"rotation":0,"texture":"#0","tintindex":0},"north":{"uv":[6.75,8.5,7.0,8.75],"rotation":0,"texture":"#0","tintindex":0},"south":{"uv":[6.75,8.75,7.0,9.0],"rotation":0,"texture":"#0","tintindex":0},"up":{"uv":[2.25,9.25,2.0,9.0],"rotation":0,"texture":"#0","tintindex":0},"west":{"uv":[7.0,8.75,7.25,9.0],"rotation":0,"texture":"#0","tintindex":0}}},{"name":"cube","from":[8.9,2.8700004,7.7],"to":[9.5,3.4700003,8.3],"rotation":{"angle":0.0,"axis":"x","origin":[8.0,-10.030001,2.6]},"faces":{"down":{"uv":[8.5,5.5,8.25,5.75],"rotation":0,"texture":"#0","tintindex":0},"east":{"uv":[7.25,4.25,7.5,4.5],"rotation":0,"texture":"#0","tintindex":0},"north":{"uv":[7.25,4.0,7.5,4.25],"rotation":0,"texture":"#0","tintindex":0},"south":{"uv":[7.5,5.75,7.75,6.0],"rotation":0,"texture":"#0","tintindex":0},"up":{"uv":[7.75,6.5,7.5,6.25],"rotation":0,"texture":"#0","tintindex":0},"west":{"uv":[7.5,6.0,7.75,6.25],"rotation":0,"texture":"#0","tintindex":0}}},{"name":"cube","from":[8.9,-0.12999988,7.7],"to":[9.5,0.47000027,8.3],"rotation":{"angle":0.0,"axis":"x","origin":[8.0,-10.030001,2.6]},"faces":{"down":{"uv":[10.0,1.0,9.75,1.25],"rotation":0,"texture":"#0","tintindex":0},"east":{"uv":[9.5,9.0,9.75,9.25],"rotation":0,"texture":"#0","tintindex":0},"north":{"uv":[9.0,9.5,9.25,9.75],"rotation":0,"texture":"#0","tintindex":0},"south":{"uv":[9.25,9.5,9.5,9.75],"rotation":0,"texture":"#0","tintindex":0},"up":{"uv":[9.75,9.75,9.5,9.5],"rotation":0,"texture":"#0","tintindex":0},"west":{"uv":[9.5,9.25,9.75,9.5],"rotation":0,"texture":"#0","tintindex":0}}}],"display":{"head":{"translation":[0.0,-6.4,0.0],"rotation":[0.0,0.0,0.0],"scale":[3.8095,3.8095,3.8095]}}}