{"textures":{"0":"modelengine:entity/ht"},"elements":[{"name":"cube","from":[6.8186107,-6.9333344,6.778082],"to":[9.218611,3.8666663,9.1780815],"rotation":{"angle":0.0,"axis":"x","origin":[8.018611,-6.9333344,7.9780817]},"faces":{"down":{"uv":[9.5,5.5,8.5,6.5],"rotation":0,"texture":"#0","tintindex":0},"east":{"uv":[1.0,0.0,2.0,4.5],"rotation":0,"texture":"#0","tintindex":0},"north":{"uv":[0.0,0.0,1.0,4.5],"rotation":0,"texture":"#0","tintindex":0},"south":{"uv":[2.0,0.0,3.0,4.5],"rotation":0,"texture":"#0","tintindex":0},"up":{"uv":[9.25,5.5,8.25,4.5],"rotation":0,"texture":"#0","tintindex":0},"west":{"uv":[3.0,0.0,4.0,4.5],"rotation":0,"texture":"#0","tintindex":0}}},{"name":"cube","from":[5.618611,-4.5333343,5.5780816],"to":[10.418611,-3.9333339,10.378082],"rotation":{"angle":0.0,"axis":"x","origin":[8.018611,-6.9333344,7.9780817]},"faces":{"down":{"uv":[6.0,2.0,4.0,4.0],"rotation":0,"texture":"#0","tintindex":0},"east":{"uv":[9.0,2.75,11.0,3.0],"rotation":0,"texture":"#0","tintindex":0},"north":{"uv":[9.0,2.5,11.0,2.75],"rotation":0,"texture":"#0","tintindex":0},"south":{"uv":[9.0,3.0,11.0,3.25],"rotation":0,"texture":"#0","tintindex":0},"up":{"uv":[6.0,2.0,4.0,0.0],"rotation":0,"texture":"#0","tintindex":0},"west":{"uv":[9.0,3.25,11.0,3.5],"rotation":0,"texture":"#0","tintindex":0}}},{"name":"cube","from":[6.218611,-2.1333342,6.1780815],"to":[9.818611,2.6666663,9.778082],"rotation":{"angle":0.0,"axis":"x","origin":[8.018611,-6.9333344,7.9780817]},"faces":{"down":{"uv":[8.25,2.5,6.75,4.0],"rotation":0,"texture":"#0","tintindex":0},"east":{"uv":[7.5,4.5,6.0,6.5],"rotation":0,"texture":"#0","tintindex":0},"north":{"uv":[4.25,6.0,5.75,8.0],"rotation":0,"texture":"#0","tintindex":0},"south":{"uv":[0.0,6.5,1.5,8.5],"rotation":0,"texture":"#0","tintindex":0},"up":{"uv":[8.25,2.5,6.75,1.0],"rotation":0,"texture":"#0","tintindex":0},"west":{"uv":[5.75,6.5,7.25,8.5],"rotation":0,"texture":"#0","tintindex":0}}}],"display":{"head":{"translation":[0.0,-6.4,0.0],"rotation":[0.0,0.0,0.0],"scale":[3.8095,3.8095,3.8095]}}}