{"textures":{"0":"modelengine:entity/ht"},"elements":[{"name":"cube","from":[7.1,-0.047826767,7.1],"to":[8.9,10.752174,8.9],"rotation":{"angle":0.0,"axis":"x","origin":[8.0,-10.847827,8.0]},"faces":{"down":{"uv":[9.75,1.75,9.0,2.5],"rotation":0,"texture":"#0","tintindex":0},"east":{"uv":[2.75,4.5,3.5,9.0],"rotation":0,"texture":"#0","tintindex":0},"north":{"uv":[2.75,4.5,3.5,9.0],"rotation":0,"texture":"#0","tintindex":0},"south":{"uv":[2.75,4.5,3.5,9.0],"rotation":0,"texture":"#0","tintindex":0},"up":{"uv":[9.75,1.75,9.0,1.0],"rotation":0,"texture":"#0","tintindex":0},"west":{"uv":[3.5,6.0,4.25,10.5],"rotation":0,"texture":"#0","tintindex":0}}},{"name":"cube","from":[7.4,7.1521735,1.3999997],"to":[8.6,8.352174,14.6],"rotation":{"angle":0.0,"axis":"x","origin":[8.0,-10.847827,8.0]},"faces":{"down":{"uv":[7.75,6.5,7.25,12.0],"rotation":0,"texture":"#0","tintindex":0},"east":{"uv":[6.75,0.0,12.25,0.5],"rotation":0,"texture":"#0","tintindex":0},"north":{"uv":[3.5,4.5,4.0,5.0],"rotation":0,"texture":"#0","tintindex":0},"south":{"uv":[3.5,5.0,4.0,5.5],"rotation":0,"texture":"#0","tintindex":0},"up":{"uv":[2.0,12.0,1.5,6.5],"rotation":0,"texture":"#0","tintindex":0},"west":{"uv":[6.75,0.5,12.25,1.0],"rotation":0,"texture":"#0","tintindex":0}}}],"display":{"head":{"translation":[0.0,-6.4,0.0],"rotation":[0.0,0.0,0.0],"scale":[3.8095,3.8095,3.8095]}}}