{"textures":{"0":"modelengine:entity/explosivebarrel"},"elements":[{"name":"cube","from":[4.6879997,13.400001,11.9744005],"to":[11.312,14.0,12.636801],"rotation":{"angle":0.0,"axis":"x","origin":[8.0,8.0,8.0]},"faces":{"down":{"uv":[9.25,2.875,7.875,3.0],"rotation":0,"texture":"#0","tintindex":0},"east":{"uv":[3.625,6.375,3.75,6.5],"rotation":0,"texture":"#0","tintindex":0},"north":{"uv":[7.75,6.75,9.125,6.875],"rotation":0,"texture":"#0","tintindex":0},"south":{"uv":[7.875,2.625,9.25,2.75],"rotation":0,"texture":"#0","tintindex":0},"up":{"uv":[9.25,2.875,7.875,2.75],"rotation":0,"texture":"#0","tintindex":0},"west":{"uv":[3.375,6.75,3.5,6.875],"rotation":0,"texture":"#0","tintindex":0}}},{"name":"cube","from":[4.0256,13.400001,4.0256],"to":[11.9744005,14.0,11.9744005],"rotation":{"angle":0.0,"axis":"x","origin":[8.0,8.0,8.0]},"faces":{"down":{"uv":[1.625,1.625,0.0,3.25],"rotation":0,"texture":"#0","tintindex":0},"east":{"uv":[7.75,4.5,9.375,4.625],"rotation":0,"texture":"#0","tintindex":0},"north":{"uv":[7.5,7.125,9.125,7.25],"rotation":0,"texture":"#0","tintindex":0},"south":{"uv":[7.75,4.625,9.375,4.75],"rotation":0,"texture":"#0","tintindex":0},"up":{"uv":[1.625,1.625,0.0,0.0],"rotation":0,"texture":"#0","tintindex":0},"west":{"uv":[7.75,4.75,9.375,4.875],"rotation":0,"texture":"#0","tintindex":0}}},{"name":"cube","from":[3.3631997,13.400001,4.6879997],"to":[4.0256,14.0,11.312],"rotation":{"angle":0.0,"axis":"x","origin":[8.0,8.0,8.0]},"faces":{"down":{"uv":[5.25,7.75,5.125,9.125],"rotation":0,"texture":"#0","tintindex":0},"east":{"uv":[5.75,2.625,7.125,2.75],"rotation":0,"texture":"#0","tintindex":0},"north":{"uv":[4.125,5.625,4.25,5.75],"rotation":0,"texture":"#0","tintindex":0},"south":{"uv":[4.25,5.625,4.375,5.75],"rotation":0,"texture":"#0","tintindex":0},"up":{"uv":[5.125,9.125,5.0,7.75],"rotation":0,"texture":"#0","tintindex":0},"west":{"uv":[7.75,4.875,9.125,5.0],"rotation":0,"texture":"#0","tintindex":0}}},{"name":"cube","from":[11.9744005,13.400001,4.6879997],"to":[12.636801,14.0,11.312],"rotation":{"angle":0.0,"axis":"x","origin":[8.0,8.0,8.0]},"faces":{"down":{"uv":[6.875,7.75,6.75,9.125],"rotation":0,"texture":"#0","tintindex":0},"east":{"uv":[5.25,7.75,6.625,7.875],"rotation":0,"texture":"#0","tintindex":0},"north":{"uv":[4.375,5.625,4.5,5.75],"rotation":0,"texture":"#0","tintindex":0},"south":{"uv":[3.75,6.0,3.875,6.125],"rotation":0,"texture":"#0","tintindex":0},"up":{"uv":[6.75,9.125,6.625,7.75],"rotation":0,"texture":"#0","tintindex":0},"west":{"uv":[7.75,5.75,9.125,5.875],"rotation":0,"texture":"#0","tintindex":0}}},{"name":"cube","from":[4.6879997,13.400001,3.3631997],"to":[11.312,14.0,4.0256],"rotation":{"angle":0.0,"axis":"x","origin":[8.0,8.0,8.0]},"faces":{"down":{"uv":[9.125,6.625,7.75,6.75],"rotation":0,"texture":"#0","tintindex":0},"east":{"uv":[3.875,6.0,4.0,6.125],"rotation":0,"texture":"#0","tintindex":0},"north":{"uv":[7.75,5.875,9.125,6.0],"rotation":0,"texture":"#0","tintindex":0},"south":{"uv":[7.75,6.0,9.125,6.125],"rotation":0,"texture":"#0","tintindex":0},"up":{"uv":[9.125,6.625,7.75,6.5],"rotation":0,"texture":"#0","tintindex":0},"west":{"uv":[4.0,6.0,4.125,6.125],"rotation":0,"texture":"#0","tintindex":0}}},{"name":"cube","from":[6.0127997,13.400001,2.7008],"to":[9.9872,14.0,3.3631997],"rotation":{"angle":0.0,"axis":"x","origin":[8.0,8.0,8.0]},"faces":{"down":{"uv":[7.75,8.375,6.875,8.5],"rotation":0,"texture":"#0","tintindex":0},"east":{"uv":[3.5,6.75,3.625,6.875],"rotation":0,"texture":"#0","tintindex":0},"north":{"uv":[8.375,5.0,9.25,5.125],"rotation":0,"texture":"#0","tintindex":0},"south":{"uv":[8.375,5.125,9.25,5.25],"rotation":0,"texture":"#0","tintindex":0},"up":{"uv":[6.375,8.5,5.5,8.375],"rotation":0,"texture":"#0","tintindex":0},"west":{"uv":[3.0,7.125,3.125,7.25],"rotation":0,"texture":"#0","tintindex":0}}},{"name":"cube","from":[6.0127997,13.400001,12.636801],"to":[9.9872,14.0,13.299201],"rotation":{"angle":0.0,"axis":"x","origin":[8.0,8.0,8.0]},"faces":{"down":{"uv":[1.0,8.5,0.125,8.625],"rotation":0,"texture":"#0","tintindex":0},"east":{"uv":[3.125,7.125,3.25,7.25],"rotation":0,"texture":"#0","tintindex":0},"north":{"uv":[8.375,7.25,9.25,7.375],"rotation":0,"texture":"#0","tintindex":0},"south":{"uv":[8.375,7.375,9.25,7.5],"rotation":0,"texture":"#0","tintindex":0},"up":{"uv":[8.625,8.5,7.75,8.375],"rotation":0,"texture":"#0","tintindex":0},"west":{"uv":[3.25,7.125,3.375,7.25],"rotation":0,"texture":"#0","tintindex":0}}},{"name":"cube","from":[12.636801,13.400001,6.0127997],"to":[13.299201,14.0,9.9872],"rotation":{"angle":0.0,"axis":"x","origin":[8.0,8.0,8.0]},"faces":{"down":{"uv":[1.125,8.5,1.0,9.375],"rotation":0,"texture":"#0","tintindex":0},"east":{"uv":[8.5,1.0,9.375,1.125],"rotation":0,"texture":"#0","tintindex":0},"north":{"uv":[1.875,7.625,2.0,7.75],"rotation":0,"texture":"#0","tintindex":0},"south":{"uv":[2.0,7.625,2.125,7.75],"rotation":0,"texture":"#0","tintindex":0},"up":{"uv":[6.5,9.25,6.375,8.375],"rotation":0,"texture":"#0","tintindex":0},"west":{"uv":[8.5,1.125,9.375,1.25],"rotation":0,"texture":"#0","tintindex":0}}},{"name":"cube","from":[2.7008,13.400001,6.0127997],"to":[3.3631997,14.0,9.9872],"rotation":{"angle":0.0,"axis":"x","origin":[8.0,8.0,8.0]},"faces":{"down":{"uv":[1.375,8.5,1.25,9.375],"rotation":0,"texture":"#0","tintindex":0},"east":{"uv":[8.5,1.25,9.375,1.375],"rotation":0,"texture":"#0","tintindex":0},"north":{"uv":[2.125,7.625,2.25,7.75],"rotation":0,"texture":"#0","tintindex":0},"south":{"uv":[6.875,7.75,7.0,7.875],"rotation":0,"texture":"#0","tintindex":0},"up":{"uv":[1.25,9.375,1.125,8.5],"rotation":0,"texture":"#0","tintindex":0},"west":{"uv":[8.5,1.375,9.375,1.5],"rotation":0,"texture":"#0","tintindex":0}}},{"name":"cube","from":[5.6888485,8.6,10.773382],"to":[10.3111515,9.8,11.235612],"rotation":{"angle":0.0,"axis":"x","origin":[8.0,3.1999998,8.0]},"faces":{"down":{"uv":[9.375,2.375,8.375,2.5],"rotation":0,"texture":"#0","tintindex":0},"east":{"uv":[2.5,5.75,2.625,6.0],"rotation":0,"texture":"#0","tintindex":0},"north":{"uv":[7.25,5.25,8.25,5.5],"rotation":0,"texture":"#0","tintindex":0},"south":{"uv":[7.25,5.5,8.25,5.75],"rotation":0,"texture":"#0","tintindex":0},"up":{"uv":[9.375,2.375,8.375,2.25],"rotation":0,"texture":"#0","tintindex":0},"west":{"uv":[2.25,6.5,2.375,6.75],"rotation":0,"texture":"#0","tintindex":0}}},{"name":"cube","from":[5.226618,8.6,5.226618],"to":[10.773382,9.8,10.773382],"rotation":{"angle":0.0,"axis":"x","origin":[8.0,3.1999998,8.0]},"faces":{"down":{"uv":[5.625,3.875,4.5,5.0],"rotation":0,"texture":"#0","tintindex":0},"east":{"uv":[4.125,7.25,5.25,7.5],"rotation":0,"texture":"#0","tintindex":0},"north":{"uv":[3.0,7.25,4.125,7.5],"rotation":0,"texture":"#0","tintindex":0},"south":{"uv":[7.25,5.0,8.375,5.25],"rotation":0,"texture":"#0","tintindex":0},"up":{"uv":[5.625,3.875,4.5,2.75],"rotation":0,"texture":"#0","tintindex":0},"west":{"uv":[5.25,7.25,6.375,7.5],"rotation":0,"texture":"#0","tintindex":0}}},{"name":"cube","from":[4.7643876,8.6,5.6888485],"to":[5.226618,9.8,10.3111515],"rotation":{"angle":0.0,"axis":"x","origin":[8.0,3.1999998,8.0]},"faces":{"down":{"uv":[3.5,8.375,3.375,9.375],"rotation":0,"texture":"#0","tintindex":0},"east":{"uv":[6.375,7.25,7.375,7.5],"rotation":0,"texture":"#0","tintindex":0},"north":{"uv":[2.375,6.5,2.5,6.75],"rotation":0,"texture":"#0","tintindex":0},"south":{"uv":[9.0,0.0,9.125,0.25],"rotation":0,"texture":"#0","tintindex":0},"up":{"uv":[8.5,4.0,8.375,3.0],"rotation":0,"texture":"#0","tintindex":0},"west":{"uv":[7.375,0.0,8.375,0.25],"rotation":0,"texture":"#0","tintindex":0}}},{"name":"cube","from":[10.773382,8.6,5.6888485],"to":[11.235612,9.8,10.3111515],"rotation":{"angle":0.0,"axis":"x","origin":[8.0,3.1999998,8.0]},"faces":{"down":{"uv":[3.75,8.375,3.625,9.375],"rotation":0,"texture":"#0","tintindex":0},"east":{"uv":[7.375,0.25,8.375,0.5],"rotation":0,"texture":"#0","tintindex":0},"north":{"uv":[9.125,0.0,9.25,0.25],"rotation":0,"texture":"#0","tintindex":0},"south":{"uv":[9.25,0.0,9.375,0.25],"rotation":0,"texture":"#0","tintindex":0},"up":{"uv":[3.625,9.375,3.5,8.375],"rotation":0,"texture":"#0","tintindex":0},"west":{"uv":[7.375,0.5,8.375,0.75],"rotation":0,"texture":"#0","tintindex":0}}},{"name":"cube","from":[5.6888485,8.6,4.7643876],"to":[10.3111515,9.8,5.226618],"rotation":{"angle":0.0,"axis":"x","origin":[8.0,3.1999998,8.0]},"faces":{"down":{"uv":[4.75,8.375,3.75,8.5],"rotation":0,"texture":"#0","tintindex":0},"east":{"uv":[9.25,1.875,9.375,2.125],"rotation":0,"texture":"#0","tintindex":0},"north":{"uv":[7.375,0.75,8.375,1.0],"rotation":0,"texture":"#0","tintindex":0},"south":{"uv":[7.375,1.0,8.375,1.25],"rotation":0,"texture":"#0","tintindex":0},"up":{"uv":[9.375,2.625,8.375,2.5],"rotation":0,"texture":"#0","tintindex":0},"west":{"uv":[9.25,3.75,9.375,4.0],"rotation":0,"texture":"#0","tintindex":0}}},{"name":"cube","from":[6.613309,8.6,4.3021574],"to":[9.386691,9.8,4.7643876],"rotation":{"angle":0.0,"axis":"x","origin":[8.0,3.1999998,8.0]},"faces":{"down":{"uv":[2.875,8.75,2.25,8.875],"rotation":0,"texture":"#0","tintindex":0},"east":{"uv":[9.25,5.25,9.375,5.5],"rotation":0,"texture":"#0","tintindex":0},"north":{"uv":[1.875,8.125,2.5,8.375],"rotation":0,"texture":"#0","tintindex":0},"south":{"uv":[2.5,8.125,3.125,8.375],"rotation":0,"texture":"#0","tintindex":0},"up":{"uv":[0.75,8.875,0.125,8.75],"rotation":0,"texture":"#0","tintindex":0},"west":{"uv":[5.5,9.25,5.625,9.5],"rotation":0,"texture":"#0","tintindex":0}}},{"name":"cube","from":[6.613309,8.6,11.235612],"to":[9.386691,9.8,11.697843],"rotation":{"angle":0.0,"axis":"x","origin":[8.0,3.1999998,8.0]},"faces":{"down":{"uv":[8.125,8.75,7.5,8.875],"rotation":0,"texture":"#0","tintindex":0},"east":{"uv":[9.25,5.5,9.375,5.75],"rotation":0,"texture":"#0","tintindex":0},"north":{"uv":[3.125,8.125,3.75,8.375],"rotation":0,"texture":"#0","tintindex":0},"south":{"uv":[3.75,8.125,4.375,8.375],"rotation":0,"texture":"#0","tintindex":0},"up":{"uv":[7.5,8.875,6.875,8.75],"rotation":0,"texture":"#0","tintindex":0},"west":{"uv":[5.625,9.25,5.75,9.5],"rotation":0,"texture":"#0","tintindex":0}}},{"name":"cube","from":[11.235612,8.6,6.613309],"to":[11.697843,9.8,9.386691],"rotation":{"angle":0.0,"axis":"x","origin":[8.0,3.1999998,8.0]},"faces":{"down":{"uv":[3.0,8.75,2.875,9.375],"rotation":0,"texture":"#0","tintindex":0},"east":{"uv":[4.375,8.125,5.0,8.375],"rotation":0,"texture":"#0","tintindex":0},"north":{"uv":[5.75,9.25,5.875,9.5],"rotation":0,"texture":"#0","tintindex":0},"south":{"uv":[9.25,5.75,9.375,6.0],"rotation":0,"texture":"#0","tintindex":0},"up":{"uv":[0.875,9.375,0.75,8.75],"rotation":0,"texture":"#0","tintindex":0},"west":{"uv":[5.25,8.125,5.875,8.375],"rotation":0,"texture":"#0","tintindex":0}}},{"name":"cube","from":[4.3021574,8.6,6.613309],"to":[4.7643876,9.8,9.386691],"rotation":{"angle":0.0,"axis":"x","origin":[8.0,3.1999998,8.0]},"faces":{"down":{"uv":[8.375,8.75,8.25,9.375],"rotation":0,"texture":"#0","tintindex":0},"east":{"uv":[5.875,8.125,6.5,8.375],"rotation":0,"texture":"#0","tintindex":0},"north":{"uv":[5.875,9.25,6.0,9.5],"rotation":0,"texture":"#0","tintindex":0},"south":{"uv":[6.0,9.25,6.125,9.5],"rotation":0,"texture":"#0","tintindex":0},"up":{"uv":[8.25,9.375,8.125,8.75],"rotation":0,"texture":"#0","tintindex":0},"west":{"uv":[6.875,8.125,7.5,8.375],"rotation":0,"texture":"#0","tintindex":0}}},{"name":"cube","from":[4.3021574,17.6,6.613309],"to":[4.7643876,18.8,9.386691],"rotation":{"angle":0.0,"axis":"x","origin":[8.0,12.2,8.0]},"faces":{"down":{"uv":[8.875,8.625,8.75,9.25],"rotation":0,"texture":"#0","tintindex":0},"east":{"uv":[8.25,5.5,8.875,5.75],"rotation":0,"texture":"#0","tintindex":0},"north":{"uv":[7.875,9.25,8.0,9.5],"rotation":0,"texture":"#0","tintindex":0},"south":{"uv":[8.0,9.25,8.125,9.5],"rotation":0,"texture":"#0","tintindex":0},"up":{"uv":[8.75,9.375,8.625,8.75],"rotation":0,"texture":"#0","tintindex":0},"west":{"uv":[8.375,0.0,9.0,0.25],"rotation":0,"texture":"#0","tintindex":0}}},{"name":"cube","from":[5.6888485,17.6,10.773382],"to":[10.3111515,18.8,11.235612],"rotation":{"angle":0.0,"axis":"x","origin":[8.0,12.2,8.0]},"faces":{"down":{"uv":[9.375,4.125,8.375,4.25],"rotation":0,"texture":"#0","tintindex":0},"east":{"uv":[9.25,6.0,9.375,6.25],"rotation":0,"texture":"#0","tintindex":0},"north":{"uv":[7.375,1.25,8.375,1.5],"rotation":0,"texture":"#0","tintindex":0},"south":{"uv":[7.375,7.25,8.375,7.5],"rotation":0,"texture":"#0","tintindex":0},"up":{"uv":[9.375,4.125,8.375,4.0],"rotation":0,"texture":"#0","tintindex":0},"west":{"uv":[6.125,9.25,6.25,9.5],"rotation":0,"texture":"#0","tintindex":0}}},{"name":"cube","from":[5.226618,17.6,5.226618],"to":[5.826618,18.8,5.826618],"rotation":{"angle":0.0,"axis":"x","origin":[8.0,12.2,8.0]},"faces":{"down":{"uv":[9.5,1.25,9.375,1.375],"rotation":0,"texture":"#0","tintindex":0},"east":{"uv":[9.25,6.25,9.375,6.5],"rotation":0,"texture":"#0","tintindex":0},"north":{"uv":[6.25,9.25,6.375,9.5],"rotation":0,"texture":"#0","tintindex":0},"south":{"uv":[6.375,9.25,6.5,9.5],"rotation":0,"texture":"#0","tintindex":0},"up":{"uv":[1.375,9.5,1.25,9.375],"rotation":0,"texture":"#0","tintindex":0},"west":{"uv":[9.25,6.5,9.375,6.75],"rotation":0,"texture":"#0","tintindex":0}}},{"name":"cube","from":[5.226618,17.6,10.206617],"to":[5.826618,18.8,10.806618],"rotation":{"angle":0.0,"axis":"x","origin":[8.0,12.2,8.0]},"faces":{"down":{"uv":[9.5,1.5,9.375,1.625],"rotation":0,"texture":"#0","tintindex":0},"east":{"uv":[9.25,8.625,9.375,8.875],"rotation":0,"texture":"#0","tintindex":0},"north":{"uv":[9.25,8.375,9.375,8.625],"rotation":0,"texture":"#0","tintindex":0},"south":{"uv":[8.75,9.25,8.875,9.5],"rotation":0,"texture":"#0","tintindex":0},"up":{"uv":[9.5,1.5,9.375,1.375],"rotation":0,"texture":"#0","tintindex":0},"west":{"uv":[9.25,8.875,9.375,9.125],"rotation":0,"texture":"#0","tintindex":0}}},{"name":"cube","from":[10.206617,17.6,10.206617],"to":[10.806618,18.8,10.806618],"rotation":{"angle":0.0,"axis":"x","origin":[8.0,12.2,8.0]},"faces":{"down":{"uv":[9.5,1.75,9.375,1.875],"rotation":0,"texture":"#0","tintindex":0},"east":{"uv":[9.25,9.125,9.375,9.375],"rotation":0,"texture":"#0","tintindex":0},"north":{"uv":[9.125,9.25,9.25,9.5],"rotation":0,"texture":"#0","tintindex":0},"south":{"uv":[9.375,0.0,9.5,0.25],"rotation":0,"texture":"#0","tintindex":0},"up":{"uv":[9.5,1.75,9.375,1.625],"rotation":0,"texture":"#0","tintindex":0},"west":{"uv":[0.75,9.375,0.875,9.625],"rotation":0,"texture":"#0","tintindex":0}}},{"name":"cube","from":[10.206617,17.6,5.166618],"to":[10.806618,18.8,5.766618],"rotation":{"angle":0.0,"axis":"x","origin":[8.0,12.2,8.0]},"faces":{"down":{"uv":[9.5,2.0,9.375,2.125],"rotation":0,"texture":"#0","tintindex":0},"east":{"uv":[1.0,9.375,1.125,9.625],"rotation":0,"texture":"#0","tintindex":0},"north":{"uv":[0.875,9.375,1.0,9.625],"rotation":0,"texture":"#0","tintindex":0},"south":{"uv":[9.375,1.0,9.5,1.25],"rotation":0,"texture":"#0","tintindex":0},"up":{"uv":[9.5,2.0,9.375,1.875],"rotation":0,"texture":"#0","tintindex":0},"west":{"uv":[1.125,9.375,1.25,9.625],"rotation":0,"texture":"#0","tintindex":0}}},{"name":"cube","from":[4.7643876,17.6,5.6888485],"to":[5.226618,18.8,10.3111515],"rotation":{"angle":0.0,"axis":"x","origin":[8.0,12.2,8.0]},"faces":{"down":{"uv":[5.0,8.375,4.875,9.375],"rotation":0,"texture":"#0","tintindex":0},"east":{"uv":[2.25,7.5,3.25,7.75],"rotation":0,"texture":"#0","tintindex":0},"north":{"uv":[9.25,6.75,9.375,7.0],"rotation":0,"texture":"#0","tintindex":0},"south":{"uv":[6.875,9.25,7.0,9.5],"rotation":0,"texture":"#0","tintindex":0},"up":{"uv":[4.875,9.375,4.75,8.375],"rotation":0,"texture":"#0","tintindex":0},"west":{"uv":[3.25,7.5,4.25,7.75],"rotation":0,"texture":"#0","tintindex":0}}},{"name":"cube","from":[10.773382,17.6,5.6888485],"to":[11.235612,18.8,10.3111515],"rotation":{"angle":0.0,"axis":"x","origin":[8.0,12.2,8.0]},"faces":{"down":{"uv":[5.5,8.375,5.375,9.375],"rotation":0,"texture":"#0","tintindex":0},"east":{"uv":[4.25,7.5,5.25,7.75],"rotation":0,"texture":"#0","tintindex":0},"north":{"uv":[7.0,9.25,7.125,9.5],"rotation":0,"texture":"#0","tintindex":0},"south":{"uv":[9.25,7.0,9.375,7.25],"rotation":0,"texture":"#0","tintindex":0},"up":{"uv":[5.375,9.375,5.25,8.375],"rotation":0,"texture":"#0","tintindex":0},"west":{"uv":[5.25,7.5,6.25,7.75],"rotation":0,"texture":"#0","tintindex":0}}},{"name":"cube","from":[5.6888485,17.6,4.7643876],"to":[10.3111515,18.8,5.226618],"rotation":{"angle":0.0,"axis":"x","origin":[8.0,12.2,8.0]},"faces":{"down":{"uv":[9.375,4.375,8.375,4.5],"rotation":0,"texture":"#0","tintindex":0},"east":{"uv":[7.125,9.25,7.25,9.5],"rotation":0,"texture":"#0","tintindex":0},"north":{"uv":[6.25,7.5,7.25,7.75],"rotation":0,"texture":"#0","tintindex":0},"south":{"uv":[7.5,6.875,8.5,7.125],"rotation":0,"texture":"#0","tintindex":0},"up":{"uv":[9.375,4.375,8.375,4.25],"rotation":0,"texture":"#0","tintindex":0},"west":{"uv":[7.25,9.25,7.375,9.5],"rotation":0,"texture":"#0","tintindex":0}}},{"name":"cube","from":[6.613309,17.6,4.3021574],"to":[9.386691,18.8,4.7643876],"rotation":{"angle":0.0,"axis":"x","origin":[8.0,12.2,8.0]},"faces":{"down":{"uv":[9.375,8.0,8.75,8.125],"rotation":0,"texture":"#0","tintindex":0},"east":{"uv":[9.25,7.25,9.375,7.5],"rotation":0,"texture":"#0","tintindex":0},"north":{"uv":[7.5,8.125,8.125,8.375],"rotation":0,"texture":"#0","tintindex":0},"south":{"uv":[8.125,7.875,8.75,8.125],"rotation":0,"texture":"#0","tintindex":0},"up":{"uv":[9.375,8.0,8.75,7.875],"rotation":0,"texture":"#0","tintindex":0},"west":{"uv":[7.375,9.25,7.5,9.5],"rotation":0,"texture":"#0","tintindex":0}}},{"name":"cube","from":[6.613309,17.6,11.235612],"to":[9.386691,18.8,11.697843],"rotation":{"angle":0.0,"axis":"x","origin":[8.0,12.2,8.0]},"faces":{"down":{"uv":[9.375,8.25,8.75,8.375],"rotation":0,"texture":"#0","tintindex":0},"east":{"uv":[7.5,9.25,7.625,9.5],"rotation":0,"texture":"#0","tintindex":0},"north":{"uv":[8.125,8.125,8.75,8.375],"rotation":0,"texture":"#0","tintindex":0},"south":{"uv":[0.125,8.25,0.75,8.5],"rotation":0,"texture":"#0","tintindex":0},"up":{"uv":[9.375,8.25,8.75,8.125],"rotation":0,"texture":"#0","tintindex":0},"west":{"uv":[9.25,7.5,9.375,7.75],"rotation":0,"texture":"#0","tintindex":0}}},{"name":"cube","from":[11.235612,17.6,6.613309],"to":[11.697843,18.8,9.386691],"rotation":{"angle":0.0,"axis":"x","origin":[8.0,12.2,8.0]},"faces":{"down":{"uv":[8.625,8.75,8.5,9.375],"rotation":0,"texture":"#0","tintindex":0},"east":{"uv":[0.75,8.25,1.375,8.5],"rotation":0,"texture":"#0","tintindex":0},"north":{"uv":[7.625,9.25,7.75,9.5],"rotation":0,"texture":"#0","tintindex":0},"south":{"uv":[7.75,9.25,7.875,9.5],"rotation":0,"texture":"#0","tintindex":0},"up":{"uv":[8.5,9.375,8.375,8.75],"rotation":0,"texture":"#0","tintindex":0},"west":{"uv":[8.25,5.25,8.875,5.5],"rotation":0,"texture":"#0","tintindex":0}}},{"name":"cube","from":[5.3126144,9.8,11.224863],"to":[10.687386,11.6,11.762341],"rotation":{"angle":0.0,"axis":"x","origin":[8.0,4.3999996,8.0]},"faces":{"down":{"uv":[9.5,0.875,8.375,1.0],"rotation":0,"texture":"#0","tintindex":0},"east":{"uv":[1.75,9.25,1.875,9.625],"rotation":0,"texture":"#0","tintindex":0},"north":{"uv":[5.875,6.5,7.0,6.875],"rotation":0,"texture":"#0","tintindex":0},"south":{"uv":[6.625,5.75,7.75,6.125],"rotation":0,"texture":"#0","tintindex":0},"up":{"uv":[9.5,0.875,8.375,0.75],"rotation":0,"texture":"#0","tintindex":0},"west":{"uv":[2.25,9.25,2.375,9.625],"rotation":0,"texture":"#0","tintindex":0}}},{"name":"cube","from":[4.775137,9.8,4.775137],"to":[11.224863,11.6,11.224863],"rotation":{"angle":0.0,"axis":"x","origin":[8.0,4.3999996,8.0]},"faces":{"down":{"uv":[4.5,4.25,3.125,5.625],"rotation":0,"texture":"#0","tintindex":0},"east":{"uv":[5.625,3.875,7.0,4.25],"rotation":0,"texture":"#0","tintindex":0},"north":{"uv":[5.625,3.5,7.0,3.875],"rotation":0,"texture":"#0","tintindex":0},"south":{"uv":[5.625,4.25,7.0,4.625],"rotation":0,"texture":"#0","tintindex":0},"up":{"uv":[1.375,4.625,0.0,3.25],"rotation":0,"texture":"#0","tintindex":0},"west":{"uv":[5.625,4.625,7.0,5.0],"rotation":0,"texture":"#0","tintindex":0}}},{"name":"cube","from":[4.23766,9.8,5.3126144],"to":[4.775137,11.6,10.687386],"rotation":{"angle":0.0,"axis":"x","origin":[8.0,4.3999996,8.0]},"faces":{"down":{"uv":[2.0,8.375,1.875,9.5],"rotation":0,"texture":"#0","tintindex":0},"east":{"uv":[2.25,6.75,3.375,7.125],"rotation":0,"texture":"#0","tintindex":0},"north":{"uv":[2.375,9.25,2.5,9.625],"rotation":0,"texture":"#0","tintindex":0},"south":{"uv":[2.5,9.25,2.625,9.625],"rotation":0,"texture":"#0","tintindex":0},"up":{"uv":[8.5,2.125,8.375,1.0],"rotation":0,"texture":"#0","tintindex":0},"west":{"uv":[0.0,6.875,1.125,7.25],"rotation":0,"texture":"#0","tintindex":0}}},{"name":"cube","from":[11.224863,9.8,5.3126144],"to":[11.762341,11.6,10.687386],"rotation":{"angle":0.0,"axis":"x","origin":[8.0,4.3999996,8.0]},"faces":{"down":{"uv":[2.25,8.375,2.125,9.5],"rotation":0,"texture":"#0","tintindex":0},"east":{"uv":[1.125,6.875,2.25,7.25],"rotation":0,"texture":"#0","tintindex":0},"north":{"uv":[2.625,9.25,2.75,9.625],"rotation":0,"texture":"#0","tintindex":0},"south":{"uv":[9.25,2.625,9.375,3.0],"rotation":0,"texture":"#0","tintindex":0},"up":{"uv":[2.125,9.5,2.0,8.375],"rotation":0,"texture":"#0","tintindex":0},"west":{"uv":[3.375,6.875,4.5,7.25],"rotation":0,"texture":"#0","tintindex":0}}},{"name":"cube","from":[5.3126144,9.8,4.23766],"to":[10.687386,11.6,4.775137],"rotation":{"angle":0.0,"axis":"x","origin":[8.0,4.3999996,8.0]},"faces":{"down":{"uv":[3.375,8.375,2.25,8.5],"rotation":0,"texture":"#0","tintindex":0},"east":{"uv":[2.75,9.25,2.875,9.625],"rotation":0,"texture":"#0","tintindex":0},"north":{"uv":[4.5,6.875,5.625,7.25],"rotation":0,"texture":"#0","tintindex":0},"south":{"uv":[5.625,6.875,6.75,7.25],"rotation":0,"texture":"#0","tintindex":0},"up":{"uv":[9.5,2.25,8.375,2.125],"rotation":0,"texture":"#0","tintindex":0},"west":{"uv":[3.0,9.25,3.125,9.625],"rotation":0,"texture":"#0","tintindex":0}}},{"name":"cube","from":[6.3875685,9.8,3.7001827],"to":[9.612432,11.6,4.23766],"rotation":{"angle":0.0,"axis":"x","origin":[8.0,4.3999996,8.0]},"faces":{"down":{"uv":[8.125,8.625,7.5,8.75],"rotation":0,"texture":"#0","tintindex":0},"east":{"uv":[3.125,9.25,3.25,9.625],"rotation":0,"texture":"#0","tintindex":0},"north":{"uv":[2.5,7.75,3.125,8.125],"rotation":0,"texture":"#0","tintindex":0},"south":{"uv":[7.75,3.0,8.375,3.375],"rotation":0,"texture":"#0","tintindex":0},"up":{"uv":[7.5,8.75,6.875,8.625],"rotation":0,"texture":"#0","tintindex":0},"west":{"uv":[3.25,9.25,3.375,9.625],"rotation":0,"texture":"#0","tintindex":0}}},{"name":"cube","from":[6.3875685,9.8,11.762341],"to":[9.612432,11.6,12.299817],"rotation":{"angle":0.0,"axis":"x","origin":[8.0,4.3999996,8.0]},"faces":{"down":{"uv":[9.25,8.375,8.625,8.5],"rotation":0,"texture":"#0","tintindex":0},"east":{"uv":[9.25,3.375,9.375,3.75],"rotation":0,"texture":"#0","tintindex":0},"north":{"uv":[3.125,7.75,3.75,8.125],"rotation":0,"texture":"#0","tintindex":0},"south":{"uv":[7.75,3.375,8.375,3.75],"rotation":0,"texture":"#0","tintindex":0},"up":{"uv":[8.75,8.75,8.125,8.625],"rotation":0,"texture":"#0","tintindex":0},"west":{"uv":[4.25,9.25,4.375,9.625],"rotation":0,"texture":"#0","tintindex":0}}},{"name":"cube","from":[11.762341,9.8,6.3875685],"to":[12.299817,11.6,9.612432],"rotation":{"angle":0.0,"axis":"x","origin":[8.0,4.3999996,8.0]},"faces":{"down":{"uv":[6.0,8.625,5.875,9.25],"rotation":0,"texture":"#0","tintindex":0},"east":{"uv":[3.75,7.75,4.375,8.125],"rotation":0,"texture":"#0","tintindex":0},"north":{"uv":[4.375,9.25,4.5,9.625],"rotation":0,"texture":"#0","tintindex":0},"south":{"uv":[4.5,9.25,4.625,9.625],"rotation":0,"texture":"#0","tintindex":0},"up":{"uv":[5.875,9.25,5.75,8.625],"rotation":0,"texture":"#0","tintindex":0},"west":{"uv":[7.75,3.75,8.375,4.125],"rotation":0,"texture":"#0","tintindex":0}}},{"name":"cube","from":[3.7001827,9.8,6.3875685],"to":[4.23766,11.6,9.612432],"rotation":{"angle":0.0,"axis":"x","origin":[8.0,4.3999996,8.0]},"faces":{"down":{"uv":[6.25,8.625,6.125,9.25],"rotation":0,"texture":"#0","tintindex":0},"east":{"uv":[7.75,4.125,8.375,4.5],"rotation":0,"texture":"#0","tintindex":0},"north":{"uv":[4.625,9.25,4.75,9.625],"rotation":0,"texture":"#0","tintindex":0},"south":{"uv":[9.25,4.875,9.375,5.25],"rotation":0,"texture":"#0","tintindex":0},"up":{"uv":[6.125,9.25,6.0,8.625],"rotation":0,"texture":"#0","tintindex":0},"west":{"uv":[4.375,7.75,5.0,8.125],"rotation":0,"texture":"#0","tintindex":0}}},{"name":"cube","from":[5.3126144,15.8,11.224863],"to":[10.687386,17.6,11.762341],"rotation":{"angle":0.0,"axis":"x","origin":[8.0,10.4,8.0]},"faces":{"down":{"uv":[9.5,0.375,8.375,0.5],"rotation":0,"texture":"#0","tintindex":0},"east":{"uv":[6.5,9.125,6.625,9.5],"rotation":0,"texture":"#0","tintindex":0},"north":{"uv":[3.75,6.125,4.875,6.5],"rotation":0,"texture":"#0","tintindex":0},"south":{"uv":[4.875,6.125,6.0,6.5],"rotation":0,"texture":"#0","tintindex":0},"up":{"uv":[9.5,0.375,8.375,0.25],"rotation":0,"texture":"#0","tintindex":0},"west":{"uv":[6.625,9.125,6.75,9.5],"rotation":0,"texture":"#0","tintindex":0}}},{"name":"cube","from":[4.775137,15.8,4.775137],"to":[11.224863,17.6,11.224863],"rotation":{"angle":0.0,"axis":"x","origin":[8.0,10.4,8.0]},"faces":{"down":{"uv":[4.5,2.875,3.125,4.25],"rotation":0,"texture":"#0","tintindex":0},"east":{"uv":[0.0,5.0,1.375,5.375],"rotation":0,"texture":"#0","tintindex":0},"north":{"uv":[0.0,4.625,1.375,5.0],"rotation":0,"texture":"#0","tintindex":0},"south":{"uv":[0.0,5.375,1.375,5.75],"rotation":0,"texture":"#0","tintindex":0},"up":{"uv":[4.5,2.875,3.125,1.5],"rotation":0,"texture":"#0","tintindex":0},"west":{"uv":[5.625,3.125,7.0,3.5],"rotation":0,"texture":"#0","tintindex":0}}},{"name":"cube","from":[4.23766,15.8,5.3126144],"to":[4.775137,17.6,10.687386],"rotation":{"angle":0.0,"axis":"x","origin":[8.0,10.4,8.0]},"faces":{"down":{"uv":[2.875,4.5,2.75,5.625],"rotation":0,"texture":"#0","tintindex":0},"east":{"uv":[6.0,6.125,7.125,6.5],"rotation":0,"texture":"#0","tintindex":0},"north":{"uv":[6.75,9.125,6.875,9.5],"rotation":0,"texture":"#0","tintindex":0},"south":{"uv":[9.125,7.5,9.25,7.875],"rotation":0,"texture":"#0","tintindex":0},"up":{"uv":[2.75,5.625,2.625,4.5],"rotation":0,"texture":"#0","tintindex":0},"west":{"uv":[2.5,6.375,3.625,6.75],"rotation":0,"texture":"#0","tintindex":0}}},{"name":"cube","from":[11.224863,15.8,5.3126144],"to":[11.762341,17.6,10.687386],"rotation":{"angle":0.0,"axis":"x","origin":[8.0,10.4,8.0]},"faces":{"down":{"uv":[3.125,4.5,3.0,5.625],"rotation":0,"texture":"#0","tintindex":0},"east":{"uv":[0.0,6.5,1.125,6.875],"rotation":0,"texture":"#0","tintindex":0},"north":{"uv":[9.125,8.5,9.25,8.875],"rotation":0,"texture":"#0","tintindex":0},"south":{"uv":[9.125,8.875,9.25,9.25],"rotation":0,"texture":"#0","tintindex":0},"up":{"uv":[3.0,5.625,2.875,4.5],"rotation":0,"texture":"#0","tintindex":0},"west":{"uv":[1.125,6.5,2.25,6.875],"rotation":0,"texture":"#0","tintindex":0}}},{"name":"cube","from":[5.3126144,15.8,4.23766],"to":[10.687386,17.6,4.775137],"rotation":{"angle":0.0,"axis":"x","origin":[8.0,10.4,8.0]},"faces":{"down":{"uv":[9.5,0.625,8.375,0.75],"rotation":0,"texture":"#0","tintindex":0},"east":{"uv":[0.0,9.25,0.125,9.625],"rotation":0,"texture":"#0","tintindex":0},"north":{"uv":[3.625,6.5,4.75,6.875],"rotation":0,"texture":"#0","tintindex":0},"south":{"uv":[4.75,6.5,5.875,6.875],"rotation":0,"texture":"#0","tintindex":0},"up":{"uv":[9.5,0.625,8.375,0.5],"rotation":0,"texture":"#0","tintindex":0},"west":{"uv":[0.125,9.25,0.25,9.625],"rotation":0,"texture":"#0","tintindex":0}}},{"name":"cube","from":[6.3875685,15.8,3.7001827],"to":[9.612432,17.6,4.23766],"rotation":{"angle":0.0,"axis":"x","origin":[8.0,10.4,8.0]},"faces":{"down":{"uv":[9.25,3.375,8.625,3.5],"rotation":0,"texture":"#0","tintindex":0},"east":{"uv":[0.25,9.25,0.375,9.625],"rotation":0,"texture":"#0","tintindex":0},"north":{"uv":[7.25,7.5,7.875,7.875],"rotation":0,"texture":"#0","tintindex":0},"south":{"uv":[0.0,7.625,0.625,8.0],"rotation":0,"texture":"#0","tintindex":0},"up":{"uv":[7.75,3.125,7.125,3.0],"rotation":0,"texture":"#0","tintindex":0},"west":{"uv":[0.375,9.25,0.5,9.625],"rotation":0,"texture":"#0","tintindex":0}}},{"name":"cube","from":[6.3875685,15.8,11.762341],"to":[9.612432,17.6,12.299817],"rotation":{"angle":0.0,"axis":"x","origin":[8.0,10.4,8.0]},"faces":{"down":{"uv":[9.25,3.625,8.625,3.75],"rotation":0,"texture":"#0","tintindex":0},"east":{"uv":[0.5,9.25,0.625,9.625],"rotation":0,"texture":"#0","tintindex":0},"north":{"uv":[0.625,7.625,1.25,8.0],"rotation":0,"texture":"#0","tintindex":0},"south":{"uv":[1.25,7.625,1.875,8.0],"rotation":0,"texture":"#0","tintindex":0},"up":{"uv":[9.25,3.625,8.625,3.5],"rotation":0,"texture":"#0","tintindex":0},"west":{"uv":[0.625,9.25,0.75,9.625],"rotation":0,"texture":"#0","tintindex":0}}},{"name":"cube","from":[11.762341,15.8,6.3875685],"to":[12.299817,17.6,9.612432],"rotation":{"angle":0.0,"axis":"x","origin":[8.0,10.4,8.0]},"faces":{"down":{"uv":[4.5,8.625,4.375,9.25],"rotation":0,"texture":"#0","tintindex":0},"east":{"uv":[7.75,1.5,8.375,1.875],"rotation":0,"texture":"#0","tintindex":0},"north":{"uv":[1.375,9.25,1.5,9.625],"rotation":0,"texture":"#0","tintindex":0},"south":{"uv":[1.5,9.25,1.625,9.625],"rotation":0,"texture":"#0","tintindex":0},"up":{"uv":[4.375,9.25,4.25,8.625],"rotation":0,"texture":"#0","tintindex":0},"west":{"uv":[1.875,7.75,2.5,8.125],"rotation":0,"texture":"#0","tintindex":0}}},{"name":"cube","from":[3.7001827,15.8,6.3875685],"to":[4.23766,17.6,9.612432],"rotation":{"angle":0.0,"axis":"x","origin":[8.0,10.4,8.0]},"faces":{"down":{"uv":[5.75,8.625,5.625,9.25],"rotation":0,"texture":"#0","tintindex":0},"east":{"uv":[7.75,1.875,8.375,2.25],"rotation":0,"texture":"#0","tintindex":0},"north":{"uv":[9.25,1.5,9.375,1.875],"rotation":0,"texture":"#0","tintindex":0},"south":{"uv":[1.625,9.25,1.75,9.625],"rotation":0,"texture":"#0","tintindex":0},"up":{"uv":[5.625,9.25,5.5,8.625],"rotation":0,"texture":"#0","tintindex":0},"west":{"uv":[7.75,2.25,8.375,2.625],"rotation":0,"texture":"#0","tintindex":0}}},{"name":"cube","from":[4.8896,14.0,11.73248],"to":[11.1104,15.8,12.35456],"rotation":{"angle":0.0,"axis":"x","origin":[8.0,8.6,8.0]},"faces":{"down":{"uv":[6.5,8.0,5.25,8.125],"rotation":0,"texture":"#0","tintindex":0},"east":{"uv":[7.5,8.875,7.625,9.25],"rotation":0,"texture":"#0","tintindex":0},"north":{"uv":[6.0,5.0,7.25,5.375],"rotation":0,"texture":"#0","tintindex":0},"south":{"uv":[6.0,5.375,7.25,5.75],"rotation":0,"texture":"#0","tintindex":0},"up":{"uv":[1.375,8.125,0.125,8.0],"rotation":0,"texture":"#0","tintindex":0},"west":{"uv":[7.625,8.875,7.75,9.25],"rotation":0,"texture":"#0","tintindex":0}}},{"name":"cube","from":[4.26752,14.0,4.26752],"to":[11.73248,15.8,11.73248],"rotation":{"angle":0.0,"axis":"x","origin":[8.0,8.6,8.0]},"faces":{"down":{"uv":[4.625,0.0,3.125,1.5],"rotation":0,"texture":"#0","tintindex":0},"east":{"uv":[4.5,5.375,6.0,5.75],"rotation":0,"texture":"#0","tintindex":0},"north":{"uv":[4.5,5.0,6.0,5.375],"rotation":0,"texture":"#0","tintindex":0},"south":{"uv":[2.625,5.625,4.125,6.0],"rotation":0,"texture":"#0","tintindex":0},"up":{"uv":[3.125,4.5,1.625,3.0],"rotation":0,"texture":"#0","tintindex":0},"west":{"uv":[5.625,2.75,7.125,3.125],"rotation":0,"texture":"#0","tintindex":0}}},{"name":"cube","from":[3.6454399,14.0,4.8896],"to":[4.26752,15.8,11.1104],"rotation":{"angle":0.0,"axis":"x","origin":[8.0,8.6,8.0]},"faces":{"down":{"uv":[1.625,8.0,1.5,9.25],"rotation":0,"texture":"#0","tintindex":0},"east":{"uv":[0.0,6.125,1.25,6.5],"rotation":0,"texture":"#0","tintindex":0},"north":{"uv":[7.75,8.875,7.875,9.25],"rotation":0,"texture":"#0","tintindex":0},"south":{"uv":[7.875,8.875,8.0,9.25],"rotation":0,"texture":"#0","tintindex":0},"up":{"uv":[1.5,9.25,1.375,8.0],"rotation":0,"texture":"#0","tintindex":0},"west":{"uv":[6.125,0.0,7.375,0.375],"rotation":0,"texture":"#0","tintindex":0}}},{"name":"cube","from":[11.73248,14.0,4.8896],"to":[12.35456,15.8,11.1104],"rotation":{"angle":0.0,"axis":"x","origin":[8.0,8.6,8.0]},"faces":{"down":{"uv":[1.875,8.0,1.75,9.25],"rotation":0,"texture":"#0","tintindex":0},"east":{"uv":[6.125,0.375,7.375,0.75],"rotation":0,"texture":"#0","tintindex":0},"north":{"uv":[8.0,8.875,8.125,9.25],"rotation":0,"texture":"#0","tintindex":0},"south":{"uv":[8.875,8.625,9.0,9.0],"rotation":0,"texture":"#0","tintindex":0},"up":{"uv":[1.75,9.25,1.625,8.0],"rotation":0,"texture":"#0","tintindex":0},"west":{"uv":[6.125,0.75,7.375,1.125],"rotation":0,"texture":"#0","tintindex":0}}},{"name":"cube","from":[4.8896,14.0,3.6454399],"to":[11.1104,15.8,4.26752],"rotation":{"angle":0.0,"axis":"x","origin":[8.0,8.6,8.0]},"faces":{"down":{"uv":[1.375,8.125,0.125,8.25],"rotation":0,"texture":"#0","tintindex":0},"east":{"uv":[9.0,5.25,9.125,5.625],"rotation":0,"texture":"#0","tintindex":0},"north":{"uv":[6.125,1.125,7.375,1.5],"rotation":0,"texture":"#0","tintindex":0},"south":{"uv":[1.25,6.125,2.5,6.5],"rotation":0,"texture":"#0","tintindex":0},"up":{"uv":[8.125,8.125,6.875,8.0],"rotation":0,"texture":"#0","tintindex":0},"west":{"uv":[9.0,8.625,9.125,9.0],"rotation":0,"texture":"#0","tintindex":0}}},{"name":"cube","from":[6.1337595,14.0,3.0233598],"to":[9.86624,15.8,3.6454399],"rotation":{"angle":0.0,"axis":"x","origin":[8.0,8.6,8.0]},"faces":{"down":{"uv":[9.375,3.0,8.625,3.125],"rotation":0,"texture":"#0","tintindex":0},"east":{"uv":[8.875,9.0,9.0,9.375],"rotation":0,"texture":"#0","tintindex":0},"north":{"uv":[7.0,4.625,7.75,5.0],"rotation":0,"texture":"#0","tintindex":0},"south":{"uv":[7.0,6.5,7.75,6.875],"rotation":0,"texture":"#0","tintindex":0},"up":{"uv":[3.0,8.75,2.25,8.625],"rotation":0,"texture":"#0","tintindex":0},"west":{"uv":[9.0,9.0,9.125,9.375],"rotation":0,"texture":"#0","tintindex":0}}},{"name":"cube","from":[6.1337595,14.0,12.35456],"to":[9.86624,15.8,12.97664],"rotation":{"angle":0.0,"axis":"x","origin":[8.0,8.6,8.0]},"faces":{"down":{"uv":[9.375,3.25,8.625,3.375],"rotation":0,"texture":"#0","tintindex":0},"east":{"uv":[5.0,9.125,5.125,9.5],"rotation":0,"texture":"#0","tintindex":0},"north":{"uv":[2.25,7.125,3.0,7.5],"rotation":0,"texture":"#0","tintindex":0},"south":{"uv":[7.125,2.625,7.875,3.0],"rotation":0,"texture":"#0","tintindex":0},"up":{"uv":[9.375,3.25,8.625,3.125],"rotation":0,"texture":"#0","tintindex":0},"west":{"uv":[5.125,9.125,5.25,9.5],"rotation":0,"texture":"#0","tintindex":0}}},{"name":"cube","from":[12.35456,14.0,6.1337595],"to":[12.97664,15.8,9.86624],"rotation":{"angle":0.0,"axis":"x","origin":[8.0,8.6,8.0]},"faces":{"down":{"uv":[4.0,8.625,3.875,9.375],"rotation":0,"texture":"#0","tintindex":0},"east":{"uv":[7.125,6.125,7.875,6.5],"rotation":0,"texture":"#0","tintindex":0},"north":{"uv":[9.125,5.25,9.25,5.625],"rotation":0,"texture":"#0","tintindex":0},"south":{"uv":[9.125,5.625,9.25,6.0],"rotation":0,"texture":"#0","tintindex":0},"up":{"uv":[3.875,9.375,3.75,8.625],"rotation":0,"texture":"#0","tintindex":0},"west":{"uv":[0.0,7.25,0.75,7.625],"rotation":0,"texture":"#0","tintindex":0}}},{"name":"cube","from":[3.0233598,14.0,6.1337595],"to":[3.6454399,15.8,9.86624],"rotation":{"angle":0.0,"axis":"x","origin":[8.0,8.6,8.0]},"faces":{"down":{"uv":[4.25,8.625,4.125,9.375],"rotation":0,"texture":"#0","tintindex":0},"east":{"uv":[0.75,7.25,1.5,7.625],"rotation":0,"texture":"#0","tintindex":0},"north":{"uv":[9.125,6.0,9.25,6.375],"rotation":0,"texture":"#0","tintindex":0},"south":{"uv":[9.125,6.375,9.25,6.75],"rotation":0,"texture":"#0","tintindex":0},"up":{"uv":[4.125,9.375,4.0,8.625],"rotation":0,"texture":"#0","tintindex":0},"west":{"uv":[1.5,7.25,2.25,7.625],"rotation":0,"texture":"#0","tintindex":0}}},{"name":"cube","from":[4.8896,11.6,11.73248],"to":[11.1104,13.400001,12.35456],"rotation":{"angle":0.0,"axis":"x","origin":[8.0,6.2,8.0]},"faces":{"down":{"uv":[9.125,7.5,7.875,7.625],"rotation":0,"texture":"#0","tintindex":0},"east":{"uv":[0.125,8.875,0.25,9.25],"rotation":0,"texture":"#0","tintindex":0},"north":{"uv":[0.0,5.75,1.25,6.125],"rotation":0,"texture":"#0","tintindex":0},"south":{"uv":[1.25,5.75,2.5,6.125],"rotation":0,"texture":"#0","tintindex":0},"up":{"uv":[8.125,8.0,6.875,7.875],"rotation":0,"texture":"#0","tintindex":0},"west":{"uv":[0.25,8.875,0.375,9.25],"rotation":0,"texture":"#0","tintindex":0}}},{"name":"cube","from":[4.26752,11.6,4.26752],"to":[11.73248,13.400001,11.73248],"rotation":{"angle":0.0,"axis":"x","origin":[8.0,6.2,8.0]},"faces":{"down":{"uv":[3.125,1.5,1.625,3.0],"rotation":0,"texture":"#0","tintindex":0},"east":{"uv":[4.625,0.375,6.125,0.75],"rotation":0,"texture":"#0","tintindex":0},"north":{"uv":[4.625,0.0,6.125,0.375],"rotation":0,"texture":"#0","tintindex":0},"south":{"uv":[4.625,0.75,6.125,1.125],"rotation":0,"texture":"#0","tintindex":0},"up":{"uv":[3.125,1.5,1.625,0.0],"rotation":0,"texture":"#0","tintindex":0},"west":{"uv":[4.625,1.125,6.125,1.5],"rotation":0,"texture":"#0","tintindex":0}}},{"name":"cube","from":[3.6454399,11.6,4.8896],"to":[4.26752,13.400001,11.1104],"rotation":{"angle":0.0,"axis":"x","origin":[8.0,6.2,8.0]},"faces":{"down":{"uv":[1.625,3.25,1.5,4.5],"rotation":0,"texture":"#0","tintindex":0},"east":{"uv":[5.75,1.5,7.0,1.875],"rotation":0,"texture":"#0","tintindex":0},"north":{"uv":[0.375,8.875,0.5,9.25],"rotation":0,"texture":"#0","tintindex":0},"south":{"uv":[0.5,8.875,0.625,9.25],"rotation":0,"texture":"#0","tintindex":0},"up":{"uv":[1.5,4.5,1.375,3.25],"rotation":0,"texture":"#0","tintindex":0},"west":{"uv":[5.75,1.875,7.0,2.25],"rotation":0,"texture":"#0","tintindex":0}}},{"name":"cube","from":[11.73248,11.6,4.8896],"to":[12.35456,13.400001,11.1104],"rotation":{"angle":0.0,"axis":"x","origin":[8.0,6.2,8.0]},"faces":{"down":{"uv":[0.125,8.0,0.0,9.25],"rotation":0,"texture":"#0","tintindex":0},"east":{"uv":[5.75,2.25,7.0,2.625],"rotation":0,"texture":"#0","tintindex":0},"north":{"uv":[0.625,8.875,0.75,9.25],"rotation":0,"texture":"#0","tintindex":0},"south":{"uv":[2.25,8.875,2.375,9.25],"rotation":0,"texture":"#0","tintindex":0},"up":{"uv":[6.625,9.125,6.5,7.875],"rotation":0,"texture":"#0","tintindex":0},"west":{"uv":[4.125,5.75,5.375,6.125],"rotation":0,"texture":"#0","tintindex":0}}},{"name":"cube","from":[4.8896,11.6,3.6454399],"to":[11.1104,13.400001,4.26752],"rotation":{"angle":0.0,"axis":"x","origin":[8.0,6.2,8.0]},"faces":{"down":{"uv":[9.125,7.75,7.875,7.875],"rotation":0,"texture":"#0","tintindex":0},"east":{"uv":[2.375,8.875,2.5,9.25],"rotation":0,"texture":"#0","tintindex":0},"north":{"uv":[5.375,5.75,6.625,6.125],"rotation":0,"texture":"#0","tintindex":0},"south":{"uv":[2.5,6.0,3.75,6.375],"rotation":0,"texture":"#0","tintindex":0},"up":{"uv":[9.125,7.75,7.875,7.625],"rotation":0,"texture":"#0","tintindex":0},"west":{"uv":[2.5,8.875,2.625,9.25],"rotation":0,"texture":"#0","tintindex":0}}},{"name":"cube","from":[6.1337595,11.6,3.0233598],"to":[9.86624,13.400001,3.6454399],"rotation":{"angle":0.0,"axis":"x","origin":[8.0,6.2,8.0]},"faces":{"down":{"uv":[8.375,8.5,7.625,8.625],"rotation":0,"texture":"#0","tintindex":0},"east":{"uv":[2.625,8.875,2.75,9.25],"rotation":0,"texture":"#0","tintindex":0},"north":{"uv":[6.75,6.875,7.5,7.25],"rotation":0,"texture":"#0","tintindex":0},"south":{"uv":[7.0,1.5,7.75,1.875],"rotation":0,"texture":"#0","tintindex":0},"up":{"uv":[9.25,7.125,8.5,7.0],"rotation":0,"texture":"#0","tintindex":0},"west":{"uv":[2.75,8.875,2.875,9.25],"rotation":0,"texture":"#0","tintindex":0}}},{"name":"cube","from":[6.1337595,11.6,12.35456],"to":[9.86624,13.400001,12.97664],"rotation":{"angle":0.0,"axis":"x","origin":[8.0,6.2,8.0]},"faces":{"down":{"uv":[0.875,8.625,0.125,8.75],"rotation":0,"texture":"#0","tintindex":0},"east":{"uv":[8.875,5.25,9.0,5.625],"rotation":0,"texture":"#0","tintindex":0},"north":{"uv":[7.0,1.875,7.75,2.25],"rotation":0,"texture":"#0","tintindex":0},"south":{"uv":[7.0,2.25,7.75,2.625],"rotation":0,"texture":"#0","tintindex":0},"up":{"uv":[9.125,8.625,8.375,8.5],"rotation":0,"texture":"#0","tintindex":0},"west":{"uv":[6.875,8.875,7.0,9.25],"rotation":0,"texture":"#0","tintindex":0}}},{"name":"cube","from":[12.35456,11.6,6.1337595],"to":[12.97664,13.400001,9.86624],"rotation":{"angle":0.0,"axis":"x","origin":[8.0,6.2,8.0]},"faces":{"down":{"uv":[4.75,8.5,4.625,9.25],"rotation":0,"texture":"#0","tintindex":0},"east":{"uv":[7.0,3.125,7.75,3.5],"rotation":0,"texture":"#0","tintindex":0},"north":{"uv":[7.0,8.875,7.125,9.25],"rotation":0,"texture":"#0","tintindex":0},"south":{"uv":[7.125,8.875,7.25,9.25],"rotation":0,"texture":"#0","tintindex":0},"up":{"uv":[4.625,9.25,4.5,8.5],"rotation":0,"texture":"#0","tintindex":0},"west":{"uv":[7.0,3.5,7.75,3.875],"rotation":0,"texture":"#0","tintindex":0}}},{"name":"cube","from":[3.0233598,11.6,6.1337595],"to":[3.6454399,13.400001,9.86624],"rotation":{"angle":0.0,"axis":"x","origin":[8.0,6.2,8.0]},"faces":{"down":{"uv":[1.0,8.625,0.875,9.375],"rotation":0,"texture":"#0","tintindex":0},"east":{"uv":[7.0,3.875,7.75,4.25],"rotation":0,"texture":"#0","tintindex":0},"north":{"uv":[7.25,8.875,7.375,9.25],"rotation":0,"texture":"#0","tintindex":0},"south":{"uv":[7.375,8.875,7.5,9.25],"rotation":0,"texture":"#0","tintindex":0},"up":{"uv":[6.375,9.25,6.25,8.5],"rotation":0,"texture":"#0","tintindex":0},"west":{"uv":[7.0,4.25,7.75,4.625],"rotation":0,"texture":"#0","tintindex":0}}},{"name":"cube","from":[5.0,8.0,5.0],"to":[11.0,8.6,11.0],"rotation":{"angle":0.0,"axis":"x","origin":[8.0,-2.8000002,8.0]},"faces":{"down":{"uv":[5.75,1.5,4.5,2.75],"rotation":0,"texture":"#0","tintindex":0},"east":{"uv":[7.875,6.125,9.125,6.25],"rotation":0,"texture":"#0","tintindex":0},"north":{"uv":[5.25,7.875,6.5,8.0],"rotation":0,"texture":"#0","tintindex":0},"south":{"uv":[7.875,6.25,9.125,6.375],"rotation":0,"texture":"#0","tintindex":0},"up":{"uv":[2.625,5.75,1.375,4.5],"rotation":0,"texture":"#0","tintindex":0},"west":{"uv":[7.875,6.375,9.125,6.5],"rotation":0,"texture":"#0","tintindex":0}}},{"name":"cube","from":[6.2,8.0,11.0],"to":[9.8,8.6,11.6],"rotation":{"angle":0.0,"axis":"x","origin":[8.0,-2.8000002,8.0]},"faces":{"down":{"uv":[9.25,1.875,8.5,2.0],"rotation":0,"texture":"#0","tintindex":0},"east":{"uv":[7.0,7.75,7.125,7.875],"rotation":0,"texture":"#0","tintindex":0},"north":{"uv":[8.5,1.5,9.25,1.625],"rotation":0,"texture":"#0","tintindex":0},"south":{"uv":[8.5,1.625,9.25,1.75],"rotation":0,"texture":"#0","tintindex":0},"up":{"uv":[9.25,1.875,8.5,1.75],"rotation":0,"texture":"#0","tintindex":0},"west":{"uv":[7.125,7.75,7.25,7.875],"rotation":0,"texture":"#0","tintindex":0}}},{"name":"cube","from":[4.3999996,8.0,6.2],"to":[5.0,8.6,9.8],"rotation":{"angle":0.0,"axis":"x","origin":[8.0,-2.8000002,8.0]},"faces":{"down":{"uv":[8.625,3.0,8.5,3.75],"rotation":0,"texture":"#0","tintindex":0},"east":{"uv":[8.5,2.0,9.25,2.125],"rotation":0,"texture":"#0","tintindex":0},"north":{"uv":[8.875,5.625,9.0,5.75],"rotation":0,"texture":"#0","tintindex":0},"south":{"uv":[9.0,5.625,9.125,5.75],"rotation":0,"texture":"#0","tintindex":0},"up":{"uv":[3.125,9.25,3.0,8.5],"rotation":0,"texture":"#0","tintindex":0},"west":{"uv":[2.25,8.5,3.0,8.625],"rotation":0,"texture":"#0","tintindex":0}}},{"name":"cube","from":[6.2,8.0,4.3999996],"to":[9.8,8.6,5.0],"rotation":{"angle":0.0,"axis":"x","origin":[8.0,-2.8000002,8.0]},"faces":{"down":{"uv":[6.25,8.5,5.5,8.625],"rotation":0,"texture":"#0","tintindex":0},"east":{"uv":[9.125,4.875,9.25,5.0],"rotation":0,"texture":"#0","tintindex":0},"north":{"uv":[3.75,8.5,4.5,8.625],"rotation":0,"texture":"#0","tintindex":0},"south":{"uv":[8.5,3.75,9.25,3.875],"rotation":0,"texture":"#0","tintindex":0},"up":{"uv":[9.25,4.0,8.5,3.875],"rotation":0,"texture":"#0","tintindex":0},"west":{"uv":[9.125,6.75,9.25,6.875],"rotation":0,"texture":"#0","tintindex":0}}},{"name":"cube","from":[11.0,8.0,6.2],"to":[11.6,8.6,9.8],"rotation":{"angle":0.0,"axis":"x","origin":[8.0,-2.8000002,8.0]},"faces":{"down":{"uv":[3.375,8.5,3.25,9.25],"rotation":0,"texture":"#0","tintindex":0},"east":{"uv":[6.875,8.5,7.625,8.625],"rotation":0,"texture":"#0","tintindex":0},"north":{"uv":[9.125,7.125,9.25,7.25],"rotation":0,"texture":"#0","tintindex":0},"south":{"uv":[9.25,7.75,9.375,7.875],"rotation":0,"texture":"#0","tintindex":0},"up":{"uv":[3.25,9.25,3.125,8.5],"rotation":0,"texture":"#0","tintindex":0},"west":{"uv":[8.5,6.875,9.25,7.0],"rotation":0,"texture":"#0","tintindex":0}}},{"name":"cube","from":[8.0,14.0,9.2],"to":[9.2,18.2,10.4],"rotation":{"angle":45.0,"axis":"y","origin":[8.0,8.0,8.0]},"faces":{"down":{"uv":[9.75,5.125,10.0,5.875],"rotation":0,"texture":"#0","tintindex":0},"east":{"uv":[9.75,5.125,10.0,5.875],"rotation":0,"texture":"#0","tintindex":0},"north":{"uv":[9.75,5.125,10.0,5.875],"rotation":0,"texture":"#0","tintindex":0},"south":{"uv":[9.75,5.125,10.0,5.875],"rotation":0,"texture":"#0","tintindex":0},"up":{"uv":[15.625,0.0,16.0,0.375],"rotation":0,"texture":"#0","tintindex":0},"west":{"uv":[9.75,5.125,10.0,5.875],"rotation":0,"texture":"#0","tintindex":0}}},{"name":"cube","from":[5.18,15.8,6.8],"to":[6.38,19.400002,8.0],"rotation":{"angle":-22.5,"axis":"z","origin":[8.0,8.0,8.0]},"faces":{"down":{"uv":[9.75,5.125,10.0,5.875],"rotation":0,"texture":"#0","tintindex":0},"east":{"uv":[9.75,5.125,10.0,5.875],"rotation":0,"texture":"#0","tintindex":0},"north":{"uv":[9.75,5.125,10.0,5.875],"rotation":0,"texture":"#0","tintindex":0},"south":{"uv":[9.75,5.125,10.0,5.875],"rotation":0,"texture":"#0","tintindex":0},"up":{"uv":[15.625,0.0,16.0,0.375],"rotation":0,"texture":"#0","tintindex":0},"west":{"uv":[9.75,5.125,10.0,5.875],"rotation":0,"texture":"#0","tintindex":0}}},{"name":"cube","from":[5.63,19.400002,7.25],"to":[5.9300003,20.600002,7.55],"rotation":{"angle":-22.5,"axis":"z","origin":[8.0,8.0,8.0]},"faces":{"down":{"uv":[0.0,0.0,0.0625,0.0625],"rotation":0,"texture":"#0","tintindex":0},"east":{"uv":[0.0,0.0,0.0625,0.25],"rotation":0,"texture":"#0","tintindex":0},"north":{"uv":[0.0,0.0,0.0625,0.25],"rotation":0,"texture":"#0","tintindex":0},"south":{"uv":[0.0,0.0,0.0625,0.25],"rotation":0,"texture":"#0","tintindex":0},"up":{"uv":[0.0,0.0,0.0625,0.0625],"rotation":0,"texture":"#0","tintindex":0},"west":{"uv":[0.0,0.0,0.0625,0.25],"rotation":0,"texture":"#0","tintindex":0}}},{"name":"cube","from":[9.530001,18.2,8.75],"to":[9.83,19.400002,9.05],"rotation":{"angle":0.0,"axis":"x","origin":[8.0,8.0,8.0]},"faces":{"down":{"uv":[0.0,0.0,0.0625,0.0625],"rotation":0,"texture":"#0","tintindex":0},"east":{"uv":[0.0,0.0,0.0625,0.25],"rotation":0,"texture":"#0","tintindex":0},"north":{"uv":[0.0,0.0,0.0625,0.25],"rotation":0,"texture":"#0","tintindex":0},"south":{"uv":[0.0,0.0,0.0625,0.25],"rotation":0,"texture":"#0","tintindex":0},"up":{"uv":[0.0,0.0,0.0625,0.0625],"rotation":0,"texture":"#0","tintindex":0},"west":{"uv":[0.0,0.0,0.0625,0.25],"rotation":0,"texture":"#0","tintindex":0}}},{"name":"cube","from":[7.25,16.76,6.2],"to":[8.45,17.960001,9.2],"rotation":{"angle":-22.5,"axis":"y","origin":[8.0,8.0,8.0]},"faces":{"down":{"uv":[9.75,5.125,10.0,5.875],"rotation":0,"texture":"#0","tintindex":0},"east":{"uv":[9.75,5.75,10.5,6.0],"rotation":0,"texture":"#0","tintindex":0},"north":{"uv":[9.75,5.125,10.0,5.875],"rotation":0,"texture":"#0","tintindex":0},"south":{"uv":[15.625,0.0,16.0,0.375],"rotation":0,"texture":"#0","tintindex":0},"up":{"uv":[9.75,5.125,10.0,5.875],"rotation":0,"texture":"#0","tintindex":0},"west":{"uv":[9.75,5.75,10.5,6.0],"rotation":0,"texture":"#0","tintindex":0}}},{"name":"cube","from":[5.6,17.0,6.2],"to":[6.8,18.2,9.8],"rotation":{"angle":0.0,"axis":"x","origin":[8.0,8.0,8.0]},"faces":{"down":{"uv":[9.75,5.125,10.0,5.875],"rotation":0,"texture":"#0","tintindex":0},"east":{"uv":[9.75,5.875,10.5,6.125],"rotation":0,"texture":"#0","tintindex":0},"north":{"uv":[9.75,5.125,10.0,5.375],"rotation":0,"texture":"#0","tintindex":0},"south":{"uv":[9.75,5.125,10.0,5.375],"rotation":0,"texture":"#0","tintindex":0},"up":{"uv":[9.75,5.125,10.0,5.875],"rotation":0,"texture":"#0","tintindex":0},"west":{"uv":[9.75,5.75,10.5,6.0],"rotation":0,"texture":"#0","tintindex":0}}}],"display":{"head":{"translation":[0.0,-6.4,0.0],"rotation":[0.0,0.0,0.0],"scale":[3.8095,3.8095,3.8095]}}}