{
	"credit": "Made with Blockbench",
	"textures": {
		"particle": "weapon/bow/unnamed_bow",
		"voxels_atlas": "weapon/bow/unnamed_bow"
	},
	"elements": [
		{
			"name": "Voxels",
			"from": [7.5, 7.75, 6.5],
			"to": [7.75, 8.25, 6.75],
			"faces": {
				"north": {"uv": [12.5, 14.25, 12.25, 14.75], "texture": "#voxels_atlas"},
				"east": {"uv": [13.25, 14.25, 13, 14.75], "texture": "#voxels_atlas"},
				"south": {"uv": [12.5, 14.25, 12.75, 14.75], "texture": "#voxels_atlas"},
				"west": {"uv": [12.75, 14.25, 13, 14.75], "texture": "#voxels_atlas"},
				"up": {"uv": [0, 0.25, 0.25, 0], "texture": "#voxels_atlas"},
				"down": {"uv": [2, 2.25, 2.25, 2.5], "texture": "#voxels_atlas"}
			}
		},
		{
			"name": "Voxels",
			"from": [7.75, 3.75, 8],
			"to": [8.5, 4, 8.25],
			"faces": {
				"north": {"uv": [12.75, 14, 12, 14.25], "texture": "#voxels_atlas"},
				"east": {"uv": [0.75, 0, 0.5, 0.25], "texture": "#voxels_atlas"},
				"south": {"uv": [12.75, 14, 13.5, 14.25], "texture": "#voxels_atlas"},
				"west": {"uv": [0.25, 0, 0.5, 0.25], "texture": "#voxels_atlas"},
				"up": {"uv": [11.25, 14.25, 12, 14], "texture": "#voxels_atlas"},
				"down": {"uv": [7.5, 14, 8.25, 14.25], "texture": "#voxels_atlas"}
			}
		},
		{
			"name": "Voxels",
			"from": [7.75, 4, 7.75],
			"to": [8.5, 4.25, 8],
			"faces": {
				"north": {"uv": [7, 13.75, 6.25, 14], "texture": "#voxels_atlas"},
				"east": {"uv": [9.25, 14.25, 9, 14.5], "texture": "#voxels_atlas"},
				"south": {"uv": [7, 13.75, 7.75, 14], "texture": "#voxels_atlas"},
				"west": {"uv": [0.75, 0, 1, 0.25], "texture": "#voxels_atlas"},
				"up": {"uv": [5.5, 14, 6.25, 13.75], "texture": "#voxels_atlas"},
				"down": {"uv": [4.75, 13.75, 5.5, 14], "texture": "#voxels_atlas"}
			}
		},
		{
			"name": "Voxels",
			"from": [7.75, 4.25, 7.5],
			"to": [8.5, 4.5, 7.75],
			"faces": {
				"north": {"uv": [2.25, 14, 1.5, 14.25], "texture": "#voxels_atlas"},
				"east": {"uv": [9.75, 14.25, 9.5, 14.5], "texture": "#voxels_atlas"},
				"south": {"uv": [9.25, 13.75, 10, 14], "texture": "#voxels_atlas"},
				"west": {"uv": [9.25, 14.25, 9.5, 14.5], "texture": "#voxels_atlas"},
				"up": {"uv": [8.5, 14, 9.25, 13.75], "texture": "#voxels_atlas"},
				"down": {"uv": [7.75, 13.75, 8.5, 14], "texture": "#voxels_atlas"}
			}
		},
		{
			"name": "Voxels",
			"from": [7.75, 4.5, 7.25],
			"to": [8.5, 5.25, 7.5],
			"faces": {
				"north": {"uv": [5, 15.25, 4.25, 16], "texture": "#voxels_atlas"},
				"east": {"uv": [1.75, 6.5, 1.5, 7.25], "texture": "#voxels_atlas"},
				"south": {"uv": [3.5, 15.25, 4.25, 16], "texture": "#voxels_atlas"},
				"west": {"uv": [1.5, 7.25, 1.75, 8], "texture": "#voxels_atlas"},
				"up": {"uv": [10.75, 14, 11.5, 13.75], "texture": "#voxels_atlas"},
				"down": {"uv": [10, 13.75, 10.75, 14], "texture": "#voxels_atlas"}
			}
		},
		{
			"name": "Voxels",
			"from": [7.75, 5.25, 7],
			"to": [8.5, 7, 7.25],
			"faces": {
				"north": {"uv": [1.75, 14.25, 1, 16], "texture": "#voxels_atlas"},
				"east": {"uv": [5.25, 14.25, 5, 16], "texture": "#voxels_atlas"},
				"south": {"uv": [1.75, 14.25, 2.5, 16], "texture": "#voxels_atlas"},
				"west": {"uv": [8.75, 14.25, 9, 16], "texture": "#voxels_atlas"},
				"up": {"uv": [12.25, 14, 13, 13.75], "texture": "#voxels_atlas"},
				"down": {"uv": [11.5, 13.75, 12.25, 14], "texture": "#voxels_atlas"}
			}
		},
		{
			"name": "Voxels",
			"from": [7.75, 7, 6.75],
			"to": [8.5, 7.5, 7],
			"faces": {
				"north": {"uv": [11.75, 15, 11, 15.5], "texture": "#voxels_atlas"},
				"east": {"uv": [2, 0.75, 1.75, 1.25], "texture": "#voxels_atlas"},
				"south": {"uv": [11, 15.5, 11.75, 16], "texture": "#voxels_atlas"},
				"west": {"uv": [1.75, 1.25, 2, 1.75], "texture": "#voxels_atlas"},
				"up": {"uv": [13.75, 14, 14.5, 13.75], "texture": "#voxels_atlas"},
				"down": {"uv": [13, 13.75, 13.75, 14], "texture": "#voxels_atlas"}
			}
		},
		{
			"name": "Voxels",
			"from": [7.75, 7.25, 6.5],
			"to": [8.5, 7.75, 6.75],
			"faces": {
				"north": {"uv": [10.5, 15, 9.75, 15.5], "texture": "#voxels_atlas"},
				"east": {"uv": [2.25, 13.25, 2, 13.75], "texture": "#voxels_atlas"},
				"south": {"uv": [9.75, 15.5, 10.5, 16], "texture": "#voxels_atlas"},
				"west": {"uv": [1.75, 0.25, 2, 0.75], "texture": "#voxels_atlas"},
				"up": {"uv": [15.25, 14, 16, 13.75], "texture": "#voxels_atlas"},
				"down": {"uv": [14.5, 13.75, 15.25, 14], "texture": "#voxels_atlas"}
			}
		},
		{
			"name": "Voxels",
			"from": [7.75, 7.25, 7],
			"to": [8.25, 7.5, 7.25],
			"faces": {
				"north": {"uv": [16, 14.25, 15.5, 14.5], "texture": "#voxels_atlas"},
				"east": {"uv": [16, 14, 15.75, 14.25], "texture": "#voxels_atlas"},
				"south": {"uv": [2.25, 13.5, 2.75, 13.75], "texture": "#voxels_atlas"},
				"west": {"uv": [11.75, 14.25, 12, 14.5], "texture": "#voxels_atlas"},
				"up": {"uv": [15, 14.5, 15.5, 14.25], "texture": "#voxels_atlas"},
				"down": {"uv": [10.5, 14.25, 11, 14.5], "texture": "#voxels_atlas"}
			}
		},
		{
			"name": "Voxels",
			"from": [7.75, 7.5, 6.25],
			"to": [8.25, 7.75, 6.5],
			"faces": {
				"north": {"uv": [4.75, 13.5, 4.25, 13.75], "texture": "#voxels_atlas"},
				"east": {"uv": [2.25, 4.5, 2, 4.75], "texture": "#voxels_atlas"},
				"south": {"uv": [4.75, 13.5, 5.25, 13.75], "texture": "#voxels_atlas"},
				"west": {"uv": [1.75, 0, 2, 0.25], "texture": "#voxels_atlas"},
				"up": {"uv": [3.75, 13.75, 4.25, 13.5], "texture": "#voxels_atlas"},
				"down": {"uv": [3.75, 13.25, 4.25, 13.5], "texture": "#voxels_atlas"}
			}
		},
		{
			"name": "Voxels",
			"from": [7.75, 7.5, 6.75],
			"to": [8.25, 7.75, 7],
			"faces": {
				"north": {"uv": [7.75, 13.5, 7.25, 13.75], "texture": "#voxels_atlas"},
				"east": {"uv": [2.25, 4, 2, 4.25], "texture": "#voxels_atlas"},
				"south": {"uv": [7.75, 13.5, 8.25, 13.75], "texture": "#voxels_atlas"},
				"west": {"uv": [2, 4.25, 2.25, 4.5], "texture": "#voxels_atlas"},
				"up": {"uv": [6.75, 13.75, 7.25, 13.5], "texture": "#voxels_atlas"},
				"down": {"uv": [6.25, 13.5, 6.75, 13.75], "texture": "#voxels_atlas"}
			}
		},
		{
			"name": "Voxels",
			"from": [7.75, 8.25, 6.25],
			"to": [8.25, 8.5, 7],
			"faces": {
				"north": {"uv": [8.75, 13.5, 8.25, 13.75], "texture": "#voxels_atlas"},
				"east": {"uv": [5, 14.25, 4.25, 14.5], "texture": "#voxels_atlas"},
				"south": {"uv": [8.75, 13.5, 9.25, 13.75], "texture": "#voxels_atlas"},
				"west": {"uv": [3.5, 14.25, 4.25, 14.5], "texture": "#voxels_atlas"},
				"up": {"uv": [10.5, 16, 11, 15.25], "texture": "#voxels_atlas"},
				"down": {"uv": [10.5, 14.5, 11, 15.25], "texture": "#voxels_atlas"}
			}
		},
		{
			"name": "Voxels",
			"from": [7.75, 8.5, 6.5],
			"to": [8.5, 8.75, 7],
			"faces": {
				"north": {"uv": [10.5, 14.25, 9.75, 14.5], "texture": "#voxels_atlas"},
				"east": {"uv": [10.25, 13.5, 9.75, 13.75], "texture": "#voxels_atlas"},
				"south": {"uv": [11, 14.25, 11.75, 14.5], "texture": "#voxels_atlas"},
				"west": {"uv": [9.25, 13.5, 9.75, 13.75], "texture": "#voxels_atlas"},
				"up": {"uv": [11, 15, 11.75, 14.5], "texture": "#voxels_atlas"},
				"down": {"uv": [9.75, 14.5, 10.5, 15], "texture": "#voxels_atlas"}
			}
		},
		{
			"name": "Voxels",
			"from": [7.75, 8.5, 7],
			"to": [8.25, 8.75, 7.25],
			"faces": {
				"north": {"uv": [11.75, 13.5, 11.25, 13.75], "texture": "#voxels_atlas"},
				"east": {"uv": [2.25, 3.5, 2, 3.75], "texture": "#voxels_atlas"},
				"south": {"uv": [11.75, 13.5, 12.25, 13.75], "texture": "#voxels_atlas"},
				"west": {"uv": [2, 3.75, 2.25, 4], "texture": "#voxels_atlas"},
				"up": {"uv": [10.75, 13.75, 11.25, 13.5], "texture": "#voxels_atlas"},
				"down": {"uv": [10.25, 13.5, 10.75, 13.75], "texture": "#voxels_atlas"}
			}
		},
		{
			"name": "Voxels",
			"from": [7.75, 8.75, 6.75],
			"to": [8.5, 9, 7],
			"faces": {
				"north": {"uv": [5.25, 14, 4.5, 14.25], "texture": "#voxels_atlas"},
				"east": {"uv": [2.25, 3, 2, 3.25], "texture": "#voxels_atlas"},
				"south": {"uv": [5.25, 14, 6, 14.25], "texture": "#voxels_atlas"},
				"west": {"uv": [2, 3.25, 2.25, 3.5], "texture": "#voxels_atlas"},
				"up": {"uv": [3.75, 14.25, 4.5, 14], "texture": "#voxels_atlas"},
				"down": {"uv": [3, 14, 3.75, 14.25], "texture": "#voxels_atlas"}
			}
		},
		{
			"name": "Voxels",
			"from": [7.75, 9, 7],
			"to": [8.25, 10.75, 7.25],
			"faces": {
				"north": {"uv": [3, 14.25, 2.5, 16], "texture": "#voxels_atlas"},
				"east": {"uv": [7.5, 14.25, 7.25, 16], "texture": "#voxels_atlas"},
				"south": {"uv": [3, 14.25, 3.5, 16], "texture": "#voxels_atlas"},
				"west": {"uv": [7, 14.25, 7.25, 16], "texture": "#voxels_atlas"},
				"up": {"uv": [14.75, 13.75, 15.25, 13.5], "texture": "#voxels_atlas"},
				"down": {"uv": [14.25, 13.5, 14.75, 13.75], "texture": "#voxels_atlas"}
			}
		},
		{
			"name": "Voxels",
			"from": [7.75, 10.75, 7.25],
			"to": [8.5, 11.5, 7.5],
			"faces": {
				"north": {"uv": [4.25, 14.5, 3.5, 15.25], "texture": "#voxels_atlas"},
				"east": {"uv": [1.75, 13.25, 1.5, 14], "texture": "#voxels_atlas"},
				"south": {"uv": [4.25, 14.5, 5, 15.25], "texture": "#voxels_atlas"},
				"west": {"uv": [1.25, 0.5, 1.5, 1.25], "texture": "#voxels_atlas"},
				"up": {"uv": [6.75, 14.25, 7.5, 14], "texture": "#voxels_atlas"},
				"down": {"uv": [6, 14, 6.75, 14.25], "texture": "#voxels_atlas"}
			}
		},
		{
			"name": "Voxels",
			"from": [7.75, 11.5, 7.5],
			"to": [8.5, 11.75, 7.75],
			"faces": {
				"north": {"uv": [10.5, 14, 9.75, 14.25], "texture": "#voxels_atlas"},
				"east": {"uv": [2.25, 2.5, 2, 2.75], "texture": "#voxels_atlas"},
				"south": {"uv": [10.5, 14, 11.25, 14.25], "texture": "#voxels_atlas"},
				"west": {"uv": [2, 2.75, 2.25, 3], "texture": "#voxels_atlas"},
				"up": {"uv": [9, 14.25, 9.75, 14], "texture": "#voxels_atlas"},
				"down": {"uv": [8.25, 14, 9, 14.25], "texture": "#voxels_atlas"}
			}
		},
		{
			"name": "Voxels",
			"from": [7.75, 11.75, 7.75],
			"to": [8.5, 12, 8],
			"faces": {
				"north": {"uv": [15, 14, 14.25, 14.25], "texture": "#voxels_atlas"},
				"east": {"uv": [2.25, 1.75, 2, 2], "texture": "#voxels_atlas"},
				"south": {"uv": [15, 14, 15.75, 14.25], "texture": "#voxels_atlas"},
				"west": {"uv": [2, 2, 2.25, 2.25], "texture": "#voxels_atlas"},
				"up": {"uv": [13.5, 14.25, 14.25, 14], "texture": "#voxels_atlas"},
				"down": {"uv": [2.25, 14, 3, 14.25], "texture": "#voxels_atlas"}
			}
		},
		{
			"name": "Voxels",
			"from": [7.75, 12, 8],
			"to": [8.5, 12.25, 8.25],
			"faces": {
				"north": {"uv": [4, 13.75, 3.25, 14], "texture": "#voxels_atlas"},
				"east": {"uv": [8.5, 13, 8.25, 13.25], "texture": "#voxels_atlas"},
				"south": {"uv": [4, 13.75, 4.75, 14], "texture": "#voxels_atlas"},
				"west": {"uv": [2, 1.5, 2.25, 1.75], "texture": "#voxels_atlas"},
				"up": {"uv": [2.5, 14, 3.25, 13.75], "texture": "#voxels_atlas"},
				"down": {"uv": [1.75, 13.75, 2.5, 14], "texture": "#voxels_atlas"}
			}
		},
		{
			"name": "Voxels",
			"from": [8, 0, 9.75],
			"to": [8.25, 1, 10],
			"faces": {
				"north": {"uv": [14.25, 15, 14, 16], "texture": "#voxels_atlas"},
				"east": {"uv": [14.75, 15, 14.5, 16], "texture": "#voxels_atlas"},
				"south": {"uv": [15, 15, 15.25, 16], "texture": "#voxels_atlas"},
				"west": {"uv": [14.25, 15, 14.5, 16], "texture": "#voxels_atlas"},
				"up": {"uv": [7.75, 13.25, 8, 13], "texture": "#voxels_atlas"},
				"down": {"uv": [8, 13, 8.25, 13.25], "texture": "#voxels_atlas"}
			}
		},
		{
			"name": "Voxels",
			"from": [8, 0.25, 9.5],
			"to": [8.25, 2.5, 9.75],
			"faces": {
				"north": {"uv": [0.25, 0.25, 0, 2.5], "texture": "#voxels_atlas"},
				"east": {"uv": [0.5, 0.25, 0.25, 2.5], "texture": "#voxels_atlas"},
				"south": {"uv": [0.75, 0.25, 1, 2.5], "texture": "#voxels_atlas"},
				"west": {"uv": [0.5, 0.25, 0.75, 2.5], "texture": "#voxels_atlas"},
				"up": {"uv": [3.75, 13.25, 4, 13], "texture": "#voxels_atlas"},
				"down": {"uv": [7.5, 13, 7.75, 13.25], "texture": "#voxels_atlas"}
			}
		},
		{
			"name": "Voxels",
			"from": [8, 1.25, 9.25],
			"to": [8.25, 14.75, 9.5],
			"faces": {
				"north": {"uv": [1, 2.5, 0.75, 16], "texture": "#voxels_atlas"},
				"east": {"uv": [0.25, 2.5, 0, 16], "texture": "#voxels_atlas"},
				"south": {"uv": [0.5, 2.5, 0.75, 16], "texture": "#voxels_atlas"},
				"west": {"uv": [0.25, 2.5, 0.5, 16], "texture": "#voxels_atlas"},
				"up": {"uv": [3.25, 13.25, 3.5, 13], "texture": "#voxels_atlas"},
				"down": {"uv": [3.5, 13, 3.75, 13.25], "texture": "#voxels_atlas"}
			}
		},
		{
			"name": "Voxels",
			"from": [8, 2, 9],
			"to": [8.25, 3.25, 9.25],
			"faces": {
				"north": {"uv": [12.75, 14.75, 12.5, 16], "texture": "#voxels_atlas"},
				"east": {"uv": [12.25, 14.75, 12, 16], "texture": "#voxels_atlas"},
				"south": {"uv": [12.25, 14.75, 12.5, 16], "texture": "#voxels_atlas"},
				"west": {"uv": [13, 14.75, 13.25, 16], "texture": "#voxels_atlas"},
				"up": {"uv": [2.5, 0.5, 2.75, 0.25], "texture": "#voxels_atlas"},
				"down": {"uv": [3, 13, 3.25, 13.25], "texture": "#voxels_atlas"}
			}
		},
		{
			"name": "Voxels",
			"from": [8, 2.75, 8.75],
			"to": [8.25, 3.5, 9],
			"faces": {
				"north": {"uv": [1.75, 1.25, 1.5, 2], "texture": "#voxels_atlas"},
				"east": {"uv": [2, 12.25, 1.75, 13], "texture": "#voxels_atlas"},
				"south": {"uv": [1.5, 0.5, 1.75, 1.25], "texture": "#voxels_atlas"},
				"west": {"uv": [1.75, 13, 2, 13.75], "texture": "#voxels_atlas"},
				"up": {"uv": [2.5, 1, 2.75, 0.75], "texture": "#voxels_atlas"},
				"down": {"uv": [2.5, 0.5, 2.75, 0.75], "texture": "#voxels_atlas"}
			}
		},
		{
			"name": "Voxels",
			"from": [8, 3, 8.5],
			"to": [8.25, 3.75, 8.75],
			"faces": {
				"north": {"uv": [2, 10, 1.75, 10.75], "texture": "#voxels_atlas"},
				"east": {"uv": [2, 7.75, 1.75, 8.5], "texture": "#voxels_atlas"},
				"south": {"uv": [1.75, 9.25, 2, 10], "texture": "#voxels_atlas"},
				"west": {"uv": [1.75, 8.5, 2, 9.25], "texture": "#voxels_atlas"},
				"up": {"uv": [2.5, 2, 2.75, 1.75], "texture": "#voxels_atlas"},
				"down": {"uv": [2.5, 1, 2.75, 1.25], "texture": "#voxels_atlas"}
			}
		},
		{
			"name": "Voxels",
			"from": [8, 3.25, 8.25],
			"to": [8.25, 4, 8.5],
			"faces": {
				"north": {"uv": [2, 5.5, 1.75, 6.25], "texture": "#voxels_atlas"},
				"east": {"uv": [2, 3.25, 1.75, 4], "texture": "#voxels_atlas"},
				"south": {"uv": [1.75, 4.75, 2, 5.5], "texture": "#voxels_atlas"},
				"west": {"uv": [1.75, 4, 2, 4.75], "texture": "#voxels_atlas"},
				"up": {"uv": [2.5, 2.5, 2.75, 2.25], "texture": "#voxels_atlas"},
				"down": {"uv": [2.5, 2, 2.75, 2.25], "texture": "#voxels_atlas"}
			}
		},
		{
			"name": "Voxels",
			"from": [8, 3.5, 8],
			"to": [8.25, 3.75, 8.25],
			"faces": {
				"north": {"uv": [2.75, 3.5, 2.5, 3.75], "texture": "#voxels_atlas"},
				"east": {"uv": [2.75, 4.75, 2.5, 5], "texture": "#voxels_atlas"},
				"south": {"uv": [2.5, 3.75, 2.75, 4], "texture": "#voxels_atlas"},
				"west": {"uv": [2.5, 4, 2.75, 4.25], "texture": "#voxels_atlas"},
				"up": {"uv": [2.5, 3.5, 2.75, 3.25], "texture": "#voxels_atlas"},
				"down": {"uv": [2.5, 2.5, 2.75, 2.75], "texture": "#voxels_atlas"}
			}
		},
		{
			"name": "Voxels",
			"from": [8, 3.75, 7.75],
			"to": [8.25, 4, 8],
			"faces": {
				"north": {"uv": [2.75, 5.5, 2.5, 5.75], "texture": "#voxels_atlas"},
				"east": {"uv": [2.75, 8.5, 2.5, 8.75], "texture": "#voxels_atlas"},
				"south": {"uv": [2.5, 8, 2.75, 8.25], "texture": "#voxels_atlas"},
				"west": {"uv": [2.5, 8.25, 2.75, 8.5], "texture": "#voxels_atlas"},
				"up": {"uv": [2.5, 5.5, 2.75, 5.25], "texture": "#voxels_atlas"},
				"down": {"uv": [2.5, 5, 2.75, 5.25], "texture": "#voxels_atlas"}
			}
		},
		{
			"name": "Voxels",
			"from": [8, 4, 7.5],
			"to": [8.25, 4.25, 7.75],
			"faces": {
				"north": {"uv": [2.5, 4, 2.25, 4.25], "texture": "#voxels_atlas"},
				"east": {"uv": [2.5, 5.25, 2.25, 5.5], "texture": "#voxels_atlas"},
				"south": {"uv": [2.25, 4.25, 2.5, 4.5], "texture": "#voxels_atlas"},
				"west": {"uv": [2.25, 5, 2.5, 5.25], "texture": "#voxels_atlas"},
				"up": {"uv": [2.25, 4, 2.5, 3.75], "texture": "#voxels_atlas"},
				"down": {"uv": [2.25, 3.5, 2.5, 3.75], "texture": "#voxels_atlas"}
			}
		},
		{
			"name": "Voxels",
			"from": [8, 4, 8],
			"to": [8.25, 4.25, 8.25],
			"faces": {
				"north": {"uv": [2.5, 6.5, 2.25, 6.75], "texture": "#voxels_atlas"},
				"east": {"uv": [2.5, 7.25, 2.25, 7.5], "texture": "#voxels_atlas"},
				"south": {"uv": [2.25, 6.75, 2.5, 7], "texture": "#voxels_atlas"},
				"west": {"uv": [2.25, 7, 2.5, 7.25], "texture": "#voxels_atlas"},
				"up": {"uv": [2.25, 6, 2.5, 5.75], "texture": "#voxels_atlas"},
				"down": {"uv": [2.25, 5.5, 2.5, 5.75], "texture": "#voxels_atlas"}
			}
		},
		{
			"name": "Voxels",
			"from": [8, 4.25, 7.25],
			"to": [8.25, 4.5, 7.5],
			"faces": {
				"north": {"uv": [2.5, 8.5, 2.25, 8.75], "texture": "#voxels_atlas"},
				"east": {"uv": [10.5, 13.25, 10.25, 13.5], "texture": "#voxels_atlas"},
				"south": {"uv": [2.25, 8.75, 2.5, 9], "texture": "#voxels_atlas"},
				"west": {"uv": [10.5, 13.25, 10.75, 13.5], "texture": "#voxels_atlas"},
				"up": {"uv": [2.25, 8.5, 2.5, 8.25], "texture": "#voxels_atlas"},
				"down": {"uv": [2.25, 8, 2.5, 8.25], "texture": "#voxels_atlas"}
			}
		},
		{
			"name": "Voxels",
			"from": [8, 4.25, 7.75],
			"to": [8.25, 4.5, 8],
			"faces": {
				"north": {"uv": [7.75, 13.25, 7.5, 13.5], "texture": "#voxels_atlas"},
				"east": {"uv": [2.5, 11.75, 2.25, 12], "texture": "#voxels_atlas"},
				"south": {"uv": [7.25, 13.25, 7.5, 13.5], "texture": "#voxels_atlas"},
				"west": {"uv": [6.25, 13.25, 6.5, 13.5], "texture": "#voxels_atlas"},
				"up": {"uv": [9.75, 13.5, 10, 13.25], "texture": "#voxels_atlas"},
				"down": {"uv": [10, 13.25, 10.25, 13.5], "texture": "#voxels_atlas"}
			}
		},
		{
			"name": "Voxels",
			"from": [8, 4.5, 7],
			"to": [8.25, 5.25, 7.25],
			"faces": {
				"north": {"uv": [1.25, 0.5, 1, 1.25], "texture": "#voxels_atlas"},
				"east": {"uv": [1.5, 8, 1.25, 8.75], "texture": "#voxels_atlas"},
				"south": {"uv": [1.25, 9.5, 1.5, 10.25], "texture": "#voxels_atlas"},
				"west": {"uv": [1.25, 8.75, 1.5, 9.5], "texture": "#voxels_atlas"},
				"up": {"uv": [2.25, 12.5, 2.5, 12.25], "texture": "#voxels_atlas"},
				"down": {"uv": [2.25, 12, 2.5, 12.25], "texture": "#voxels_atlas"}
			}
		},
		{
			"name": "Voxels",
			"from": [8, 4.5, 7.5],
			"to": [8.25, 5.25, 7.75],
			"faces": {
				"north": {"uv": [1.5, 7.25, 1.25, 8], "texture": "#voxels_atlas"},
				"east": {"uv": [1.5, 5, 1.25, 5.75], "texture": "#voxels_atlas"},
				"south": {"uv": [1.25, 6.5, 1.5, 7.25], "texture": "#voxels_atlas"},
				"west": {"uv": [1.25, 5.75, 1.5, 6.5], "texture": "#voxels_atlas"},
				"up": {"uv": [14, 13.5, 14.25, 13.25], "texture": "#voxels_atlas"},
				"down": {"uv": [7, 13.25, 7.25, 13.5], "texture": "#voxels_atlas"}
			}
		},
		{
			"name": "Voxels",
			"from": [8, 5, 6.75],
			"to": [8.25, 7, 7],
			"faces": {
				"north": {"uv": [1.5, 10.25, 1.25, 12.25], "texture": "#voxels_atlas"},
				"east": {"uv": [1.25, 3.25, 1, 5.25], "texture": "#voxels_atlas"},
				"south": {"uv": [1.25, 12.25, 1.5, 14.25], "texture": "#voxels_atlas"},
				"west": {"uv": [1, 1.25, 1.25, 3.25], "texture": "#voxels_atlas"},
				"up": {"uv": [9, 13.5, 9.25, 13.25], "texture": "#voxels_atlas"},
				"down": {"uv": [13.75, 13.25, 14, 13.5], "texture": "#voxels_atlas"}
			}
		},
		{
			"name": "Voxels",
			"from": [8, 5.25, 7.25],
			"to": [8.25, 7, 7.5],
			"faces": {
				"north": {"uv": [8, 14.25, 7.75, 16], "texture": "#voxels_atlas"},
				"east": {"uv": [6.5, 14.25, 6.25, 16], "texture": "#voxels_atlas"},
				"south": {"uv": [7.5, 14.25, 7.75, 16], "texture": "#voxels_atlas"},
				"west": {"uv": [6.75, 14.25, 7, 16], "texture": "#voxels_atlas"},
				"up": {"uv": [8.75, 13.5, 9, 13.25], "texture": "#voxels_atlas"},
				"down": {"uv": [2.5, 7.75, 2.75, 8], "texture": "#voxels_atlas"}
			}
		},
		{
			"name": "Voxels",
			"from": [8, 6.75, 6.5],
			"to": [8.25, 7.25, 6.75],
			"faces": {
				"north": {"uv": [2.25, 10.75, 2, 11.25], "texture": "#voxels_atlas"},
				"east": {"uv": [2.25, 9.25, 2, 9.75], "texture": "#voxels_atlas"},
				"south": {"uv": [2, 10.25, 2.25, 10.75], "texture": "#voxels_atlas"},
				"west": {"uv": [2, 9.75, 2.25, 10.25], "texture": "#voxels_atlas"},
				"up": {"uv": [8.5, 13.5, 8.75, 13.25], "texture": "#voxels_atlas"},
				"down": {"uv": [8.25, 13.25, 8.5, 13.5], "texture": "#voxels_atlas"}
			}
		},
		{
			"name": "Voxels",
			"from": [8, 7, 6],
			"to": [8.25, 7.75, 6.25],
			"faces": {
				"north": {"uv": [15, 14.25, 14.75, 15], "texture": "#voxels_atlas"},
				"east": {"uv": [14.25, 14.25, 14, 15], "texture": "#voxels_atlas"},
				"south": {"uv": [14.5, 14.25, 14.75, 15], "texture": "#voxels_atlas"},
				"west": {"uv": [14.25, 14.25, 14.5, 15], "texture": "#voxels_atlas"},
				"up": {"uv": [2.25, 12.75, 2.5, 12.5], "texture": "#voxels_atlas"},
				"down": {"uv": [14.25, 13.25, 14.5, 13.5], "texture": "#voxels_atlas"}
			}
		},
		{
			"name": "Voxels",
			"from": [8, 7, 6.25],
			"to": [8.25, 7.5, 6.5],
			"faces": {
				"north": {"uv": [2.25, 8.75, 2, 9.25], "texture": "#voxels_atlas"},
				"east": {"uv": [2.25, 7.25, 2, 7.75], "texture": "#voxels_atlas"},
				"south": {"uv": [2, 8.25, 2.25, 8.75], "texture": "#voxels_atlas"},
				"west": {"uv": [2, 7.75, 2.25, 8.25], "texture": "#voxels_atlas"},
				"up": {"uv": [6.75, 13.5, 7, 13.25], "texture": "#voxels_atlas"},
				"down": {"uv": [6.5, 13.25, 6.75, 13.5], "texture": "#voxels_atlas"}
			}
		},
		{
			"name": "Voxels",
			"from": [8, 7, 7],
			"to": [8.5, 7.25, 7.25],
			"faces": {
				"north": {"uv": [5.75, 13.25, 5.25, 13.5], "texture": "#voxels_atlas"},
				"east": {"uv": [15.5, 13.25, 15.25, 13.5], "texture": "#voxels_atlas"},
				"south": {"uv": [5.75, 13.25, 6.25, 13.5], "texture": "#voxels_atlas"},
				"west": {"uv": [14.5, 13.25, 14.75, 13.5], "texture": "#voxels_atlas"},
				"up": {"uv": [4.75, 13.5, 5.25, 13.25], "texture": "#voxels_atlas"},
				"down": {"uv": [4.25, 13.25, 4.75, 13.5], "texture": "#voxels_atlas"}
			}
		},
		{
			"name": "Voxels",
			"from": [8, 7.25, 5.5],
			"to": [8.25, 7.75, 5.75],
			"faces": {
				"north": {"uv": [2.25, 6.75, 2, 7.25], "texture": "#voxels_atlas"},
				"east": {"uv": [2.25, 5.25, 2, 5.75], "texture": "#voxels_atlas"},
				"south": {"uv": [2, 6.25, 2.25, 6.75], "texture": "#voxels_atlas"},
				"west": {"uv": [2, 5.75, 2.25, 6.25], "texture": "#voxels_atlas"},
				"up": {"uv": [2.25, 13, 2.5, 12.75], "texture": "#voxels_atlas"},
				"down": {"uv": [15.5, 13.25, 15.75, 13.5], "texture": "#voxels_atlas"}
			}
		},
		{
			"name": "Voxels",
			"from": [8, 7.25, 5.75],
			"to": [8.25, 7.5, 6],
			"faces": {
				"north": {"uv": [2.5, 10.5, 2.25, 10.75], "texture": "#voxels_atlas"},
				"east": {"uv": [2.25, 1.25, 2, 1.5], "texture": "#voxels_atlas"},
				"south": {"uv": [2.25, 9.75, 2.5, 10], "texture": "#voxels_atlas"},
				"west": {"uv": [2.25, 9.5, 2.5, 9.75], "texture": "#voxels_atlas"},
				"up": {"uv": [2.25, 11, 2.5, 10.75], "texture": "#voxels_atlas"},
				"down": {"uv": [2.25, 11.5, 2.5, 11.75], "texture": "#voxels_atlas"}
			}
		},
		{
			"name": "Voxels",
			"from": [8, 7.5, 7],
			"to": [8.25, 7.75, 7.25],
			"faces": {
				"north": {"uv": [2.25, 0.5, 2, 0.75], "texture": "#voxels_atlas"},
				"east": {"uv": [16, 13.5, 15.75, 13.75], "texture": "#voxels_atlas"},
				"south": {"uv": [2, 0.25, 2.25, 0.5], "texture": "#voxels_atlas"},
				"west": {"uv": [2, 0, 2.25, 0.25], "texture": "#voxels_atlas"},
				"up": {"uv": [2, 1, 2.25, 0.75], "texture": "#voxels_atlas"},
				"down": {"uv": [2, 1, 2.25, 1.25], "texture": "#voxels_atlas"}
			}
		},
		{
			"name": "Voxels",
			"from": [8, 7.75, 6.5],
			"to": [8.25, 8.25, 7],
			"faces": {
				"north": {"uv": [13.5, 14.25, 13.25, 14.75], "texture": "#voxels_atlas"},
				"east": {"uv": [16, 14.5, 15.5, 15], "texture": "#voxels_atlas"},
				"south": {"uv": [13.5, 14.25, 13.75, 14.75], "texture": "#voxels_atlas"},
				"west": {"uv": [15, 14.5, 15.5, 15], "texture": "#voxels_atlas"},
				"up": {"uv": [12, 14.75, 12.25, 14.25], "texture": "#voxels_atlas"},
				"down": {"uv": [2, 4.75, 2.25, 5.25], "texture": "#voxels_atlas"}
			}
		},
		{
			"name": "Voxels",
			"from": [8, 8.25, 5.5],
			"to": [8.25, 8.75, 5.75],
			"faces": {
				"north": {"uv": [14, 14.25, 13.75, 14.75], "texture": "#voxels_atlas"},
				"east": {"uv": [1.75, 0, 1.5, 0.5], "texture": "#voxels_atlas"},
				"south": {"uv": [1, 0, 1.25, 0.5], "texture": "#voxels_atlas"},
				"west": {"uv": [1.25, 0, 1.5, 0.5], "texture": "#voxels_atlas"},
				"up": {"uv": [8, 13.5, 8.25, 13.25], "texture": "#voxels_atlas"},
				"down": {"uv": [7.75, 13.25, 8, 13.5], "texture": "#voxels_atlas"}
			}
		},
		{
			"name": "Voxels",
			"from": [8, 8.25, 6],
			"to": [8.25, 9, 6.25],
			"faces": {
				"north": {"uv": [2, 2.5, 1.75, 3.25], "texture": "#voxels_atlas"},
				"east": {"uv": [2, 7, 1.75, 7.75], "texture": "#voxels_atlas"},
				"south": {"uv": [1.5, 3.5, 1.75, 4.25], "texture": "#voxels_atlas"},
				"west": {"uv": [1.75, 6.25, 2, 7], "texture": "#voxels_atlas"},
				"up": {"uv": [9.5, 13.5, 9.75, 13.25], "texture": "#voxels_atlas"},
				"down": {"uv": [9.25, 13.25, 9.5, 13.5], "texture": "#voxels_atlas"}
			}
		},
		{
			"name": "Voxels",
			"from": [8, 8.25, 7],
			"to": [8.25, 8.5, 7.25],
			"faces": {
				"north": {"uv": [11.5, 13.25, 11.25, 13.5], "texture": "#voxels_atlas"},
				"east": {"uv": [12.25, 13.25, 12, 13.5], "texture": "#voxels_atlas"},
				"south": {"uv": [11.5, 13.25, 11.75, 13.5], "texture": "#voxels_atlas"},
				"west": {"uv": [11.75, 13.25, 12, 13.5], "texture": "#voxels_atlas"},
				"up": {"uv": [11, 13.5, 11.25, 13.25], "texture": "#voxels_atlas"},
				"down": {"uv": [10.75, 13.25, 11, 13.5], "texture": "#voxels_atlas"}
			}
		},
		{
			"name": "Voxels",
			"from": [8, 8.5, 5.75],
			"to": [8.25, 8.75, 6],
			"faces": {
				"north": {"uv": [13, 13.25, 12.75, 13.5], "texture": "#voxels_atlas"},
				"east": {"uv": [13.75, 13.25, 13.5, 13.5], "texture": "#voxels_atlas"},
				"south": {"uv": [13, 13.25, 13.25, 13.5], "texture": "#voxels_atlas"},
				"west": {"uv": [13.25, 13.25, 13.5, 13.5], "texture": "#voxels_atlas"},
				"up": {"uv": [12.5, 13.5, 12.75, 13.25], "texture": "#voxels_atlas"},
				"down": {"uv": [12.25, 13.25, 12.5, 13.5], "texture": "#voxels_atlas"}
			}
		},
		{
			"name": "Voxels",
			"from": [8, 8.5, 6.25],
			"to": [8.5, 8.75, 6.5],
			"faces": {
				"north": {"uv": [5.75, 13.5, 5.25, 13.75], "texture": "#voxels_atlas"},
				"east": {"uv": [15.25, 13.25, 15, 13.5], "texture": "#voxels_atlas"},
				"south": {"uv": [5.75, 13.5, 6.25, 13.75], "texture": "#voxels_atlas"},
				"west": {"uv": [14.75, 13.25, 15, 13.5], "texture": "#voxels_atlas"},
				"up": {"uv": [3.25, 13.75, 3.75, 13.5], "texture": "#voxels_atlas"},
				"down": {"uv": [2.75, 13.5, 3.25, 13.75], "texture": "#voxels_atlas"}
			}
		},
		{
			"name": "Voxels",
			"from": [8, 8.75, 6.25],
			"to": [8.25, 9, 6.75],
			"faces": {
				"north": {"uv": [16, 13.25, 15.75, 13.5], "texture": "#voxels_atlas"},
				"east": {"uv": [13.25, 13.5, 12.75, 13.75], "texture": "#voxels_atlas"},
				"south": {"uv": [2.25, 13, 2.5, 13.25], "texture": "#voxels_atlas"},
				"west": {"uv": [12.25, 13.5, 12.75, 13.75], "texture": "#voxels_atlas"},
				"up": {"uv": [2, 12.75, 2.25, 12.25], "texture": "#voxels_atlas"},
				"down": {"uv": [2, 12.75, 2.25, 13.25], "texture": "#voxels_atlas"}
			}
		},
		{
			"name": "Voxels",
			"from": [8, 8.75, 7],
			"to": [8.5, 9, 7.25],
			"faces": {
				"north": {"uv": [15.75, 13.5, 15.25, 13.75], "texture": "#voxels_atlas"},
				"east": {"uv": [2.5, 11, 2.25, 11.25], "texture": "#voxels_atlas"},
				"south": {"uv": [2.25, 13.25, 2.75, 13.5], "texture": "#voxels_atlas"},
				"west": {"uv": [2.25, 11.25, 2.5, 11.5], "texture": "#voxels_atlas"},
				"up": {"uv": [13.75, 13.75, 14.25, 13.5], "texture": "#voxels_atlas"},
				"down": {"uv": [13.25, 13.5, 13.75, 13.75], "texture": "#voxels_atlas"}
			}
		},
		{
			"name": "Voxels",
			"from": [8, 9, 6.5],
			"to": [8.25, 9.25, 7],
			"faces": {
				"north": {"uv": [2.5, 10.25, 2.25, 10.5], "texture": "#voxels_atlas"},
				"east": {"uv": [3.75, 13.25, 3.25, 13.5], "texture": "#voxels_atlas"},
				"south": {"uv": [2.25, 10, 2.5, 10.25], "texture": "#voxels_atlas"},
				"west": {"uv": [2.75, 13.25, 3.25, 13.5], "texture": "#voxels_atlas"},
				"up": {"uv": [2, 11.75, 2.25, 11.25], "texture": "#voxels_atlas"},
				"down": {"uv": [2, 11.75, 2.25, 12.25], "texture": "#voxels_atlas"}
			}
		},
		{
			"name": "Voxels",
			"from": [8, 9, 7.25],
			"to": [8.25, 10.75, 7.5],
			"faces": {
				"north": {"uv": [6.25, 14.25, 6, 16], "texture": "#voxels_atlas"},
				"east": {"uv": [5.5, 14.25, 5.25, 16], "texture": "#voxels_atlas"},
				"south": {"uv": [5.75, 14.25, 6, 16], "texture": "#voxels_atlas"},
				"west": {"uv": [5.5, 14.25, 5.75, 16], "texture": "#voxels_atlas"},
				"up": {"uv": [2.25, 9.25, 2.5, 9], "texture": "#voxels_atlas"},
				"down": {"uv": [2.25, 9.25, 2.5, 9.5], "texture": "#voxels_atlas"}
			}
		},
		{
			"name": "Voxels",
			"from": [8, 9.25, 6.75],
			"to": [8.25, 11, 7],
			"faces": {
				"north": {"uv": [8.75, 14.25, 8.5, 16], "texture": "#voxels_atlas"},
				"east": {"uv": [6.75, 14.25, 6.5, 16], "texture": "#voxels_atlas"},
				"south": {"uv": [8.25, 14.25, 8.5, 16], "texture": "#voxels_atlas"},
				"west": {"uv": [8, 14.25, 8.25, 16], "texture": "#voxels_atlas"},
				"up": {"uv": [2.25, 7.75, 2.5, 7.5], "texture": "#voxels_atlas"},
				"down": {"uv": [2.25, 7.75, 2.5, 8], "texture": "#voxels_atlas"}
			}
		},
		{
			"name": "Voxels",
			"from": [8, 10.75, 7],
			"to": [8.25, 11.5, 7.25],
			"faces": {
				"north": {"uv": [2, 10.75, 1.75, 11.5], "texture": "#voxels_atlas"},
				"east": {"uv": [1.75, 2.75, 1.5, 3.5], "texture": "#voxels_atlas"},
				"south": {"uv": [1.75, 11.5, 2, 12.25], "texture": "#voxels_atlas"},
				"west": {"uv": [1.5, 2, 1.75, 2.75], "texture": "#voxels_atlas"},
				"up": {"uv": [2.25, 6.25, 2.5, 6], "texture": "#voxels_atlas"},
				"down": {"uv": [2.25, 6.25, 2.5, 6.5], "texture": "#voxels_atlas"}
			}
		},
		{
			"name": "Voxels",
			"from": [8, 10.75, 7.5],
			"to": [8.25, 11.5, 7.75],
			"faces": {
				"north": {"uv": [1.75, 4.25, 1.5, 5], "texture": "#voxels_atlas"},
				"east": {"uv": [1.75, 8, 1.5, 8.75], "texture": "#voxels_atlas"},
				"south": {"uv": [1.5, 5, 1.75, 5.75], "texture": "#voxels_atlas"},
				"west": {"uv": [1.5, 5.75, 1.75, 6.5], "texture": "#voxels_atlas"},
				"up": {"uv": [2.25, 4.75, 2.5, 4.5], "texture": "#voxels_atlas"},
				"down": {"uv": [2.25, 4.75, 2.5, 5], "texture": "#voxels_atlas"}
			}
		},
		{
			"name": "Voxels",
			"from": [8, 11.5, 7.25],
			"to": [8.25, 11.75, 7.5],
			"faces": {
				"north": {"uv": [2.5, 2.75, 2.25, 3], "texture": "#voxels_atlas"},
				"east": {"uv": [2.5, 2, 2.25, 2.25], "texture": "#voxels_atlas"},
				"south": {"uv": [2.25, 2.5, 2.5, 2.75], "texture": "#voxels_atlas"},
				"west": {"uv": [2.25, 2.25, 2.5, 2.5], "texture": "#voxels_atlas"},
				"up": {"uv": [2.25, 3.25, 2.5, 3], "texture": "#voxels_atlas"},
				"down": {"uv": [2.25, 3.25, 2.5, 3.5], "texture": "#voxels_atlas"}
			}
		},
		{
			"name": "Voxels",
			"from": [8, 11.5, 7.75],
			"to": [8.25, 11.75, 8],
			"faces": {
				"north": {"uv": [2.5, 1.25, 2.25, 1.5], "texture": "#voxels_atlas"},
				"east": {"uv": [2.5, 0.5, 2.25, 0.75], "texture": "#voxels_atlas"},
				"south": {"uv": [2.25, 1, 2.5, 1.25], "texture": "#voxels_atlas"},
				"west": {"uv": [2.25, 0.75, 2.5, 1], "texture": "#voxels_atlas"},
				"up": {"uv": [2.25, 1.75, 2.5, 1.5], "texture": "#voxels_atlas"},
				"down": {"uv": [2.25, 1.75, 2.5, 2], "texture": "#voxels_atlas"}
			}
		},
		{
			"name": "Voxels",
			"from": [8, 11.75, 7.5],
			"to": [8.25, 12, 7.75],
			"faces": {
				"north": {"uv": [2.75, 13, 2.5, 13.25], "texture": "#voxels_atlas"},
				"east": {"uv": [2.75, 12.25, 2.5, 12.5], "texture": "#voxels_atlas"},
				"south": {"uv": [2.5, 12.75, 2.75, 13], "texture": "#voxels_atlas"},
				"west": {"uv": [2.5, 12.5, 2.75, 12.75], "texture": "#voxels_atlas"},
				"up": {"uv": [2.25, 0.25, 2.5, 0], "texture": "#voxels_atlas"},
				"down": {"uv": [2.25, 0.25, 2.5, 0.5], "texture": "#voxels_atlas"}
			}
		},
		{
			"name": "Voxels",
			"from": [8, 11.75, 8],
			"to": [8.25, 12, 8.25],
			"faces": {
				"north": {"uv": [2.75, 11.5, 2.5, 11.75], "texture": "#voxels_atlas"},
				"east": {"uv": [2.75, 10.75, 2.5, 11], "texture": "#voxels_atlas"},
				"south": {"uv": [2.5, 11.25, 2.75, 11.5], "texture": "#voxels_atlas"},
				"west": {"uv": [2.5, 11, 2.75, 11.25], "texture": "#voxels_atlas"},
				"up": {"uv": [2.5, 12, 2.75, 11.75], "texture": "#voxels_atlas"},
				"down": {"uv": [2.5, 12, 2.75, 12.25], "texture": "#voxels_atlas"}
			}
		},
		{
			"name": "Voxels",
			"from": [8, 12, 7.75],
			"to": [8.25, 12.25, 8],
			"faces": {
				"north": {"uv": [2.75, 10, 2.5, 10.25], "texture": "#voxels_atlas"},
				"east": {"uv": [2.75, 9.25, 2.5, 9.5], "texture": "#voxels_atlas"},
				"south": {"uv": [2.5, 9.75, 2.75, 10], "texture": "#voxels_atlas"},
				"west": {"uv": [2.5, 9.5, 2.75, 9.75], "texture": "#voxels_atlas"},
				"up": {"uv": [2.5, 10.5, 2.75, 10.25], "texture": "#voxels_atlas"},
				"down": {"uv": [2.5, 10.5, 2.75, 10.75], "texture": "#voxels_atlas"}
			}
		},
		{
			"name": "Voxels",
			"from": [8, 12, 8.25],
			"to": [8.25, 12.75, 8.5],
			"faces": {
				"north": {"uv": [1.75, 8.75, 1.5, 9.5], "texture": "#voxels_atlas"},
				"east": {"uv": [1.75, 11, 1.5, 11.75], "texture": "#voxels_atlas"},
				"south": {"uv": [1.5, 9.5, 1.75, 10.25], "texture": "#voxels_atlas"},
				"west": {"uv": [1.5, 10.25, 1.75, 11], "texture": "#voxels_atlas"},
				"up": {"uv": [2.5, 9, 2.75, 8.75], "texture": "#voxels_atlas"},
				"down": {"uv": [2.5, 9, 2.75, 9.25], "texture": "#voxels_atlas"}
			}
		},
		{
			"name": "Voxels",
			"from": [8, 12.25, 8],
			"to": [8.25, 12.5, 8.25],
			"faces": {
				"north": {"uv": [2.75, 7, 2.5, 7.25], "texture": "#voxels_atlas"},
				"east": {"uv": [2.75, 6.25, 2.5, 6.5], "texture": "#voxels_atlas"},
				"south": {"uv": [2.5, 6.75, 2.75, 7], "texture": "#voxels_atlas"},
				"west": {"uv": [2.5, 6.5, 2.75, 6.75], "texture": "#voxels_atlas"},
				"up": {"uv": [2.5, 7.5, 2.75, 7.25], "texture": "#voxels_atlas"},
				"down": {"uv": [2.5, 7.5, 2.75, 7.75], "texture": "#voxels_atlas"}
			}
		},
		{
			"name": "Voxels",
			"from": [8, 12.25, 8.5],
			"to": [8.25, 13, 8.75],
			"faces": {
				"north": {"uv": [1.75, 11.75, 1.5, 12.5], "texture": "#voxels_atlas"},
				"east": {"uv": [1.5, 2, 1.25, 2.75], "texture": "#voxels_atlas"},
				"south": {"uv": [1.5, 12.5, 1.75, 13.25], "texture": "#voxels_atlas"},
				"west": {"uv": [1.25, 1.25, 1.5, 2], "texture": "#voxels_atlas"},
				"up": {"uv": [2.5, 6, 2.75, 5.75], "texture": "#voxels_atlas"},
				"down": {"uv": [2.5, 6, 2.75, 6.25], "texture": "#voxels_atlas"}
			}
		},
		{
			"name": "Voxels",
			"from": [8, 12.5, 8.75],
			"to": [8.25, 13.25, 9],
			"faces": {
				"north": {"uv": [1.5, 2.75, 1.25, 3.5], "texture": "#voxels_atlas"},
				"east": {"uv": [2, 1.75, 1.75, 2.5], "texture": "#voxels_atlas"},
				"south": {"uv": [1.25, 3.5, 1.5, 4.25], "texture": "#voxels_atlas"},
				"west": {"uv": [1.25, 4.25, 1.5, 5], "texture": "#voxels_atlas"},
				"up": {"uv": [2.5, 4.5, 2.75, 4.25], "texture": "#voxels_atlas"},
				"down": {"uv": [2.5, 4.5, 2.75, 4.75], "texture": "#voxels_atlas"}
			}
		},
		{
			"name": "Voxels",
			"from": [8, 12.75, 9],
			"to": [8.25, 14, 9.25],
			"faces": {
				"north": {"uv": [13, 14.75, 12.75, 16], "texture": "#voxels_atlas"},
				"east": {"uv": [13.5, 14.75, 13.25, 16], "texture": "#voxels_atlas"},
				"south": {"uv": [13.75, 14.75, 14, 16], "texture": "#voxels_atlas"},
				"west": {"uv": [13.5, 14.75, 13.75, 16], "texture": "#voxels_atlas"},
				"up": {"uv": [2.5, 3, 2.75, 2.75], "texture": "#voxels_atlas"},
				"down": {"uv": [2.5, 3, 2.75, 3.25], "texture": "#voxels_atlas"}
			}
		},
		{
			"name": "Voxels",
			"from": [8, 13.5, 9.5],
			"to": [8.25, 15.75, 9.75],
			"faces": {
				"north": {"uv": [1.25, 5.25, 1, 7.5], "texture": "#voxels_atlas"},
				"east": {"uv": [1.25, 12, 1, 14.25], "texture": "#voxels_atlas"},
				"south": {"uv": [1, 7.5, 1.25, 9.75], "texture": "#voxels_atlas"},
				"west": {"uv": [1, 9.75, 1.25, 12], "texture": "#voxels_atlas"},
				"up": {"uv": [2.5, 1.5, 2.75, 1.25], "texture": "#voxels_atlas"},
				"down": {"uv": [2.5, 1.5, 2.75, 1.75], "texture": "#voxels_atlas"}
			}
		},
		{
			"name": "Voxels",
			"from": [8, 15, 9.75],
			"to": [8.25, 16, 10],
			"faces": {
				"north": {"uv": [15.75, 15, 15.5, 16], "texture": "#voxels_atlas"},
				"east": {"uv": [15, 15, 14.75, 16], "texture": "#voxels_atlas"},
				"south": {"uv": [15.75, 15, 16, 16], "texture": "#voxels_atlas"},
				"west": {"uv": [15.25, 15, 15.5, 16], "texture": "#voxels_atlas"},
				"up": {"uv": [2.75, 13.25, 3, 13], "texture": "#voxels_atlas"},
				"down": {"uv": [2.5, 0, 2.75, 0.25], "texture": "#voxels_atlas"}
			}
		},
		{
			"name": "Voxels",
			"from": [8.25, 7.25, 6.25],
			"to": [8.5, 7.5, 6.5],
			"faces": {
				"north": {"uv": [4.75, 13, 4.5, 13.25], "texture": "#voxels_atlas"},
				"east": {"uv": [5.5, 13, 5.25, 13.25], "texture": "#voxels_atlas"},
				"south": {"uv": [4.75, 13, 5, 13.25], "texture": "#voxels_atlas"},
				"west": {"uv": [5, 13, 5.25, 13.25], "texture": "#voxels_atlas"},
				"up": {"uv": [4.25, 13.25, 4.5, 13], "texture": "#voxels_atlas"},
				"down": {"uv": [4, 13, 4.25, 13.25], "texture": "#voxels_atlas"}
			}
		},
		{
			"name": "Voxels",
			"from": [8.25, 8.25, 6.5],
			"to": [8.5, 8.5, 6.75],
			"faces": {
				"north": {"uv": [6.25, 13, 6, 13.25], "texture": "#voxels_atlas"},
				"east": {"uv": [7, 13, 6.75, 13.25], "texture": "#voxels_atlas"},
				"south": {"uv": [6.25, 13, 6.5, 13.25], "texture": "#voxels_atlas"},
				"west": {"uv": [6.5, 13, 6.75, 13.25], "texture": "#voxels_atlas"},
				"up": {"uv": [5.75, 13.25, 6, 13], "texture": "#voxels_atlas"},
				"down": {"uv": [5.5, 13, 5.75, 13.25], "texture": "#voxels_atlas"}
			}
		},
		{
			"name": "Voxels",
			"from": [8.25, 9.25, 7],
			"to": [8.5, 10.75, 7.25],
			"faces": {
				"north": {"uv": [9.75, 14.5, 9.5, 16], "texture": "#voxels_atlas"},
				"east": {"uv": [12, 14.5, 11.75, 16], "texture": "#voxels_atlas"},
				"south": {"uv": [9.25, 14.5, 9.5, 16], "texture": "#voxels_atlas"},
				"west": {"uv": [9, 14.5, 9.25, 16], "texture": "#voxels_atlas"},
				"up": {"uv": [7.25, 13.25, 7.5, 13], "texture": "#voxels_atlas"},
				"down": {"uv": [7, 13, 7.25, 13.25], "texture": "#voxels_atlas"}
			}
		}
	],
	"display": {
		"thirdperson_righthand": {
			"translation": [0, -2, 1],
			"scale": [1.5, 1.5, 1.5]
		},
		"thirdperson_lefthand": {
			"translation": [0, -2, 1],
			"scale": [1.5, 1.5, 1.5]
		},
		"firstperson_righthand": {
			"rotation": [22, 0, 0],
			"translation": [0.25, 4.5, 0.9456]
		},
		"firstperson_lefthand": {
			"translation": [0, 7.5, 0.6956]
		},
		"ground": {
			"rotation": [92, 111, 0],
			"translation": [0, -2.086, 0]
		},
		"gui": {
			"rotation": [0, 90, 0],
			"scale": [0.95, 0.95, 0.95]
		},
		"fixed": {
			"rotation": [0, -90, 0],
			"scale": [1.2, 1.2, 1.2]
		}
	}
}