{
	"credit": "Made with Blockbench",
	"textures": {
		"particle": "weapon/spear/unnamed_spear",
		"texture": "weapon/spear/unnamed_spear"
	},
	"elements": [
		{
			"name": "Voxels",
			"from": [7.75, 0.5, 7.75],
			"to": [8.5, 15.25, 8.5],
			"faces": {
				"north": {"uv": [0.75, 1.25, 0, 16], "texture": "#texture"},
				"east": {"uv": [3, 1.25, 2.25, 16], "texture": "#texture"},
				"south": {"uv": [0.75, 1.25, 1.5, 16], "texture": "#texture"},
				"west": {"uv": [1.5, 1.25, 2.25, 16], "texture": "#texture"},
				"up": {"uv": [4, 16, 4.75, 15.25], "texture": "#texture"},
				"down": {"uv": [4, 13.75, 4.75, 14.5], "texture": "#texture"}
			}
		},
		{
			"name": "Voxels",
			"from": [7.75, 15.25, 8],
			"to": [8.5, 16, 8.25],
			"faces": {
				"north": {"uv": [4.75, 13, 4, 13.75], "texture": "#texture"},
				"east": {"uv": [9.25, 14.5, 9, 15.25], "texture": "#texture"},
				"south": {"uv": [4, 14.5, 4.75, 15.25], "texture": "#texture"},
				"west": {"uv": [8.75, 13, 9, 13.75], "texture": "#texture"},
				"up": {"uv": [2.25, 0.25, 3, 0], "texture": "#texture"},
				"down": {"uv": [1.5, 0, 2.25, 0.25], "texture": "#texture"}
			}
		},
		{
			"name": "Voxels",
			"from": [7.75, 16.5, 8],
			"to": [8.5, 17.5, 8.25],
			"faces": {
				"north": {"uv": [2.25, 0.25, 1.5, 1.25], "texture": "#texture"},
				"east": {"uv": [7, 13, 6.75, 14], "texture": "#texture"},
				"south": {"uv": [2.25, 0.25, 3, 1.25], "texture": "#texture"},
				"west": {"uv": [7, 15, 7.25, 16], "texture": "#texture"},
				"up": {"uv": [9, 16, 9.75, 15.75], "texture": "#texture"},
				"down": {"uv": [4, 12.75, 4.75, 13], "texture": "#texture"}
			}
		},
		{
			"name": "Voxels",
			"from": [7.75, 17.75, 8],
			"to": [8.5, 19, 8.25],
			"faces": {
				"north": {"uv": [0.75, 0, 0, 1.25], "texture": "#texture"},
				"east": {"uv": [5.25, 13, 5, 14.25], "texture": "#texture"},
				"south": {"uv": [0.75, 0, 1.5, 1.25], "texture": "#texture"},
				"west": {"uv": [4.75, 13, 5, 14.25], "texture": "#texture"},
				"up": {"uv": [9, 15.5, 9.75, 15.25], "texture": "#texture"},
				"down": {"uv": [9, 15.5, 9.75, 15.75], "texture": "#texture"}
			}
		},
		{
			"name": "Voxels",
			"from": [8, 15.25, 7.75],
			"to": [8.25, 16, 8],
			"faces": {
				"north": {"uv": [9.5, 14.5, 9.25, 15.25], "texture": "#texture"},
				"east": {"uv": [6, 12.75, 5.75, 13.5], "texture": "#texture"},
				"south": {"uv": [9.5, 14.5, 9.75, 15.25], "texture": "#texture"},
				"west": {"uv": [9, 13.75, 9.25, 14.5], "texture": "#texture"},
				"up": {"uv": [7.5, 13, 7.75, 12.75], "texture": "#texture"},
				"down": {"uv": [7.25, 12.75, 7.5, 13], "texture": "#texture"}
			}
		},
		{
			"name": "Voxels",
			"from": [8, 15.25, 8.25],
			"to": [8.25, 16, 8.5],
			"faces": {
				"north": {"uv": [7.25, 13.25, 7, 14], "texture": "#texture"},
				"east": {"uv": [7.75, 15.25, 7.5, 16], "texture": "#texture"},
				"south": {"uv": [7.25, 15.25, 7.5, 16], "texture": "#texture"},
				"west": {"uv": [7.25, 14.5, 7.5, 15.25], "texture": "#texture"},
				"up": {"uv": [9.5, 13, 9.75, 12.75], "texture": "#texture"},
				"down": {"uv": [9.5, 13, 9.75, 13.25], "texture": "#texture"}
			}
		},
		{
			"name": "Voxels",
			"from": [8, 16, 8],
			"to": [8.25, 16.5, 8.25],
			"faces": {
				"north": {"uv": [7.25, 12.75, 7, 13.25], "texture": "#texture"},
				"east": {"uv": [9.75, 13.25, 9.5, 13.75], "texture": "#texture"},
				"south": {"uv": [9.5, 14, 9.75, 14.5], "texture": "#texture"},
				"west": {"uv": [9.25, 14, 9.5, 14.5], "texture": "#texture"},
				"up": {"uv": [10, 13, 10.25, 12.75], "texture": "#texture"},
				"down": {"uv": [9.75, 13.25, 10, 13.5], "texture": "#texture"}
			}
		},
		{
			"name": "Voxels",
			"from": [8, 16.5, 7],
			"to": [8.25, 17.5, 7.25],
			"faces": {
				"north": {"uv": [6.5, 13, 6.25, 14], "texture": "#texture"},
				"east": {"uv": [6.5, 15, 6.25, 16], "texture": "#texture"},
				"south": {"uv": [6.5, 13, 6.75, 14], "texture": "#texture"},
				"west": {"uv": [6.25, 14, 6.5, 15], "texture": "#texture"},
				"up": {"uv": [10.25, 15.75, 10.5, 15.5], "texture": "#texture"},
				"down": {"uv": [10.25, 15.75, 10.5, 16], "texture": "#texture"}
			}
		},
		{
			"name": "Voxels",
			"from": [8, 16.5, 7.25],
			"to": [8.25, 17.25, 7.5],
			"faces": {
				"north": {"uv": [7.75, 14.5, 7.5, 15.25], "texture": "#texture"},
				"east": {"uv": [8, 15.25, 7.75, 16], "texture": "#texture"},
				"south": {"uv": [7.5, 13.75, 7.75, 14.5], "texture": "#texture"},
				"west": {"uv": [7.5, 13, 7.75, 13.75], "texture": "#texture"},
				"up": {"uv": [10.25, 14.25, 10.5, 14], "texture": "#texture"},
				"down": {"uv": [10.25, 14.25, 10.5, 14.5], "texture": "#texture"}
			}
		},
		{
			"name": "Voxels",
			"from": [8, 16.5, 7.75],
			"to": [8.25, 17.5, 8],
			"faces": {
				"north": {"uv": [6.75, 15, 6.5, 16], "texture": "#texture"},
				"east": {"uv": [6.25, 13, 6, 14], "texture": "#texture"},
				"south": {"uv": [6.5, 14, 6.75, 15], "texture": "#texture"},
				"west": {"uv": [6, 14, 6.25, 15], "texture": "#texture"},
				"up": {"uv": [10.25, 13.25, 10.5, 13], "texture": "#texture"},
				"down": {"uv": [10.25, 13.75, 10.5, 14], "texture": "#texture"}
			}
		},
		{
			"name": "Voxels",
			"from": [8, 16.5, 8.25],
			"to": [8.25, 17.5, 8.5],
			"faces": {
				"north": {"uv": [7.25, 14, 7, 15], "texture": "#texture"},
				"east": {"uv": [7, 15, 6.75, 16], "texture": "#texture"},
				"south": {"uv": [6.75, 14, 7, 15], "texture": "#texture"},
				"west": {"uv": [6, 15, 6.25, 16], "texture": "#texture"},
				"up": {"uv": [5, 13, 5.25, 12.75], "texture": "#texture"},
				"down": {"uv": [4.75, 12.75, 5, 13], "texture": "#texture"}
			}
		},
		{
			"name": "Voxels",
			"from": [8, 16.5, 9.5],
			"to": [8.25, 17.25, 9.75],
			"faces": {
				"north": {"uv": [7.5, 13.75, 7.25, 14.5], "texture": "#texture"},
				"east": {"uv": [8, 13.75, 7.75, 14.5], "texture": "#texture"},
				"south": {"uv": [7.25, 13, 7.5, 13.75], "texture": "#texture"},
				"west": {"uv": [7.75, 14.5, 8, 15.25], "texture": "#texture"},
				"up": {"uv": [5.5, 13, 5.75, 12.75], "texture": "#texture"},
				"down": {"uv": [5.25, 12.75, 5.5, 13], "texture": "#texture"}
			}
		},
		{
			"name": "Voxels",
			"from": [8, 16.75, 7.5],
			"to": [8.25, 17.5, 7.75],
			"faces": {
				"north": {"uv": [8, 13, 7.75, 13.75], "texture": "#texture"},
				"east": {"uv": [8.25, 13.75, 8, 14.5], "texture": "#texture"},
				"south": {"uv": [8, 15.25, 8.25, 16], "texture": "#texture"},
				"west": {"uv": [8, 14.5, 8.25, 15.25], "texture": "#texture"},
				"up": {"uv": [6.25, 13, 6.5, 12.75], "texture": "#texture"},
				"down": {"uv": [6, 12.75, 6.25, 13], "texture": "#texture"}
			}
		},
		{
			"name": "Voxels",
			"from": [8, 16.75, 8.5],
			"to": [8.25, 17.5, 8.75],
			"faces": {
				"north": {"uv": [8.25, 13, 8, 13.75], "texture": "#texture"},
				"east": {"uv": [8.5, 13.75, 8.25, 14.5], "texture": "#texture"},
				"south": {"uv": [8.25, 15.25, 8.5, 16], "texture": "#texture"},
				"west": {"uv": [8.25, 14.5, 8.5, 15.25], "texture": "#texture"},
				"up": {"uv": [9.75, 13.75, 10, 13.5], "texture": "#texture"},
				"down": {"uv": [9.75, 13.75, 10, 14], "texture": "#texture"}
			}
		},
		{
			"name": "Voxels",
			"from": [8, 16.75, 9.25],
			"to": [8.25, 17.5, 9.5],
			"faces": {
				"north": {"uv": [8.5, 13, 8.25, 13.75], "texture": "#texture"},
				"east": {"uv": [8.75, 13.75, 8.5, 14.5], "texture": "#texture"},
				"south": {"uv": [8.5, 15.25, 8.75, 16], "texture": "#texture"},
				"west": {"uv": [8.5, 14.5, 8.75, 15.25], "texture": "#texture"},
				"up": {"uv": [10.25, 14.75, 10.5, 14.5], "texture": "#texture"},
				"down": {"uv": [10.25, 15.25, 10.5, 15.5], "texture": "#texture"}
			}
		},
		{
			"name": "Voxels",
			"from": [8, 17, 6.75],
			"to": [8.25, 17.75, 7],
			"faces": {
				"north": {"uv": [8.75, 13, 8.5, 13.75], "texture": "#texture"},
				"east": {"uv": [9, 14.5, 8.75, 15.25], "texture": "#texture"},
				"south": {"uv": [8.75, 13.75, 9, 14.5], "texture": "#texture"},
				"west": {"uv": [8.75, 15.25, 9, 16], "texture": "#texture"},
				"up": {"uv": [10.5, 16, 10.75, 15.75], "texture": "#texture"},
				"down": {"uv": [10.25, 12.75, 10.5, 13], "texture": "#texture"}
			}
		},
		{
			"name": "Voxels",
			"from": [8, 17, 8.75],
			"to": [8.25, 17.25, 9.25],
			"faces": {
				"north": {"uv": [6.75, 12.75, 6.5, 13], "texture": "#texture"},
				"east": {"uv": [9.5, 13, 9, 13.25], "texture": "#texture"},
				"south": {"uv": [6.75, 12.75, 7, 13], "texture": "#texture"},
				"west": {"uv": [9.25, 13.75, 9.75, 14], "texture": "#texture"},
				"up": {"uv": [9.25, 13.75, 9.5, 13.25], "texture": "#texture"},
				"down": {"uv": [9, 13.25, 9.25, 13.75], "texture": "#texture"}
			}
		},
		{
			"name": "Voxels",
			"from": [8, 17.25, 9],
			"to": [8.25, 17.5, 9.25],
			"faces": {
				"north": {"uv": [8.5, 12.75, 8.25, 13], "texture": "#texture"},
				"east": {"uv": [10.25, 13.5, 10, 13.75], "texture": "#texture"},
				"south": {"uv": [8.5, 12.75, 8.75, 13], "texture": "#texture"},
				"west": {"uv": [8.75, 12.75, 9, 13], "texture": "#texture"},
				"up": {"uv": [8, 13, 8.25, 12.75], "texture": "#texture"},
				"down": {"uv": [7.75, 12.75, 8, 13], "texture": "#texture"}
			}
		},
		{
			"name": "Voxels",
			"from": [8, 17.5, 6.5],
			"to": [8.25, 18, 6.75],
			"faces": {
				"north": {"uv": [10, 15.5, 9.75, 16], "texture": "#texture"},
				"east": {"uv": [10, 14, 9.75, 14.5], "texture": "#texture"},
				"south": {"uv": [9.75, 15, 10, 15.5], "texture": "#texture"},
				"west": {"uv": [9.75, 14.5, 10, 15], "texture": "#texture"},
				"up": {"uv": [9.25, 13, 9.5, 12.75], "texture": "#texture"},
				"down": {"uv": [9, 12.75, 9.25, 13], "texture": "#texture"}
			}
		},
		{
			"name": "Voxels",
			"from": [8, 17.5, 8],
			"to": [8.25, 17.75, 8.25],
			"faces": {
				"north": {"uv": [10.25, 15.75, 10, 16], "texture": "#texture"},
				"east": {"uv": [10.25, 15, 10, 15.25], "texture": "#texture"},
				"south": {"uv": [10, 15.5, 10.25, 15.75], "texture": "#texture"},
				"west": {"uv": [10, 15.25, 10.25, 15.5], "texture": "#texture"},
				"up": {"uv": [9.75, 13, 10, 12.75], "texture": "#texture"},
				"down": {"uv": [9.75, 13, 10, 13.25], "texture": "#texture"}
			}
		},
		{
			"name": "Voxels",
			"from": [8, 17.75, 6.25],
			"to": [8.25, 18, 6.5],
			"faces": {
				"north": {"uv": [10.25, 14.25, 10, 14.5], "texture": "#texture"},
				"east": {"uv": [10.75, 15.5, 10.5, 15.75], "texture": "#texture"},
				"south": {"uv": [10, 14, 10.25, 14.25], "texture": "#texture"},
				"west": {"uv": [10, 13.75, 10.25, 14], "texture": "#texture"},
				"up": {"uv": [10, 14.75, 10.25, 14.5], "texture": "#texture"},
				"down": {"uv": [10, 14.75, 10.25, 15], "texture": "#texture"}
			}
		},
		{
			"name": "Voxels",
			"from": [8, 17.75, 7.75],
			"to": [8.25, 19, 8],
			"faces": {
				"north": {"uv": [5.5, 13, 5.25, 14.25], "texture": "#texture"},
				"east": {"uv": [6, 13.5, 5.75, 14.75], "texture": "#texture"},
				"south": {"uv": [5.5, 13, 5.75, 14.25], "texture": "#texture"},
				"west": {"uv": [5.75, 14.75, 6, 16], "texture": "#texture"},
				"up": {"uv": [10, 13.25, 10.25, 13], "texture": "#texture"},
				"down": {"uv": [10, 13.25, 10.25, 13.5], "texture": "#texture"}
			}
		},
		{
			"name": "Voxels",
			"from": [8, 17.75, 8.25],
			"to": [8.25, 21, 8.5],
			"faces": {
				"north": {"uv": [4, 12.75, 3.75, 16], "texture": "#texture"},
				"east": {"uv": [3.25, 12.75, 3, 16], "texture": "#texture"},
				"south": {"uv": [3.5, 12.75, 3.75, 16], "texture": "#texture"},
				"west": {"uv": [3.25, 12.75, 3.5, 16], "texture": "#texture"},
				"up": {"uv": [10.25, 15, 10.5, 14.75], "texture": "#texture"},
				"down": {"uv": [10.25, 15, 10.5, 15.25], "texture": "#texture"}
			}
		},
		{
			"name": "Voxels",
			"from": [8, 19, 8],
			"to": [8.25, 20.75, 8.25],
			"faces": {
				"north": {"uv": [5.5, 14.25, 5.25, 16], "texture": "#texture"},
				"east": {"uv": [5.25, 14.25, 5, 16], "texture": "#texture"},
				"south": {"uv": [5.5, 14.25, 5.75, 16], "texture": "#texture"},
				"west": {"uv": [4.75, 14.25, 5, 16], "texture": "#texture"},
				"up": {"uv": [10.25, 13.5, 10.5, 13.25], "texture": "#texture"},
				"down": {"uv": [10.25, 13.5, 10.5, 13.75], "texture": "#texture"}
			}
		}
	],
	"display": {
		"thirdperson_righthand": {
			"translation": [0, 2.5, 1.3913],
			"scale": [1.5, 2, 1.5]
		},
		"thirdperson_lefthand": {
			"translation": [0, 2.5, 1.3913],
			"scale": [1.5, 2, 1.5]
		},
		"firstperson_righthand": {
			"rotation": [-16, 0, 0],
			"translation": [0, 1.3913, 2.7826]
		},
		"ground": {
			"rotation": [74, 0, 0],
			"scale": [2, 2, 2]
		},
		"gui": {
			"rotation": [0, 90, 0],
			"translation": [0, -1.9, 0],
			"scale": [0.3, 0.75, 0.75]
		},
		"fixed": {
			"rotation": [0, -90, 0],
			"translation": [0, -2.5, 0],
			"scale": [1, 0.9, 0.9]
		}
	}
}