{"textures":{"0":"modelengine:entity/vb"},"elements":[{"name":"cube","from":[8.6,8.6,11.0],"to":[9.2,9.2,13.400001],"rotation":{"angle":0.0,"axis":"x","origin":[8.0,8.0,8.0]},"faces":{"down":{"uv":[7.0,8.5,6.5,10.5],"rotation":0,"texture":"#0","tintindex":0},"east":{"uv":[6.5,8.0,8.5,8.5],"rotation":0,"texture":"#0","tintindex":0},"north":{"uv":[2.0,9.0,2.5,9.5],"rotation":0,"texture":"#0","tintindex":0},"south":{"uv":[2.5,9.0,3.0,9.5],"rotation":0,"texture":"#0","tintindex":0},"up":{"uv":[9.0,7.5,8.5,5.5],"rotation":0,"texture":"#0","tintindex":0},"west":{"uv":[8.0,7.5,10.0,8.0],"rotation":0,"texture":"#0","tintindex":0}}},{"name":"cube","from":[6.8,8.6,11.0],"to":[7.4,9.2,13.400001],"rotation":{"angle":0.0,"axis":"x","origin":[8.0,8.0,8.0]},"faces":{"down":{"uv":[8.5,5.5,8.0,7.5],"rotation":0,"texture":"#0","tintindex":0},"east":{"uv":[8.0,4.5,10.0,5.0],"rotation":0,"texture":"#0","tintindex":0},"north":{"uv":[6.0,5.0,6.5,5.5],"rotation":0,"texture":"#0","tintindex":0},"south":{"uv":[6.0,5.5,6.5,6.0],"rotation":0,"texture":"#0","tintindex":0},"up":{"uv":[5.0,10.0,4.5,8.0],"rotation":0,"texture":"#0","tintindex":0},"west":{"uv":[8.0,5.0,10.0,5.5],"rotation":0,"texture":"#0","tintindex":0}}},{"name":"cube","from":[6.2,8.0,8.0],"to":[9.8,11.6,11.6],"rotation":{"angle":0.0,"axis":"x","origin":[8.0,8.0,8.0]},"faces":{"down":{"uv":[9.0,0.0,6.0,3.0],"rotation":0,"texture":"#0","tintindex":0},"east":{"uv":[0.0,3.0,3.0,6.0],"rotation":0,"texture":"#0","tintindex":0},"north":{"uv":[0.0,0.0,3.0,3.0],"rotation":0,"texture":"#0","tintindex":0},"south":{"uv":[3.0,0.0,6.0,3.0],"rotation":0,"texture":"#0","tintindex":0},"up":{"uv":[3.0,9.0,0.0,6.0],"rotation":0,"texture":"#0","tintindex":0},"west":{"uv":[3.0,3.0,6.0,6.0],"rotation":0,"texture":"#0","tintindex":0}}}],"display":{"head":{"translation":[0.0,-6.4,0.0],"rotation":[0.0,0.0,0.0],"scale":[3.8095,3.8095,3.8095]}}}