{"textures":{"0":"modelengine:entity/vb"},"elements":[{"name":"cube","from":[6.8,8.6,7.4],"to":[9.2,11.0,8.0],"rotation":{"angle":0.0,"axis":"x","origin":[8.0,8.0,8.0]},"faces":{"down":{"uv":[13.0,6.5,11.0,7.0],"rotation":0,"texture":"#0","tintindex":0},"east":{"uv":[6.0,11.0,6.5,13.0],"rotation":0,"texture":"#0","tintindex":0},"north":{"uv":[3.0,6.0,5.0,8.0],"rotation":0,"texture":"#0","tintindex":0},"south":{"uv":[6.0,3.0,8.0,5.0],"rotation":0,"texture":"#0","tintindex":0},"up":{"uv":[13.0,6.5,11.0,6.0],"rotation":0,"texture":"#0","tintindex":0},"west":{"uv":[6.5,11.0,7.0,13.0],"rotation":0,"texture":"#0","tintindex":0}}}],"display":{"head":{"translation":[0.0,-6.4,0.0],"rotation":[0.0,0.0,0.0],"scale":[3.8095,3.8095,3.8095]}}}