{"textures":{"0":"modelengine:entity/vb"},"elements":[{"name":"cube","from":[8.248528,7.4,7.7],"to":[10.648528,8.0,8.3],"rotation":{"angle":45.0,"axis":"z","origin":[7.648528,8.0,8.9]},"faces":{"down":{"uv":[4.0,11.0,2.0,11.5],"rotation":0,"texture":"#0","tintindex":0},"east":{"uv":[10.5,11.0,11.0,11.5],"rotation":0,"texture":"#0","tintindex":0},"north":{"uv":[11.0,0.5,13.0,1.0],"rotation":0,"texture":"#0","tintindex":0},"south":{"uv":[11.0,1.0,13.0,1.5],"rotation":0,"texture":"#0","tintindex":0},"up":{"uv":[13.0,2.0,11.0,1.5],"rotation":0,"texture":"#0","tintindex":0},"west":{"uv":[11.0,11.0,11.5,11.5],"rotation":0,"texture":"#0","tintindex":0}}},{"name":"cube","from":[7.4,11.0,7.7],"to":[9.8,11.6,8.3],"rotation":{"angle":-45.0,"axis":"z","origin":[6.8,8.0,8.9]},"faces":{"down":{"uv":[13.0,5.5,11.0,6.0],"rotation":0,"texture":"#0","tintindex":0},"east":{"uv":[0.0,11.5,0.5,12.0],"rotation":0,"texture":"#0","tintindex":0},"north":{"uv":[11.0,2.0,13.0,2.5],"rotation":0,"texture":"#0","tintindex":0},"south":{"uv":[11.0,2.5,13.0,3.0],"rotation":0,"texture":"#0","tintindex":0},"up":{"uv":[6.0,11.5,4.0,11.0],"rotation":0,"texture":"#0","tintindex":0},"west":{"uv":[0.5,11.5,1.0,12.0],"rotation":0,"texture":"#0","tintindex":0}}}],"display":{"head":{"translation":[0.0,-6.4,0.0],"rotation":[0.0,0.0,0.0],"scale":[3.8095,3.8095,3.8095]}}}