{"textures":{"0":"modelengine:entity/vb"},"elements":[{"name":"cube","from":[7.648528,7.4,7.4],"to":[10.048529,8.0,8.0],"rotation":{"angle":45.0,"axis":"z","origin":[7.048528,8.0,8.6]},"faces":{"down":{"uv":[11.0,6.5,9.0,7.0],"rotation":0,"texture":"#0","tintindex":0},"east":{"uv":[5.0,9.5,5.5,10.0],"rotation":0,"texture":"#0","tintindex":0},"north":{"uv":[9.0,2.5,11.0,3.0],"rotation":0,"texture":"#0","tintindex":0},"south":{"uv":[9.0,5.5,11.0,6.0],"rotation":0,"texture":"#0","tintindex":0},"up":{"uv":[11.0,6.5,9.0,6.0],"rotation":0,"texture":"#0","tintindex":0},"west":{"uv":[5.5,9.5,6.0,10.0],"rotation":0,"texture":"#0","tintindex":0}}},{"name":"cube","from":[6.8,11.0,7.4],"to":[9.2,11.6,8.0],"rotation":{"angle":-45.0,"axis":"z","origin":[6.2,8.0,8.6]},"faces":{"down":{"uv":[11.0,9.0,9.0,9.5],"rotation":0,"texture":"#0","tintindex":0},"east":{"uv":[6.0,9.5,6.5,10.0],"rotation":0,"texture":"#0","tintindex":0},"north":{"uv":[7.0,9.0,9.0,9.5],"rotation":0,"texture":"#0","tintindex":0},"south":{"uv":[9.0,7.0,11.0,7.5],"rotation":0,"texture":"#0","tintindex":0},"up":{"uv":[11.0,9.0,9.0,8.5],"rotation":0,"texture":"#0","tintindex":0},"west":{"uv":[6.0,10.0,6.5,10.5],"rotation":0,"texture":"#0","tintindex":0}}}],"display":{"head":{"translation":[0.0,-6.4,0.0],"rotation":[0.0,0.0,0.0],"scale":[3.8095,3.8095,3.8095]}}}