{"textures":{"0":"modelengine:entity/vb"},"elements":[{"name":"cube","from":[7.648528,7.4,7.7],"to":[10.048529,8.0,8.3],"rotation":{"angle":45.0,"axis":"z","origin":[7.048528,8.0,8.9]},"faces":{"down":{"uv":[11.5,3.5,9.5,4.0],"rotation":0,"texture":"#0","tintindex":0},"east":{"uv":[7.0,11.0,7.5,11.5],"rotation":0,"texture":"#0","tintindex":0},"north":{"uv":[0.0,9.5,2.0,10.0],"rotation":0,"texture":"#0","tintindex":0},"south":{"uv":[2.0,9.5,4.0,10.0],"rotation":0,"texture":"#0","tintindex":0},"up":{"uv":[11.5,3.5,9.5,3.0],"rotation":0,"texture":"#0","tintindex":0},"west":{"uv":[11.0,7.0,11.5,7.5],"rotation":0,"texture":"#0","tintindex":0}}},{"name":"cube","from":[6.8,11.0,7.7],"to":[9.2,11.6,8.3],"rotation":{"angle":-45.0,"axis":"z","origin":[6.2,8.0,8.9]},"faces":{"down":{"uv":[2.0,10.0,0.0,10.5],"rotation":0,"texture":"#0","tintindex":0},"east":{"uv":[7.5,11.0,8.0,11.5],"rotation":0,"texture":"#0","tintindex":0},"north":{"uv":[9.5,4.0,11.5,4.5],"rotation":0,"texture":"#0","tintindex":0},"south":{"uv":[7.0,9.5,9.0,10.0],"rotation":0,"texture":"#0","tintindex":0},"up":{"uv":[11.0,10.0,9.0,9.5],"rotation":0,"texture":"#0","tintindex":0},"west":{"uv":[8.0,11.0,8.5,11.5],"rotation":0,"texture":"#0","tintindex":0}}}],"display":{"head":{"translation":[0.0,-6.4,0.0],"rotation":[0.0,0.0,0.0],"scale":[3.8095,3.8095,3.8095]}}}