{"textures":{"0":"modelengine:entity/vb"},"elements":[{"name":"cube","from":[5.951472,7.4,7.7],"to":[8.351472,8.0,8.3],"rotation":{"angle":-45.0,"axis":"z","origin":[8.951472,8.0,8.9]},"faces":{"down":{"uv":[12.0,5.0,10.0,5.5],"rotation":0,"texture":"#0","tintindex":0},"east":{"uv":[8.5,11.0,9.0,11.5],"rotation":0,"texture":"#0","tintindex":0},"north":{"uv":[2.0,10.0,4.0,10.5],"rotation":0,"texture":"#0","tintindex":0},"south":{"uv":[4.0,10.0,6.0,10.5],"rotation":0,"texture":"#0","tintindex":0},"up":{"uv":[12.0,5.0,10.0,4.5],"rotation":0,"texture":"#0","tintindex":0},"west":{"uv":[11.0,8.5,11.5,9.0],"rotation":0,"texture":"#0","tintindex":0}}},{"name":"cube","from":[6.8,11.0,7.7],"to":[9.2,11.6,8.3],"rotation":{"angle":45.0,"axis":"z","origin":[9.8,8.0,8.9]},"faces":{"down":{"uv":[2.0,10.5,0.0,11.0],"rotation":0,"texture":"#0","tintindex":0},"east":{"uv":[9.0,11.0,9.5,11.5],"rotation":0,"texture":"#0","tintindex":0},"north":{"uv":[7.0,10.0,9.0,10.5],"rotation":0,"texture":"#0","tintindex":0},"south":{"uv":[10.0,7.5,12.0,8.0],"rotation":0,"texture":"#0","tintindex":0},"up":{"uv":[11.0,10.5,9.0,10.0],"rotation":0,"texture":"#0","tintindex":0},"west":{"uv":[11.0,9.0,11.5,9.5],"rotation":0,"texture":"#0","tintindex":0}}}],"display":{"head":{"translation":[0.0,-6.4,0.0],"rotation":[0.0,0.0,0.0],"scale":[3.8095,3.8095,3.8095]}}}