{"textures":{"0":"modelengine:entity/vb"},"elements":[{"name":"cube","from":[7.1,6.95,6.35],"to":[8.9,8.75,8.15],"rotation":{"angle":0.0,"axis":"x","origin":[8.0,6.95,8.75]},"faces":{"down":{"uv":[9.5,3.0,8.0,4.5],"rotation":0,"texture":"#0","tintindex":0},"east":{"uv":[6.5,5.0,8.0,6.5],"rotation":0,"texture":"#0","tintindex":0},"north":{"uv":[5.0,6.0,6.5,7.5],"rotation":0,"texture":"#0","tintindex":0},"south":{"uv":[6.5,6.5,8.0,8.0],"rotation":0,"texture":"#0","tintindex":0},"up":{"uv":[4.5,9.5,3.0,8.0],"rotation":0,"texture":"#0","tintindex":0},"west":{"uv":[5.0,7.5,6.5,9.0],"rotation":0,"texture":"#0","tintindex":0}}}],"display":{"head":{"translation":[0.0,-6.4,0.0],"rotation":[0.0,0.0,0.0],"scale":[3.8095,3.8095,3.8095]}}}