{"textures":{"0":"modelengine:entity/rider"},"elements":[{"name":"cube","from":[4.22,0.9498155,8.269926],"to":[11.780001,7.7538147,8.269926],"rotation":{"angle":0.0,"axis":"x","origin":[8.0,7.3758163,7.513926]},"faces":{"down":{"uv":[0.0,0.0,1.25,0.0],"rotation":0,"texture":"#0","tintindex":0},"east":{"uv":[0.0,0.0,0.0,1.125],"rotation":0,"texture":"#0","tintindex":0},"north":{"uv":[10.375,0.0,11.625,1.125],"rotation":0,"texture":"#0","tintindex":0},"south":{"uv":[11.625,0.0,10.375,1.125],"rotation":0,"texture":"#0","tintindex":0},"up":{"uv":[0.0,0.0,1.25,0.0],"rotation":0,"texture":"#0","tintindex":0},"west":{"uv":[0.0,0.0,0.0,1.125],"rotation":0,"texture":"#0","tintindex":0}}}],"display":{"head":{"translation":[0.0,-6.4,0.0],"rotation":[0.0,0.0,0.0],"scale":[3.8095,3.8095,3.8095]}}}