{"textures":{"0":"modelengine:entity/rider"},"elements":[{"name":"cube","from":[5.996,3.1279993,8.5532],"to":[7.5080004,8.42,8.5532],"rotation":{"angle":0.0,"axis":"x","origin":[9.02,10.688,10.821199]},"faces":{"down":{"uv":[0.0,0.0,0.25,0.0],"rotation":0,"texture":"#0","tintindex":0},"east":{"uv":[0.0,0.0,0.0,0.875],"rotation":0,"texture":"#0","tintindex":0},"north":{"uv":[10.125,0.0,10.375,0.875],"rotation":0,"texture":"#0","tintindex":0},"south":{"uv":[10.375,0.0,10.125,0.875],"rotation":0,"texture":"#0","tintindex":0},"up":{"uv":[0.0,0.0,0.25,0.0],"rotation":0,"texture":"#0","tintindex":0},"west":{"uv":[0.0,0.0,0.0,0.875],"rotation":0,"texture":"#0","tintindex":0}}}],"display":{"head":{"translation":[0.0,-6.4,0.0],"rotation":[0.0,0.0,0.0],"scale":[3.8095,3.8095,3.8095]}}}