{"textures":{"0":"modelengine:entity/rider"},"elements":[{"name":"cube","from":[8.084,4.1839995,8.2652],"to":[9.596001,9.476,8.2652],"rotation":{"angle":0.0,"axis":"x","origin":[11.108,11.744,10.5332]},"faces":{"down":{"uv":[0.0,0.0,0.25,0.0],"rotation":0,"texture":"#0","tintindex":0},"east":{"uv":[0.0,0.0,0.0,0.875],"rotation":0,"texture":"#0","tintindex":0},"north":{"uv":[10.125,0.0,10.375,0.875],"rotation":0,"texture":"#0","tintindex":0},"south":{"uv":[10.375,0.0,10.125,0.875],"rotation":0,"texture":"#0","tintindex":0},"up":{"uv":[0.0,0.0,0.25,0.0],"rotation":0,"texture":"#0","tintindex":0},"west":{"uv":[0.0,0.0,0.0,0.875],"rotation":0,"texture":"#0","tintindex":0}}}],"display":{"head":{"translation":[0.0,-6.4,0.0],"rotation":[0.0,0.0,0.0],"scale":[3.8095,3.8095,3.8095]}}}