{"textures":{"0":"modelengine:entity/rider"},"elements":[{"name":"cube","from":[6.5959997,1.1599998,6.8],"to":[9.62,7.964,9.823999],"rotation":{"angle":0.0,"axis":"x","origin":[13.400001,-6.4000006,6.8]},"faces":{"down":{"uv":[4.0,7.25,3.5,7.75],"rotation":270,"texture":"#0","tintindex":0},"east":{"uv":[5.25,4.5,5.75,5.625],"rotation":0,"texture":"#0","tintindex":0},"north":{"uv":[5.375,1.125,5.875,2.25],"rotation":0,"texture":"#0","tintindex":0},"south":{"uv":[5.375,0.0,5.875,1.125],"rotation":0,"texture":"#0","tintindex":0},"up":{"uv":[7.75,3.875,7.25,3.375],"rotation":90,"texture":"#0","tintindex":0},"west":{"uv":[0.5,5.375,1.0,6.5],"rotation":0,"texture":"#0","tintindex":0}}}],"display":{"head":{"translation":[0.0,-6.4,0.0],"rotation":[0.0,0.0,0.0],"scale":[3.8095,3.8095,3.8095]}}}