{"textures":{"0":"modelengine:entity/rider"},"elements":[{"name":"cube","from":[6.38,1.76,6.2],"to":[9.404,8.564,9.224],"rotation":{"angle":0.0,"axis":"x","origin":[2.6,-5.8,6.2]},"faces":{"down":{"uv":[3.5,7.25,3.0,7.75],"rotation":270,"texture":"#0","tintindex":0},"east":{"uv":[4.75,4.875,5.25,6.0],"rotation":0,"texture":"#0","tintindex":0},"north":{"uv":[0.0,5.125,0.5,6.25],"rotation":0,"texture":"#0","tintindex":0},"south":{"uv":[1.0,5.0,1.5,6.125],"rotation":0,"texture":"#0","tintindex":0},"up":{"uv":[3.0,7.75,2.5,7.25],"rotation":90,"texture":"#0","tintindex":0},"west":{"uv":[5.0,3.375,5.5,4.5],"rotation":0,"texture":"#0","tintindex":0}}}],"display":{"head":{"translation":[0.0,-6.4,0.0],"rotation":[0.0,0.0,0.0],"scale":[3.8095,3.8095,3.8095]}}}