{"textures":{"0":"modelengine:entity/tornado"},"elements":[{"name":"cube","from":[6.2,7.4,5.6],"to":[9.8,8.0,6.2],"rotation":{"angle":0.0,"axis":"x","origin":[8.0,4.3999996,8.0]},"faces":{"down":{"uv":[7.5,6.125,6.75,6.25],"rotation":0,"texture":"#0","tintindex":0},"east":{"uv":[1.625,7.0,1.75,7.125],"rotation":0,"texture":"#0","tintindex":0},"north":{"uv":[3.75,6.625,4.5,6.75],"rotation":0,"texture":"#0","tintindex":0},"south":{"uv":[3.75,6.75,4.5,6.875],"rotation":0,"texture":"#0","tintindex":0},"up":{"uv":[7.5,6.125,6.75,6.0],"rotation":0,"texture":"#0","tintindex":0},"west":{"uv":[7.0,2.375,7.125,2.5],"rotation":0,"texture":"#0","tintindex":0}}},{"name":"cube","from":[5.6,7.4,6.2],"to":[6.2,8.0,9.8],"rotation":{"angle":0.0,"axis":"x","origin":[8.0,4.3999996,8.0]},"faces":{"down":{"uv":[4.75,6.625,4.625,7.375],"rotation":0,"texture":"#0","tintindex":0},"east":{"uv":[2.75,6.875,3.5,7.0],"rotation":0,"texture":"#0","tintindex":0},"north":{"uv":[7.0,2.625,7.125,2.75],"rotation":0,"texture":"#0","tintindex":0},"south":{"uv":[2.75,7.0,2.875,7.125],"rotation":0,"texture":"#0","tintindex":0},"up":{"uv":[4.625,7.375,4.5,6.625],"rotation":0,"texture":"#0","tintindex":0},"west":{"uv":[3.75,6.875,4.5,7.0],"rotation":0,"texture":"#0","tintindex":0}}},{"name":"cube","from":[9.8,7.4,6.2],"to":[10.4,8.0,9.8],"rotation":{"angle":0.0,"axis":"x","origin":[8.0,4.3999996,8.0]},"faces":{"down":{"uv":[6.75,6.875,6.625,7.625],"rotation":0,"texture":"#0","tintindex":0},"east":{"uv":[5.0,6.875,5.75,7.0],"rotation":0,"texture":"#0","tintindex":0},"north":{"uv":[7.0,2.75,7.125,2.875],"rotation":0,"texture":"#0","tintindex":0},"south":{"uv":[2.875,7.0,3.0,7.125],"rotation":0,"texture":"#0","tintindex":0},"up":{"uv":[6.625,7.625,6.5,6.875],"rotation":0,"texture":"#0","tintindex":0},"west":{"uv":[5.75,6.875,6.5,7.0],"rotation":0,"texture":"#0","tintindex":0}}},{"name":"cube","from":[6.2,7.4,9.8],"to":[9.8,8.0,10.4],"rotation":{"angle":0.0,"axis":"x","origin":[8.0,4.3999996,8.0]},"faces":{"down":{"uv":[2.75,6.875,2.0,7.0],"rotation":0,"texture":"#0","tintindex":0},"east":{"uv":[7.0,2.5,7.125,2.625],"rotation":0,"texture":"#0","tintindex":0},"north":{"uv":[6.5,6.75,7.25,6.875],"rotation":0,"texture":"#0","tintindex":0},"south":{"uv":[0.25,6.875,1.0,7.0],"rotation":0,"texture":"#0","tintindex":0},"up":{"uv":[1.75,7.0,1.0,6.875],"rotation":0,"texture":"#0","tintindex":0},"west":{"uv":[2.625,7.0,2.75,7.125],"rotation":0,"texture":"#0","tintindex":0}}}],"display":{"head":{"translation":[0.0,-6.4,0.0],"rotation":[0.0,0.0,0.0],"scale":[3.8095,3.8095,3.8095]}}}