{"textures":{"0":"modelengine:entity/tornado"},"elements":[{"name":"cube","from":[4.8544154,7.4,1.8544154],"to":[9.654415,8.0,2.4544156],"rotation":{"angle":0.0,"axis":"x","origin":[8.454416,-5.8,6.0544157]},"faces":{"down":{"uv":[6.5,6.5,5.0,6.625],"rotation":0,"texture":"#0","tintindex":0},"east":{"uv":[7.0,3.375,7.125,3.5],"rotation":0,"texture":"#0","tintindex":0},"north":{"uv":[0.25,6.5,1.75,6.625],"rotation":0,"texture":"#0","tintindex":0},"south":{"uv":[1.75,6.5,3.25,6.625],"rotation":0,"texture":"#0","tintindex":0},"up":{"uv":[4.75,6.625,3.25,6.5],"rotation":0,"texture":"#0","tintindex":0},"west":{"uv":[7.0,3.5,7.125,3.625],"rotation":0,"texture":"#0","tintindex":0}}},{"name":"cube","from":[2.3088312,7.4,4.3999996],"to":[2.9088311,8.0,9.2],"rotation":{"angle":0.0,"axis":"x","origin":[6.508831,-5.8,8.0]},"faces":{"down":{"uv":[2.0,6.625,1.875,8.125],"rotation":0,"texture":"#0","tintindex":0},"east":{"uv":[6.5,6.5,8.0,6.625],"rotation":0,"texture":"#0","tintindex":0},"north":{"uv":[7.0,3.625,7.125,3.75],"rotation":0,"texture":"#0","tintindex":0},"south":{"uv":[3.75,7.0,3.875,7.125],"rotation":0,"texture":"#0","tintindex":0},"up":{"uv":[1.875,8.125,1.75,6.625],"rotation":0,"texture":"#0","tintindex":0},"west":{"uv":[0.25,6.625,1.75,6.75],"rotation":0,"texture":"#0","tintindex":0}}},{"name":"cube","from":[11.6,7.4,4.3999996],"to":[12.2,8.0,9.2],"rotation":{"angle":0.0,"axis":"x","origin":[8.0,-5.8,8.0]},"faces":{"down":{"uv":[3.75,6.625,3.625,8.125],"rotation":0,"texture":"#0","tintindex":0},"east":{"uv":[2.0,6.625,3.5,6.75],"rotation":0,"texture":"#0","tintindex":0},"north":{"uv":[7.0,3.75,7.125,3.875],"rotation":0,"texture":"#0","tintindex":0},"south":{"uv":[3.875,7.0,4.0,7.125],"rotation":0,"texture":"#0","tintindex":0},"up":{"uv":[3.625,8.125,3.5,6.625],"rotation":0,"texture":"#0","tintindex":0},"west":{"uv":[5.0,6.625,6.5,6.75],"rotation":0,"texture":"#0","tintindex":0}}},{"name":"cube","from":[4.8544154,7.4,11.145584],"to":[9.654415,8.0,11.7455845],"rotation":{"angle":0.0,"axis":"x","origin":[8.454416,-5.8,7.545584]},"faces":{"down":{"uv":[6.5,6.75,5.0,6.875],"rotation":0,"texture":"#0","tintindex":0},"east":{"uv":[7.0,3.875,7.125,4.0],"rotation":0,"texture":"#0","tintindex":0},"north":{"uv":[6.5,6.625,8.0,6.75],"rotation":0,"texture":"#0","tintindex":0},"south":{"uv":[0.25,6.75,1.75,6.875],"rotation":0,"texture":"#0","tintindex":0},"up":{"uv":[3.5,6.875,2.0,6.75],"rotation":0,"texture":"#0","tintindex":0},"west":{"uv":[4.0,7.0,4.125,7.125],"rotation":0,"texture":"#0","tintindex":0}}},{"name":"cube","from":[5.6301513,7.4,9.8301525],"to":[9.230152,8.0,10.430152],"rotation":{"angle":45.0,"axis":"y","origin":[9.230152,-5.8,6.230151]},"faces":{"down":{"uv":[6.5,6.75,5.0,6.875],"rotation":0,"texture":"#0","tintindex":0},"east":{"uv":[7.0,3.875,7.125,4.0],"rotation":0,"texture":"#0","tintindex":0},"north":{"uv":[6.5,6.625,8.0,6.75],"rotation":0,"texture":"#0","tintindex":0},"south":{"uv":[0.25,6.75,1.75,6.875],"rotation":0,"texture":"#0","tintindex":0},"up":{"uv":[3.5,6.875,2.0,6.75],"rotation":0,"texture":"#0","tintindex":0},"west":{"uv":[4.0,7.0,4.125,7.125],"rotation":0,"texture":"#0","tintindex":0}}},{"name":"cube","from":[3.6242638,7.4,5.175736],"to":[4.2242637,8.0,8.775736],"rotation":{"angle":45.0,"axis":"y","origin":[7.824264,-5.8,8.775736]},"faces":{"down":{"uv":[6.5,6.75,5.0,6.875],"rotation":270,"texture":"#0","tintindex":0},"east":{"uv":[6.5,6.625,8.0,6.75],"rotation":0,"texture":"#0","tintindex":0},"north":{"uv":[4.0,7.0,4.125,7.125],"rotation":0,"texture":"#0","tintindex":0},"south":{"uv":[7.0,3.875,7.125,4.0],"rotation":0,"texture":"#0","tintindex":0},"up":{"uv":[3.5,6.875,2.0,6.75],"rotation":90,"texture":"#0","tintindex":0},"west":{"uv":[0.25,6.75,1.75,6.875],"rotation":0,"texture":"#0","tintindex":0}}},{"name":"cube","from":[10.284567,7.4,4.8242636],"to":[10.884567,8.0,8.424264],"rotation":{"angle":45.0,"axis":"y","origin":[6.6845675,-5.8,4.8242636]},"faces":{"down":{"uv":[6.5,6.75,5.0,6.875],"rotation":90,"texture":"#0","tintindex":0},"east":{"uv":[0.25,6.75,1.75,6.875],"rotation":0,"texture":"#0","tintindex":0},"north":{"uv":[7.0,3.875,7.125,4.0],"rotation":0,"texture":"#0","tintindex":0},"south":{"uv":[4.0,7.0,4.125,7.125],"rotation":0,"texture":"#0","tintindex":0},"up":{"uv":[3.5,6.875,2.0,6.75],"rotation":270,"texture":"#0","tintindex":0},"west":{"uv":[6.5,6.625,8.0,6.75],"rotation":0,"texture":"#0","tintindex":0}}},{"name":"cube","from":[5.27868,7.4,3.169848],"to":[8.878679,8.0,3.7698483],"rotation":{"angle":45.0,"axis":"y","origin":[5.27868,-5.8,7.3698487]},"faces":{"down":{"uv":[6.5,6.75,5.0,6.875],"rotation":180,"texture":"#0","tintindex":0},"east":{"uv":[4.0,7.0,4.125,7.125],"rotation":0,"texture":"#0","tintindex":0},"north":{"uv":[0.25,6.75,1.75,6.875],"rotation":0,"texture":"#0","tintindex":0},"south":{"uv":[6.5,6.625,8.0,6.75],"rotation":0,"texture":"#0","tintindex":0},"up":{"uv":[3.5,6.875,2.0,6.75],"rotation":180,"texture":"#0","tintindex":0},"west":{"uv":[7.0,3.875,7.125,4.0],"rotation":0,"texture":"#0","tintindex":0}}}],"display":{"head":{"translation":[0.0,-6.4,0.0],"rotation":[0.0,0.0,0.0],"scale":[3.8095,3.8095,3.8095]}}}