{"textures":{"0":"modelengine:entity/tornado"},"elements":[{"name":"cube","from":[5.4544153,7.4,1.1514711],"to":[11.454416,8.0,1.7514713],"rotation":{"angle":0.0,"axis":"x","origin":[10.854416,-5.8,7.151472]},"faces":{"down":{"uv":[2.25,6.125,0.0,6.25],"rotation":0,"texture":"#0","tintindex":0},"east":{"uv":[7.0,4.0,7.125,4.125],"rotation":0,"texture":"#0","tintindex":0},"north":{"uv":[0.0,6.0,2.25,6.125],"rotation":0,"texture":"#0","tintindex":0},"south":{"uv":[2.25,6.0,4.5,6.125],"rotation":0,"texture":"#0","tintindex":0},"up":{"uv":[6.75,6.125,4.5,6.0],"rotation":0,"texture":"#0","tintindex":0},"west":{"uv":[4.125,7.0,4.25,7.125],"rotation":0,"texture":"#0","tintindex":0}}},{"name":"cube","from":[2.0603027,7.4,4.545584],"to":[2.6603026,8.0,10.545584],"rotation":{"angle":0.0,"axis":"x","origin":[8.060303,-5.8,9.945584]},"faces":{"down":{"uv":[0.25,6.25,0.125,8.5],"rotation":0,"texture":"#0","tintindex":0},"east":{"uv":[2.25,6.125,4.5,6.25],"rotation":0,"texture":"#0","tintindex":0},"north":{"uv":[7.0,4.125,7.125,4.25],"rotation":0,"texture":"#0","tintindex":0},"south":{"uv":[4.25,7.0,4.375,7.125],"rotation":0,"texture":"#0","tintindex":0},"up":{"uv":[0.125,8.5,0.0,6.25],"rotation":0,"texture":"#0","tintindex":0},"west":{"uv":[4.5,6.125,6.75,6.25],"rotation":0,"texture":"#0","tintindex":0}}},{"name":"cube","from":[14.2485285,7.4,4.545584],"to":[14.848528,8.0,10.545584],"rotation":{"angle":0.0,"axis":"x","origin":[8.848528,-5.8,7.545584]},"faces":{"down":{"uv":[5.0,6.25,4.875,8.5],"rotation":0,"texture":"#0","tintindex":0},"east":{"uv":[0.25,6.25,2.5,6.375],"rotation":0,"texture":"#0","tintindex":0},"north":{"uv":[7.0,4.25,7.125,4.375],"rotation":0,"texture":"#0","tintindex":0},"south":{"uv":[4.375,7.0,4.5,7.125],"rotation":0,"texture":"#0","tintindex":0},"up":{"uv":[4.875,8.5,4.75,6.25],"rotation":0,"texture":"#0","tintindex":0},"west":{"uv":[2.5,6.25,4.75,6.375],"rotation":0,"texture":"#0","tintindex":0}}},{"name":"cube","from":[5.4544153,7.4,13.339697],"to":[11.454416,8.0,13.939696],"rotation":{"angle":0.0,"axis":"x","origin":[9.054416,-5.8,7.9396973]},"faces":{"down":{"uv":[7.25,6.375,5.0,6.5],"rotation":0,"texture":"#0","tintindex":0},"east":{"uv":[7.0,4.375,7.125,4.5],"rotation":0,"texture":"#0","tintindex":0},"north":{"uv":[5.0,6.25,7.25,6.375],"rotation":0,"texture":"#0","tintindex":0},"south":{"uv":[0.25,6.375,2.5,6.5],"rotation":0,"texture":"#0","tintindex":0},"up":{"uv":[4.75,6.5,2.5,6.375],"rotation":0,"texture":"#0","tintindex":0},"west":{"uv":[7.0,4.5,7.125,4.625],"rotation":0,"texture":"#0","tintindex":0}}},{"name":"cube","from":[6.508831,7.4,13.400001],"to":[11.308831,8.0,14.0],"rotation":{"angle":45.0,"axis":"y","origin":[8.908832,-5.8,8.0]},"faces":{"down":{"uv":[7.25,6.375,5.0,6.5],"rotation":0,"texture":"#0","tintindex":0},"east":{"uv":[7.0,4.375,7.125,4.5],"rotation":0,"texture":"#0","tintindex":0},"north":{"uv":[5.0,6.25,7.25,6.375],"rotation":0,"texture":"#0","tintindex":0},"south":{"uv":[0.25,6.375,2.5,6.5],"rotation":0,"texture":"#0","tintindex":0},"up":{"uv":[4.75,6.5,2.5,6.375],"rotation":0,"texture":"#0","tintindex":0},"west":{"uv":[7.0,4.5,7.125,4.625],"rotation":0,"texture":"#0","tintindex":0}}},{"name":"cube","from":[14.30883,7.4,4.6911683],"to":[14.908831,8.0,9.491169],"rotation":{"angle":45.0,"axis":"y","origin":[8.908832,-5.8,7.091169]},"faces":{"down":{"uv":[7.25,6.375,5.0,6.5],"rotation":90,"texture":"#0","tintindex":0},"east":{"uv":[0.25,6.375,2.5,6.5],"rotation":0,"texture":"#0","tintindex":0},"north":{"uv":[7.0,4.375,7.125,4.5],"rotation":0,"texture":"#0","tintindex":0},"south":{"uv":[7.0,4.5,7.125,4.625],"rotation":0,"texture":"#0","tintindex":0},"up":{"uv":[4.75,6.5,2.5,6.375],"rotation":270,"texture":"#0","tintindex":0},"west":{"uv":[5.0,6.25,7.25,6.375],"rotation":0,"texture":"#0","tintindex":0}}},{"name":"cube","from":[5.6,7.4,1.0911684],"to":[10.4,8.0,1.6911683],"rotation":{"angle":45.0,"axis":"y","origin":[8.0,-5.8,7.091169]},"faces":{"down":{"uv":[7.25,6.375,5.0,6.5],"rotation":180,"texture":"#0","tintindex":0},"east":{"uv":[7.0,4.5,7.125,4.625],"rotation":0,"texture":"#0","tintindex":0},"north":{"uv":[0.25,6.375,2.5,6.5],"rotation":0,"texture":"#0","tintindex":0},"south":{"uv":[5.0,6.25,7.25,6.375],"rotation":0,"texture":"#0","tintindex":0},"up":{"uv":[4.75,6.5,2.5,6.375],"rotation":180,"texture":"#0","tintindex":0},"west":{"uv":[7.0,4.375,7.125,4.5],"rotation":0,"texture":"#0","tintindex":0}}},{"name":"cube","from":[1.9999998,7.4,5.6],"to":[2.6,8.0,10.4],"rotation":{"angle":45.0,"axis":"y","origin":[8.0,-5.8,8.0]},"faces":{"down":{"uv":[7.25,6.375,5.0,6.5],"rotation":270,"texture":"#0","tintindex":0},"east":{"uv":[5.0,6.25,7.25,6.375],"rotation":0,"texture":"#0","tintindex":0},"north":{"uv":[7.0,4.5,7.125,4.625],"rotation":0,"texture":"#0","tintindex":0},"south":{"uv":[7.0,4.375,7.125,4.5],"rotation":0,"texture":"#0","tintindex":0},"up":{"uv":[4.75,6.5,2.5,6.375],"rotation":90,"texture":"#0","tintindex":0},"west":{"uv":[0.25,6.375,2.5,6.5],"rotation":0,"texture":"#0","tintindex":0}}}],"display":{"head":{"translation":[0.0,-6.4,0.0],"rotation":[0.0,0.0,0.0],"scale":[3.8095,3.8095,3.8095]}}}