{"textures":{"0":"modelengine:entity/bear_trap"},"elements":[{"name":"cube","from":[3.1999998,8.6,7.7],"to":[12.8,9.2,8.3],"rotation":{"angle":0.0,"axis":"x","origin":[8.0,8.0,8.0]},"faces":{"down":{"uv":[13.0,1.0,5.0,1.5],"rotation":0,"texture":"#0","tintindex":0},"east":{"uv":[4.0,8.5,4.5,9.0],"rotation":0,"texture":"#0","tintindex":0},"north":{"uv":[0.0,5.0,8.0,5.5],"rotation":0,"texture":"#0","tintindex":0},"south":{"uv":[5.0,0.0,13.0,0.5],"rotation":0,"texture":"#0","tintindex":0},"up":{"uv":[13.0,1.0,5.0,0.5],"rotation":0,"texture":"#0","tintindex":0},"west":{"uv":[4.5,8.5,5.0,9.0],"rotation":0,"texture":"#0","tintindex":0}}},{"name":"cube","from":[5.0,9.2,6.5],"to":[11.0,9.8,9.5],"rotation":{"angle":0.0,"axis":"x","origin":[8.0,8.0,8.0]},"faces":{"down":{"uv":[5.0,0.0,0.0,2.5],"rotation":0,"texture":"#0","tintindex":0},"east":{"uv":[8.0,7.5,10.5,8.0],"rotation":0,"texture":"#0","tintindex":0},"north":{"uv":[5.0,3.5,10.0,4.0],"rotation":0,"texture":"#0","tintindex":0},"south":{"uv":[5.0,4.0,10.0,4.5],"rotation":0,"texture":"#0","tintindex":0},"up":{"uv":[5.0,2.5,0.0,0.0],"rotation":0,"texture":"#0","tintindex":0},"west":{"uv":[8.0,8.0,10.5,8.5],"rotation":0,"texture":"#0","tintindex":0}}},{"name":"cube","from":[12.5,8.3,7.4],"to":[13.1,9.5,8.6],"rotation":{"angle":0.0,"axis":"x","origin":[8.0,8.0,8.0]},"faces":{"down":{"uv":[11.5,2.5,12.0,3.5],"rotation":0,"texture":"#0","tintindex":0},"east":{"uv":[11.5,2.5,12.5,3.5],"rotation":0,"texture":"#0","tintindex":0},"north":{"uv":[11.5,2.5,12.0,3.5],"rotation":0,"texture":"#0","tintindex":0},"south":{"uv":[11.5,2.5,12.0,3.5],"rotation":0,"texture":"#0","tintindex":0},"up":{"uv":[11.5,2.5,12.0,3.5],"rotation":0,"texture":"#0","tintindex":0},"west":{"uv":[11.5,2.5,12.5,3.5],"rotation":0,"texture":"#0","tintindex":0}}},{"name":"cube","from":[2.8999999,8.3,7.4],"to":[3.4999998,9.5,8.6],"rotation":{"angle":0.0,"axis":"x","origin":[8.0,8.0,8.0]},"faces":{"down":{"uv":[12.0,2.5,11.5,3.5],"rotation":0,"texture":"#0","tintindex":0},"east":{"uv":[12.5,2.5,11.5,3.5],"rotation":0,"texture":"#0","tintindex":0},"north":{"uv":[12.0,2.5,11.5,3.5],"rotation":0,"texture":"#0","tintindex":0},"south":{"uv":[12.0,2.5,11.5,3.5],"rotation":0,"texture":"#0","tintindex":0},"up":{"uv":[12.0,2.5,11.5,3.5],"rotation":0,"texture":"#0","tintindex":0},"west":{"uv":[12.5,2.5,11.5,3.5],"rotation":0,"texture":"#0","tintindex":0}}}],"display":{"head":{"translation":[0.0,-6.4,0.0],"rotation":[0.0,0.0,0.0],"scale":[3.8095,3.8095,3.8095]}}}