{"textures":{"0":"modelengine:entity/bear_trap"},"elements":[{"name":"cube","from":[11.660001,7.1,6.08],"to":[12.26,7.7,12.08],"rotation":{"angle":-22.5,"axis":"y","origin":[8.0,7.1,8.0]},"faces":{"down":{"uv":[3.0,6.0,2.5,11.0],"rotation":0,"texture":"#0","tintindex":0},"east":{"uv":[5.0,4.5,10.0,5.0],"rotation":0,"texture":"#0","tintindex":0},"north":{"uv":[4.5,10.5,5.0,11.0],"rotation":0,"texture":"#0","tintindex":0},"south":{"uv":[10.5,4.5,11.0,5.0],"rotation":0,"texture":"#0","tintindex":0},"up":{"uv":[2.5,11.0,2.0,6.0],"rotation":0,"texture":"#0","tintindex":0},"west":{"uv":[2.0,5.5,7.0,6.0],"rotation":0,"texture":"#0","tintindex":0}}},{"name":"cube","from":[11.96,7.7,7.55],"to":[12.26,8.3,8.15],"rotation":{"angle":-22.5,"axis":"y","origin":[8.0,7.1,8.0]},"faces":{"down":{"uv":[8.0,10.5,7.5,11.0],"rotation":0,"texture":"#0","tintindex":0},"east":{"uv":[5.5,10.5,6.0,11.0],"rotation":0,"texture":"#0","tintindex":0},"north":{"uv":[5.0,10.5,5.5,11.0],"rotation":0,"texture":"#0","tintindex":0},"south":{"uv":[6.0,10.5,6.5,11.0],"rotation":0,"texture":"#0","tintindex":0},"up":{"uv":[7.5,11.0,7.0,10.5],"rotation":0,"texture":"#0","tintindex":0},"west":{"uv":[6.5,10.5,7.0,11.0],"rotation":0,"texture":"#0","tintindex":0}}},{"name":"cube","from":[11.96,7.7,9.05],"to":[12.26,8.3,9.65],"rotation":{"angle":-22.5,"axis":"y","origin":[8.0,7.1,8.0]},"faces":{"down":{"uv":[9.5,10.5,9.0,11.0],"rotation":0,"texture":"#0","tintindex":0},"east":{"uv":[8.0,10.5,8.5,11.0],"rotation":0,"texture":"#0","tintindex":0},"north":{"uv":[10.5,7.5,11.0,8.0],"rotation":0,"texture":"#0","tintindex":0},"south":{"uv":[10.5,8.0,11.0,8.5],"rotation":0,"texture":"#0","tintindex":0},"up":{"uv":[11.0,9.0,10.5,8.5],"rotation":0,"texture":"#0","tintindex":0},"west":{"uv":[8.5,10.5,9.0,11.0],"rotation":0,"texture":"#0","tintindex":0}}},{"name":"cube","from":[11.96,7.7,10.55],"to":[12.26,8.3,11.15],"rotation":{"angle":-22.5,"axis":"y","origin":[8.0,7.1,8.0]},"faces":{"down":{"uv":[11.0,10.5,10.5,11.0],"rotation":0,"texture":"#0","tintindex":0},"east":{"uv":[9.5,10.5,10.0,11.0],"rotation":0,"texture":"#0","tintindex":0},"north":{"uv":[10.5,9.0,11.0,9.5],"rotation":0,"texture":"#0","tintindex":0},"south":{"uv":[10.5,9.5,11.0,10.0],"rotation":0,"texture":"#0","tintindex":0},"up":{"uv":[11.0,10.5,10.5,10.0],"rotation":0,"texture":"#0","tintindex":0},"west":{"uv":[10.0,10.5,10.5,11.0],"rotation":0,"texture":"#0","tintindex":0}}},{"name":"cube","from":[9.8,7.7,13.1],"to":[10.4,8.3,13.400001],"rotation":{"angle":0.0,"axis":"x","origin":[8.0,7.1,8.0]},"faces":{"down":{"uv":[2.5,11.0,2.0,11.5],"rotation":0,"texture":"#0","tintindex":0},"east":{"uv":[0.5,11.0,1.0,11.5],"rotation":0,"texture":"#0","tintindex":0},"north":{"uv":[0.0,11.0,0.5,11.5],"rotation":0,"texture":"#0","tintindex":0},"south":{"uv":[1.0,11.0,1.5,11.5],"rotation":0,"texture":"#0","tintindex":0},"up":{"uv":[11.5,2.0,11.0,1.5],"rotation":0,"texture":"#0","tintindex":0},"west":{"uv":[1.5,11.0,2.0,11.5],"rotation":0,"texture":"#0","tintindex":0}}},{"name":"cube","from":[8.45,7.7,13.1],"to":[9.05,8.3,13.400001],"rotation":{"angle":0.0,"axis":"x","origin":[8.0,7.1,8.0]},"faces":{"down":{"uv":[4.5,11.0,4.0,11.5],"rotation":0,"texture":"#0","tintindex":0},"east":{"uv":[2.5,11.0,3.0,11.5],"rotation":0,"texture":"#0","tintindex":0},"north":{"uv":[11.0,2.0,11.5,2.5],"rotation":0,"texture":"#0","tintindex":0},"south":{"uv":[11.0,2.5,11.5,3.0],"rotation":0,"texture":"#0","tintindex":0},"up":{"uv":[11.5,4.0,11.0,3.5],"rotation":0,"texture":"#0","tintindex":0},"west":{"uv":[11.0,3.0,11.5,3.5],"rotation":0,"texture":"#0","tintindex":0}}},{"name":"cube","from":[6.95,7.7,13.1],"to":[7.55,8.3,13.400001],"rotation":{"angle":0.0,"axis":"x","origin":[8.0,7.1,8.0]},"faces":{"down":{"uv":[11.5,5.5,11.0,6.0],"rotation":0,"texture":"#0","tintindex":0},"east":{"uv":[4.5,11.0,5.0,11.5],"rotation":0,"texture":"#0","tintindex":0},"north":{"uv":[11.0,4.0,11.5,4.5],"rotation":0,"texture":"#0","tintindex":0},"south":{"uv":[11.0,4.5,11.5,5.0],"rotation":0,"texture":"#0","tintindex":0},"up":{"uv":[6.0,11.5,5.5,11.0],"rotation":0,"texture":"#0","tintindex":0},"west":{"uv":[5.0,11.0,5.5,11.5],"rotation":0,"texture":"#0","tintindex":0}}},{"name":"cube","from":[5.6,7.7,13.1],"to":[6.2,8.3,13.400001],"rotation":{"angle":0.0,"axis":"x","origin":[8.0,7.1,8.0]},"faces":{"down":{"uv":[8.5,11.0,8.0,11.5],"rotation":0,"texture":"#0","tintindex":0},"east":{"uv":[6.5,11.0,7.0,11.5],"rotation":0,"texture":"#0","tintindex":0},"north":{"uv":[6.0,11.0,6.5,11.5],"rotation":0,"texture":"#0","tintindex":0},"south":{"uv":[7.0,11.0,7.5,11.5],"rotation":0,"texture":"#0","tintindex":0},"up":{"uv":[11.5,8.0,11.0,7.5],"rotation":0,"texture":"#0","tintindex":0},"west":{"uv":[7.5,11.0,8.0,11.5],"rotation":0,"texture":"#0","tintindex":0}}},{"name":"cube","from":[3.7399998,7.7,10.55],"to":[4.04,8.3,11.15],"rotation":{"angle":22.5,"axis":"y","origin":[8.0,7.1,8.0]},"faces":{"down":{"uv":[10.0,11.0,9.5,11.5],"rotation":0,"texture":"#0","tintindex":0},"east":{"uv":[8.5,11.0,9.0,11.5],"rotation":0,"texture":"#0","tintindex":0},"north":{"uv":[11.0,8.0,11.5,8.5],"rotation":0,"texture":"#0","tintindex":0},"south":{"uv":[11.0,8.5,11.5,9.0],"rotation":0,"texture":"#0","tintindex":0},"up":{"uv":[11.5,9.5,11.0,9.0],"rotation":0,"texture":"#0","tintindex":0},"west":{"uv":[9.0,11.0,9.5,11.5],"rotation":0,"texture":"#0","tintindex":0}}},{"name":"cube","from":[3.7399998,7.7,9.05],"to":[4.04,8.3,9.65],"rotation":{"angle":22.5,"axis":"y","origin":[8.0,7.1,8.0]},"faces":{"down":{"uv":[11.5,11.0,11.0,11.5],"rotation":0,"texture":"#0","tintindex":0},"east":{"uv":[10.0,11.0,10.5,11.5],"rotation":0,"texture":"#0","tintindex":0},"north":{"uv":[11.0,9.5,11.5,10.0],"rotation":0,"texture":"#0","tintindex":0},"south":{"uv":[11.0,10.0,11.5,10.5],"rotation":0,"texture":"#0","tintindex":0},"up":{"uv":[11.5,11.0,11.0,10.5],"rotation":0,"texture":"#0","tintindex":0},"west":{"uv":[10.5,11.0,11.0,11.5],"rotation":0,"texture":"#0","tintindex":0}}},{"name":"cube","from":[3.7399998,7.7,7.55],"to":[4.04,8.3,8.15],"rotation":{"angle":22.5,"axis":"y","origin":[8.0,7.1,8.0]},"faces":{"down":{"uv":[2.5,11.5,2.0,12.0],"rotation":0,"texture":"#0","tintindex":0},"east":{"uv":[0.5,11.5,1.0,12.0],"rotation":0,"texture":"#0","tintindex":0},"north":{"uv":[0.0,11.5,0.5,12.0],"rotation":0,"texture":"#0","tintindex":0},"south":{"uv":[1.0,11.5,1.5,12.0],"rotation":0,"texture":"#0","tintindex":0},"up":{"uv":[12.0,2.0,11.5,1.5],"rotation":0,"texture":"#0","tintindex":0},"west":{"uv":[1.5,11.5,2.0,12.0],"rotation":0,"texture":"#0","tintindex":0}}},{"name":"cube","from":[3.7399998,7.1,6.08],"to":[4.34,7.7,12.08],"rotation":{"angle":22.5,"axis":"y","origin":[8.0,7.1,8.0]},"faces":{"down":{"uv":[4.0,7.0,3.5,12.0],"rotation":0,"texture":"#0","tintindex":0},"east":{"uv":[3.0,6.0,8.0,6.5],"rotation":0,"texture":"#0","tintindex":0},"north":{"uv":[11.5,2.0,12.0,2.5],"rotation":0,"texture":"#0","tintindex":0},"south":{"uv":[2.5,11.5,3.0,12.0],"rotation":0,"texture":"#0","tintindex":0},"up":{"uv":[3.5,12.0,3.0,7.0],"rotation":0,"texture":"#0","tintindex":0},"west":{"uv":[3.0,6.5,8.0,7.0],"rotation":0,"texture":"#0","tintindex":0}}},{"name":"cube","from":[5.6,7.1,12.8],"to":[10.4,7.7,13.400001],"rotation":{"angle":0.0,"axis":"x","origin":[8.0,7.1,8.0]},"faces":{"down":{"uv":[12.0,7.0,8.0,7.5],"rotation":0,"texture":"#0","tintindex":0},"east":{"uv":[4.0,10.5,4.5,11.0],"rotation":0,"texture":"#0","tintindex":0},"north":{"uv":[8.0,5.0,12.0,5.5],"rotation":0,"texture":"#0","tintindex":0},"south":{"uv":[8.0,6.0,12.0,6.5],"rotation":0,"texture":"#0","tintindex":0},"up":{"uv":[12.0,7.0,8.0,6.5],"rotation":0,"texture":"#0","tintindex":0},"west":{"uv":[10.5,4.0,11.0,4.5],"rotation":0,"texture":"#0","tintindex":0}}}],"display":{"head":{"translation":[0.0,-6.4,0.0],"rotation":[0.0,0.0,0.0],"scale":[3.8095,3.8095,3.8095]}}}