{"textures":{"0":"modelengine:entity/bear_trap"},"elements":[{"name":"cube","from":[11.660001,7.1,3.9199996],"to":[12.26,7.7,9.92],"rotation":{"angle":22.5,"axis":"y","origin":[8.0,7.1,8.0]},"faces":{"down":{"uv":[1.0,5.5,0.5,10.5],"rotation":0,"texture":"#0","tintindex":0},"east":{"uv":[5.0,1.5,10.0,2.0],"rotation":0,"texture":"#0","tintindex":0},"north":{"uv":[6.0,8.5,6.5,9.0],"rotation":0,"texture":"#0","tintindex":0},"south":{"uv":[6.5,8.5,7.0,9.0],"rotation":0,"texture":"#0","tintindex":0},"up":{"uv":[0.5,10.5,0.0,5.5],"rotation":0,"texture":"#0","tintindex":0},"west":{"uv":[5.0,2.0,10.0,2.5],"rotation":0,"texture":"#0","tintindex":0}}},{"name":"cube","from":[11.96,7.7,8.6],"to":[12.26,8.3,9.2],"rotation":{"angle":22.5,"axis":"y","origin":[8.0,7.1,8.0]},"faces":{"down":{"uv":[7.5,10.0,7.0,10.5],"rotation":0,"texture":"#0","tintindex":0},"east":{"uv":[5.0,10.0,5.5,10.5],"rotation":0,"texture":"#0","tintindex":0},"north":{"uv":[10.0,4.5,10.5,5.0],"rotation":0,"texture":"#0","tintindex":0},"south":{"uv":[5.5,10.0,6.0,10.5],"rotation":0,"texture":"#0","tintindex":0},"up":{"uv":[7.0,10.5,6.5,10.0],"rotation":0,"texture":"#0","tintindex":0},"west":{"uv":[6.0,10.0,6.5,10.5],"rotation":0,"texture":"#0","tintindex":0}}},{"name":"cube","from":[3.7399998,7.7,7.1],"to":[4.04,8.3,7.7],"rotation":{"angle":-22.5,"axis":"y","origin":[8.0,7.1,8.0]},"faces":{"down":{"uv":[10.5,9.0,10.0,9.5],"rotation":0,"texture":"#0","tintindex":0},"east":{"uv":[8.0,10.0,8.5,10.5],"rotation":0,"texture":"#0","tintindex":0},"north":{"uv":[7.5,10.0,8.0,10.5],"rotation":0,"texture":"#0","tintindex":0},"south":{"uv":[8.5,10.0,9.0,10.5],"rotation":0,"texture":"#0","tintindex":0},"up":{"uv":[9.5,10.5,9.0,10.0],"rotation":0,"texture":"#0","tintindex":0},"west":{"uv":[10.0,8.5,10.5,9.0],"rotation":0,"texture":"#0","tintindex":0}}},{"name":"cube","from":[11.96,7.7,7.1],"to":[12.26,8.3,7.7],"rotation":{"angle":22.5,"axis":"y","origin":[8.0,7.1,8.0]},"faces":{"down":{"uv":[5.0,10.0,4.5,10.5],"rotation":0,"texture":"#0","tintindex":0},"east":{"uv":[10.0,3.0,10.5,3.5],"rotation":0,"texture":"#0","tintindex":0},"north":{"uv":[10.0,2.5,10.5,3.0],"rotation":0,"texture":"#0","tintindex":0},"south":{"uv":[10.0,3.5,10.5,4.0],"rotation":0,"texture":"#0","tintindex":0},"up":{"uv":[10.5,4.5,10.0,4.0],"rotation":0,"texture":"#0","tintindex":0},"west":{"uv":[4.0,10.0,4.5,10.5],"rotation":0,"texture":"#0","tintindex":0}}},{"name":"cube","from":[11.96,7.7,5.6],"to":[12.26,8.3,6.2],"rotation":{"angle":22.5,"axis":"y","origin":[8.0,7.1,8.0]},"faces":{"down":{"uv":[6.0,9.5,5.5,10.0],"rotation":0,"texture":"#0","tintindex":0},"east":{"uv":[9.0,9.0,9.5,9.5],"rotation":0,"texture":"#0","tintindex":0},"north":{"uv":[9.0,8.5,9.5,9.0],"rotation":0,"texture":"#0","tintindex":0},"south":{"uv":[4.0,9.5,4.5,10.0],"rotation":0,"texture":"#0","tintindex":0},"up":{"uv":[5.5,10.0,5.0,9.5],"rotation":0,"texture":"#0","tintindex":0},"west":{"uv":[4.5,9.5,5.0,10.0],"rotation":0,"texture":"#0","tintindex":0}}},{"name":"cube","from":[11.96,7.7,4.1],"to":[12.26,8.3,4.7],"rotation":{"angle":22.5,"axis":"y","origin":[8.0,7.1,8.0]},"faces":{"down":{"uv":[6.0,9.5,5.5,10.0],"rotation":0,"texture":"#0","tintindex":0},"east":{"uv":[9.0,9.0,9.5,9.5],"rotation":0,"texture":"#0","tintindex":0},"north":{"uv":[9.0,8.5,9.5,9.0],"rotation":0,"texture":"#0","tintindex":0},"south":{"uv":[4.0,9.5,4.5,10.0],"rotation":0,"texture":"#0","tintindex":0},"up":{"uv":[5.5,10.0,5.0,9.5],"rotation":0,"texture":"#0","tintindex":0},"west":{"uv":[4.5,9.5,5.0,10.0],"rotation":0,"texture":"#0","tintindex":0}}},{"name":"cube","from":[9.139999,7.7,2.6],"to":[9.74,8.3,2.8999999],"rotation":{"angle":0.0,"axis":"x","origin":[8.0,7.1,8.0]},"faces":{"down":{"uv":[9.0,9.0,8.5,9.5],"rotation":0,"texture":"#0","tintindex":0},"east":{"uv":[6.5,9.0,7.0,9.5],"rotation":0,"texture":"#0","tintindex":0},"north":{"uv":[6.0,9.0,6.5,9.5],"rotation":0,"texture":"#0","tintindex":0},"south":{"uv":[7.0,9.0,7.5,9.5],"rotation":0,"texture":"#0","tintindex":0},"up":{"uv":[8.5,9.5,8.0,9.0],"rotation":0,"texture":"#0","tintindex":0},"west":{"uv":[7.5,9.0,8.0,9.5],"rotation":0,"texture":"#0","tintindex":0}}},{"name":"cube","from":[7.7,7.7,2.6],"to":[8.3,8.3,2.8999999],"rotation":{"angle":0.0,"axis":"x","origin":[8.0,7.1,8.0]},"faces":{"down":{"uv":[9.0,9.5,8.5,10.0],"rotation":0,"texture":"#0","tintindex":0},"east":{"uv":[6.5,9.5,7.0,10.0],"rotation":0,"texture":"#0","tintindex":0},"north":{"uv":[6.0,9.5,6.5,10.0],"rotation":0,"texture":"#0","tintindex":0},"south":{"uv":[7.0,9.5,7.5,10.0],"rotation":0,"texture":"#0","tintindex":0},"up":{"uv":[8.5,10.0,8.0,9.5],"rotation":0,"texture":"#0","tintindex":0},"west":{"uv":[7.5,9.5,8.0,10.0],"rotation":0,"texture":"#0","tintindex":0}}},{"name":"cube","from":[6.26,7.7,2.6],"to":[6.8599997,8.3,2.8999999],"rotation":{"angle":0.0,"axis":"x","origin":[8.0,7.1,8.0]},"faces":{"down":{"uv":[6.0,9.0,5.5,9.5],"rotation":0,"texture":"#0","tintindex":0},"east":{"uv":[8.5,8.5,9.0,9.0],"rotation":0,"texture":"#0","tintindex":0},"north":{"uv":[8.0,8.5,8.5,9.0],"rotation":0,"texture":"#0","tintindex":0},"south":{"uv":[4.0,9.0,4.5,9.5],"rotation":0,"texture":"#0","tintindex":0},"up":{"uv":[5.5,9.5,5.0,9.0],"rotation":0,"texture":"#0","tintindex":0},"west":{"uv":[4.5,9.0,5.0,9.5],"rotation":0,"texture":"#0","tintindex":0}}},{"name":"cube","from":[3.7399998,7.7,5.6],"to":[4.04,8.3,6.2],"rotation":{"angle":-22.5,"axis":"y","origin":[8.0,7.1,8.0]},"faces":{"down":{"uv":[1.5,10.5,1.0,11.0],"rotation":0,"texture":"#0","tintindex":0},"east":{"uv":[10.0,9.5,10.5,10.0],"rotation":0,"texture":"#0","tintindex":0},"north":{"uv":[9.5,10.0,10.0,10.5],"rotation":0,"texture":"#0","tintindex":0},"south":{"uv":[10.0,10.0,10.5,10.5],"rotation":0,"texture":"#0","tintindex":0},"up":{"uv":[1.0,11.0,0.5,10.5],"rotation":0,"texture":"#0","tintindex":0},"west":{"uv":[0.0,10.5,0.5,11.0],"rotation":0,"texture":"#0","tintindex":0}}},{"name":"cube","from":[3.7399998,7.7,4.1],"to":[4.04,8.3,4.7],"rotation":{"angle":-22.5,"axis":"y","origin":[8.0,7.1,8.0]},"faces":{"down":{"uv":[11.0,3.5,10.5,4.0],"rotation":0,"texture":"#0","tintindex":0},"east":{"uv":[10.5,1.5,11.0,2.0],"rotation":0,"texture":"#0","tintindex":0},"north":{"uv":[1.5,10.5,2.0,11.0],"rotation":0,"texture":"#0","tintindex":0},"south":{"uv":[10.5,2.0,11.0,2.5],"rotation":0,"texture":"#0","tintindex":0},"up":{"uv":[11.0,3.5,10.5,3.0],"rotation":0,"texture":"#0","tintindex":0},"west":{"uv":[10.5,2.5,11.0,3.0],"rotation":0,"texture":"#0","tintindex":0}}},{"name":"cube","from":[3.7399998,7.1,3.9199996],"to":[4.34,7.7,9.92],"rotation":{"angle":-22.5,"axis":"y","origin":[8.0,7.1,8.0]},"faces":{"down":{"uv":[2.0,5.5,1.5,10.5],"rotation":0,"texture":"#0","tintindex":0},"east":{"uv":[5.0,2.5,10.0,3.0],"rotation":0,"texture":"#0","tintindex":0},"north":{"uv":[7.0,8.5,7.5,9.0],"rotation":0,"texture":"#0","tintindex":0},"south":{"uv":[7.5,8.5,8.0,9.0],"rotation":0,"texture":"#0","tintindex":0},"up":{"uv":[1.5,10.5,1.0,5.5],"rotation":0,"texture":"#0","tintindex":0},"west":{"uv":[5.0,3.0,10.0,3.5],"rotation":0,"texture":"#0","tintindex":0}}},{"name":"cube","from":[5.6,7.1,2.6],"to":[10.4,7.7,3.1999998],"rotation":{"angle":0.0,"axis":"x","origin":[8.0,7.1,8.0]},"faces":{"down":{"uv":[8.0,8.0,4.0,8.5],"rotation":0,"texture":"#0","tintindex":0},"east":{"uv":[5.0,8.5,5.5,9.0],"rotation":0,"texture":"#0","tintindex":0},"north":{"uv":[4.0,7.0,8.0,7.5],"rotation":0,"texture":"#0","tintindex":0},"south":{"uv":[7.0,5.5,11.0,6.0],"rotation":0,"texture":"#0","tintindex":0},"up":{"uv":[8.0,8.0,4.0,7.5],"rotation":0,"texture":"#0","tintindex":0},"west":{"uv":[5.5,8.5,6.0,9.0],"rotation":0,"texture":"#0","tintindex":0}}}],"display":{"head":{"translation":[0.0,-6.4,0.0],"rotation":[0.0,0.0,0.0],"scale":[3.8095,3.8095,3.8095]}}}