{"textures":{"0":"modelengine:entity/goblin_miner","1":"modelengine:entity/iron_pickaxe"},"elements":[{"name":"cube","from":[8.6,0.19999981,12.2],"to":[11.0,3.1999998,15.8],"rotation":{"angle":-22.5,"axis":"x","origin":[8.0,-2.8000002,4.3999996]},"faces":{"down":{"uv":[7.0,0.75,6.5,1.5],"rotation":0,"texture":"#0","tintindex":0},"east":{"uv":[5.875,4.5,6.625,5.125],"rotation":0,"texture":"#0","tintindex":0},"north":{"uv":[6.25,6.625,6.75,7.25],"rotation":0,"texture":"#0","tintindex":0},"south":{"uv":[6.625,4.125,7.125,4.75],"rotation":0,"texture":"#0","tintindex":0},"up":{"uv":[7.0,0.75,6.5,0.0],"rotation":0,"texture":"#0","tintindex":0},"west":{"uv":[6.0,6.0,6.75,6.625],"rotation":0,"texture":"#0","tintindex":0}}}],"display":{"head":{"translation":[0.0,-6.4,0.0],"rotation":[0.0,0.0,0.0],"scale":[3.8095,3.8095,3.8095]}}}