{"textures":{"0":"modelengine:entity/goblin_miner","1":"modelengine:entity/iron_pickaxe"},"elements":[{"name":"cube","from":[5.6,6.2,3.1999998],"to":[10.4,11.0,8.0],"rotation":{"angle":0.0,"axis":"x","origin":[8.0,-7.000001,5.0]},"faces":{"down":{"uv":[1.0,4.5,0.0,5.5],"rotation":0,"texture":"#0","tintindex":0},"east":{"uv":[2.75,4.25,3.75,5.25],"rotation":0,"texture":"#0","tintindex":0},"north":{"uv":[4.125,1.375,5.125,2.375],"rotation":0,"texture":"#0","tintindex":0},"south":{"uv":[3.75,4.25,4.75,5.25],"rotation":0,"texture":"#0","tintindex":0},"up":{"uv":[5.375,3.375,4.375,2.375],"rotation":0,"texture":"#0","tintindex":0},"west":{"uv":[4.375,0.0,5.375,1.0],"rotation":0,"texture":"#0","tintindex":0}}},{"name":"cube","from":[5.6,6.2,1.9999998],"to":[10.4,8.0,3.1999998],"rotation":{"angle":0.0,"axis":"x","origin":[8.0,-7.000001,5.0]},"faces":{"down":{"uv":[7.625,4.75,6.625,5.0],"rotation":0,"texture":"#0","tintindex":0},"east":{"uv":[5.625,3.625,5.875,4.0],"rotation":0,"texture":"#0","tintindex":0},"north":{"uv":[2.75,6.125,3.75,6.5],"rotation":0,"texture":"#0","tintindex":0},"south":{"uv":[2.0,6.5,3.0,6.875],"rotation":0,"texture":"#0","tintindex":0},"up":{"uv":[7.5,6.0,6.5,5.75],"rotation":0,"texture":"#0","tintindex":0},"west":{"uv":[2.0,5.75,2.25,6.125],"rotation":0,"texture":"#0","tintindex":0}}},{"name":"cube","from":[5.6,8.0,2.6],"to":[6.2,9.2,3.1999998],"rotation":{"angle":0.0,"axis":"x","origin":[8.0,-8.200001,5.0]},"faces":{"down":{"uv":[6.0,5.125,5.875,5.25],"rotation":0,"texture":"#0","tintindex":0},"east":{"uv":[5.0,1.0,5.125,1.25],"rotation":0,"texture":"#0","tintindex":0},"north":{"uv":[2.75,3.875,2.875,4.125],"rotation":0,"texture":"#0","tintindex":0},"south":{"uv":[4.625,6.125,4.75,6.375],"rotation":0,"texture":"#0","tintindex":0},"up":{"uv":[6.0,1.875,5.875,1.75],"rotation":0,"texture":"#0","tintindex":0},"west":{"uv":[2.625,6.25,2.75,6.5],"rotation":0,"texture":"#0","tintindex":0}}},{"name":"cube","from":[9.8,8.0,2.6],"to":[10.4,9.2,3.1999998],"rotation":{"angle":0.0,"axis":"x","origin":[8.0,-8.200001,5.0]},"faces":{"down":{"uv":[2.25,6.125,2.125,6.25],"rotation":0,"texture":"#0","tintindex":0},"east":{"uv":[3.625,6.5,3.75,6.75],"rotation":0,"texture":"#0","tintindex":0},"north":{"uv":[3.5,6.5,3.625,6.75],"rotation":0,"texture":"#0","tintindex":0},"south":{"uv":[5.125,6.5,5.25,6.75],"rotation":0,"texture":"#0","tintindex":0},"up":{"uv":[2.125,6.25,2.0,6.125],"rotation":0,"texture":"#0","tintindex":0},"west":{"uv":[6.5,4.125,6.625,4.375],"rotation":0,"texture":"#0","tintindex":0}}},{"name":"cube","from":[7.4,5.0,-4.0000005],"to":[8.6,7.4,-2.8000002],"rotation":{"angle":22.5,"axis":"x","origin":[8.0,-7.000001,5.0]},"faces":{"down":{"uv":[6.0,6.375,5.75,6.625],"rotation":0,"texture":"#0","tintindex":0},"east":{"uv":[2.0,5.25,2.25,5.75],"rotation":0,"texture":"#0","tintindex":0},"north":{"uv":[4.125,2.375,4.375,2.875],"rotation":0,"texture":"#0","tintindex":0},"south":{"uv":[5.375,2.375,5.625,2.875],"rotation":0,"texture":"#0","tintindex":0},"up":{"uv":[6.0,6.375,5.75,6.125],"rotation":0,"texture":"#0","tintindex":0},"west":{"uv":[5.375,2.875,5.625,3.375],"rotation":0,"texture":"#0","tintindex":0}}},{"name":"cube","from":[5.0,6.8,-1.6000004],"to":[5.6,11.0,1.3999997],"rotation":{"angle":22.5,"axis":"x","origin":[8.0,-7.000001,5.0]},"faces":{"down":{"uv":[1.0,6.375,0.875,7.0],"rotation":0,"texture":"#0","tintindex":0},"east":{"uv":[5.25,4.125,5.875,5.0],"rotation":0,"texture":"#0","tintindex":0},"north":{"uv":[2.75,3.0,2.875,3.875],"rotation":0,"texture":"#0","tintindex":0},"south":{"uv":[4.625,5.25,4.75,6.125],"rotation":0,"texture":"#0","tintindex":0},"up":{"uv":[0.875,7.0,0.75,6.375],"rotation":0,"texture":"#0","tintindex":0},"west":{"uv":[5.375,0.0,6.0,0.875],"rotation":0,"texture":"#0","tintindex":0}}},{"name":"cube","from":[4.3999996,10.4,-1.0000005],"to":[5.0,11.0,1.3999997],"rotation":{"angle":22.5,"axis":"x","origin":[8.0,-7.000001,5.0]},"faces":{"down":{"uv":[0.75,7.25,0.625,7.75],"rotation":0,"texture":"#0","tintindex":0},"east":{"uv":[4.375,1.25,4.875,1.375],"rotation":0,"texture":"#0","tintindex":0},"north":{"uv":[4.875,1.25,5.0,1.375],"rotation":0,"texture":"#0","tintindex":0},"south":{"uv":[5.0,1.25,5.125,1.375],"rotation":0,"texture":"#0","tintindex":0},"up":{"uv":[5.625,2.375,5.5,1.875],"rotation":0,"texture":"#0","tintindex":0},"west":{"uv":[5.375,0.875,5.875,1.0],"rotation":0,"texture":"#0","tintindex":0}}},{"name":"cube","from":[11.0,10.4,-1.0000005],"to":[11.6,11.0,1.3999997],"rotation":{"angle":22.5,"axis":"x","origin":[8.0,-7.000001,5.0]},"faces":{"down":{"uv":[3.25,7.25,3.125,7.75],"rotation":0,"texture":"#0","tintindex":0},"east":{"uv":[6.0,3.5,6.5,3.625],"rotation":0,"texture":"#0","tintindex":0},"north":{"uv":[5.625,4.0,5.75,4.125],"rotation":0,"texture":"#0","tintindex":0},"south":{"uv":[5.75,4.0,5.875,4.125],"rotation":0,"texture":"#0","tintindex":0},"up":{"uv":[3.125,7.75,3.0,7.25],"rotation":0,"texture":"#0","tintindex":0},"west":{"uv":[7.125,4.625,7.625,4.75],"rotation":0,"texture":"#0","tintindex":0}}},{"name":"cube","from":[10.4,6.8,-1.6000004],"to":[11.0,11.0,1.3999997],"rotation":{"angle":22.5,"axis":"x","origin":[8.0,-7.000001,5.0]},"faces":{"down":{"uv":[0.625,7.25,0.5,7.875],"rotation":0,"texture":"#0","tintindex":0},"east":{"uv":[5.875,0.875,6.5,1.75],"rotation":0,"texture":"#0","tintindex":0},"north":{"uv":[0.75,5.5,0.875,6.375],"rotation":0,"texture":"#0","tintindex":0},"south":{"uv":[0.875,5.5,1.0,6.375],"rotation":0,"texture":"#0","tintindex":0},"up":{"uv":[0.5,7.875,0.375,7.25],"rotation":0,"texture":"#0","tintindex":0},"west":{"uv":[5.875,3.625,6.5,4.5],"rotation":0,"texture":"#0","tintindex":0}}},{"name":"cube","from":[11.0,6.8,-1.6000004],"to":[11.6,11.0,-1.0000005],"rotation":{"angle":22.5,"axis":"x","origin":[8.0,-7.000001,5.0]},"faces":{"down":{"uv":[4.5,4.125,4.375,4.25],"rotation":0,"texture":"#0","tintindex":0},"east":{"uv":[2.875,6.875,3.0,7.75],"rotation":0,"texture":"#0","tintindex":0},"north":{"uv":[2.75,6.875,2.875,7.75],"rotation":0,"texture":"#0","tintindex":0},"south":{"uv":[5.5,6.875,5.625,7.75],"rotation":0,"texture":"#0","tintindex":0},"up":{"uv":[2.875,4.25,2.75,4.125],"rotation":0,"texture":"#0","tintindex":0},"west":{"uv":[5.625,6.875,5.75,7.75],"rotation":0,"texture":"#0","tintindex":0}}},{"name":"cube","from":[4.3999996,6.8,-1.6000004],"to":[5.0,11.0,-1.0000005],"rotation":{"angle":22.5,"axis":"x","origin":[8.0,-7.000001,5.0]},"faces":{"down":{"uv":[4.75,4.125,4.625,4.25],"rotation":0,"texture":"#0","tintindex":0},"east":{"uv":[0.0,7.25,0.125,8.125],"rotation":0,"texture":"#0","tintindex":0},"north":{"uv":[1.875,7.0,2.0,7.875],"rotation":0,"texture":"#0","tintindex":0},"south":{"uv":[0.125,7.25,0.25,8.125],"rotation":0,"texture":"#0","tintindex":0},"up":{"uv":[4.625,4.25,4.5,4.125],"rotation":0,"texture":"#0","tintindex":0},"west":{"uv":[0.25,7.25,0.375,8.125],"rotation":0,"texture":"#0","tintindex":0}}}],"display":{"head":{"translation":[0.0,-6.4,0.0],"rotation":[0.0,0.0,0.0],"scale":[3.8095,3.8095,3.8095]}}}