{"textures":{"0":"modelengine:entity/goblin_miner","1":"modelengine:entity/iron_pickaxe"},"elements":[{"name":"iron_pickaxe_0","from":[8.6,14.0,3.1999998],"to":[9.2,14.6,6.2],"rotation":{"angle":0.0,"axis":"x","origin":[11.6,10.4,6.2]},"faces":{"down":{"uv":[0.75,0.25,1.375,0.375],"rotation":90,"texture":"#0","tintindex":0},"east":{"uv":[0.75,8.25,1.375,8.375],"rotation":0,"texture":"#0","tintindex":0},"north":{"uv":[9.5,2.25,9.625,2.375],"rotation":0,"texture":"#0","tintindex":0},"south":{"uv":[1.75,8.875,1.875,9.0],"rotation":0,"texture":"#0","tintindex":0},"up":{"uv":[9.0,0.0,8.375,0.125],"rotation":90,"texture":"#0","tintindex":0},"west":{"uv":[0.75,8.375,1.375,8.25],"rotation":180,"texture":"#0","tintindex":0}}},{"name":"iron_pickaxe_1","from":[8.6,13.400001,1.3999997],"to":[9.2,14.0,6.8],"rotation":{"angle":0.0,"axis":"x","origin":[11.6,10.4,6.2]},"faces":{"down":{"uv":[4.5,8.0,5.625,8.125],"rotation":90,"texture":"#0","tintindex":0},"east":{"uv":[0.625,8.375,1.75,8.5],"rotation":0,"texture":"#0","tintindex":0},"north":{"uv":[1.625,0.375,1.75,0.5],"rotation":0,"texture":"#0","tintindex":0},"south":{"uv":[1.75,9.0,1.875,9.125],"rotation":0,"texture":"#0","tintindex":0},"up":{"uv":[10.0,1.25,8.875,1.375],"rotation":90,"texture":"#0","tintindex":0},"west":{"uv":[0.625,8.5,1.75,8.375],"rotation":180,"texture":"#0","tintindex":0}}},{"name":"iron_pickaxe_2","from":[8.6,12.8,1.3999997],"to":[9.2,13.400001,6.2],"rotation":{"angle":0.0,"axis":"x","origin":[11.6,10.4,6.2]},"faces":{"down":{"uv":[3.875,8.625,4.875,8.75],"rotation":90,"texture":"#0","tintindex":0},"east":{"uv":[0.75,8.5,1.75,8.625],"rotation":0,"texture":"#0","tintindex":0},"north":{"uv":[1.75,8.875,1.875,9.0],"rotation":0,"texture":"#0","tintindex":0},"south":{"uv":[1.75,9.125,1.875,9.25],"rotation":0,"texture":"#0","tintindex":0},"up":{"uv":[1.75,0.5,0.75,0.625],"rotation":90,"texture":"#0","tintindex":0},"west":{"uv":[0.75,8.625,1.75,8.5],"rotation":180,"texture":"#0","tintindex":0}}},{"name":"iron_pickaxe_3","from":[8.6,12.2,1.3999997],"to":[9.2,12.8,3.7999997],"rotation":{"angle":0.0,"axis":"x","origin":[11.6,10.4,6.2]},"faces":{"down":{"uv":[1.25,0.625,1.75,0.75],"rotation":90,"texture":"#0","tintindex":0},"east":{"uv":[1.25,8.625,1.75,8.75],"rotation":0,"texture":"#0","tintindex":0},"north":{"uv":[1.75,8.875,1.875,9.0],"rotation":0,"texture":"#0","tintindex":0},"south":{"uv":[3.5,3.5,3.625,3.625],"rotation":0,"texture":"#0","tintindex":0},"up":{"uv":[1.75,0.625,1.25,0.75],"rotation":90,"texture":"#0","tintindex":0},"west":{"uv":[1.25,8.75,1.75,8.625],"rotation":180,"texture":"#0","tintindex":0}}},{"name":"iron_pickaxe_4","from":[8.6,11.6,0.7999997],"to":[9.2,12.2,4.3999996],"rotation":{"angle":0.0,"axis":"x","origin":[11.6,10.4,6.2]},"faces":{"down":{"uv":[3.375,8.0,4.125,8.125],"rotation":90,"texture":"#0","tintindex":0},"east":{"uv":[1.125,8.75,1.875,8.875],"rotation":0,"texture":"#0","tintindex":0},"north":{"uv":[1.75,9.0,1.875,9.125],"rotation":0,"texture":"#0","tintindex":0},"south":{"uv":[3.75,3.5,3.875,3.625],"rotation":0,"texture":"#0","tintindex":0},"up":{"uv":[4.125,8.75,3.375,8.875],"rotation":90,"texture":"#0","tintindex":0},"west":{"uv":[1.125,8.875,1.875,8.75],"rotation":180,"texture":"#0","tintindex":0}}},{"name":"iron_pickaxe_5","from":[8.6,11.0,3.1999998],"to":[9.2,11.6,5.0],"rotation":{"angle":0.0,"axis":"x","origin":[11.6,10.4,6.2]},"faces":{"down":{"uv":[3.25,3.25,3.625,3.375],"rotation":90,"texture":"#0","tintindex":0},"east":{"uv":[1.0,8.875,1.375,9.0],"rotation":0,"texture":"#0","tintindex":0},"north":{"uv":[1.625,0.375,1.75,0.5],"rotation":0,"texture":"#0","tintindex":0},"south":{"uv":[3.875,3.375,4.0,3.5],"rotation":0,"texture":"#0","tintindex":0},"up":{"uv":[4.0,3.375,3.625,3.5],"rotation":90,"texture":"#0","tintindex":0},"west":{"uv":[1.0,9.0,1.375,8.875],"rotation":180,"texture":"#0","tintindex":0}}},{"name":"iron_pickaxe_6","from":[8.6,11.0,0.7999997],"to":[9.2,11.6,2.6],"rotation":{"angle":0.0,"axis":"x","origin":[11.6,10.4,6.2]},"faces":{"down":{"uv":[1.5,0.875,1.875,1.0],"rotation":90,"texture":"#0","tintindex":0},"east":{"uv":[1.5,8.875,1.875,9.0],"rotation":0,"texture":"#0","tintindex":0},"north":{"uv":[1.75,9.0,1.875,9.125],"rotation":0,"texture":"#0","tintindex":0},"south":{"uv":[1.75,8.875,1.875,9.0],"rotation":0,"texture":"#0","tintindex":0},"up":{"uv":[1.875,0.875,1.5,1.0],"rotation":90,"texture":"#0","tintindex":0},"west":{"uv":[1.5,9.0,1.875,8.875],"rotation":180,"texture":"#0","tintindex":0}}},{"name":"iron_pickaxe_7","from":[8.6,10.4,3.7999997],"to":[9.2,11.0,5.6],"rotation":{"angle":0.0,"axis":"x","origin":[11.6,10.4,6.2]},"faces":{"down":{"uv":[3.375,3.625,3.75,3.75],"rotation":90,"texture":"#0","tintindex":0},"east":{"uv":[1.0,8.875,1.375,9.0],"rotation":0,"texture":"#0","tintindex":0},"north":{"uv":[3.625,3.375,3.75,3.5],"rotation":0,"texture":"#0","tintindex":0},"south":{"uv":[3.5,3.25,3.625,3.375],"rotation":0,"texture":"#0","tintindex":0},"up":{"uv":[3.75,3.375,3.375,3.5],"rotation":90,"texture":"#0","tintindex":0},"west":{"uv":[0.875,9.125,1.25,9.0],"rotation":180,"texture":"#0","tintindex":0}}},{"name":"iron_pickaxe_8","from":[8.6,10.4,0.7999997],"to":[9.2,11.0,2.6],"rotation":{"angle":0.0,"axis":"x","origin":[11.6,10.4,6.2]},"faces":{"down":{"uv":[1.5,1.0,1.875,1.125],"rotation":90,"texture":"#0","tintindex":0},"east":{"uv":[1.5,8.875,1.875,9.0],"rotation":0,"texture":"#0","tintindex":0},"north":{"uv":[1.75,9.0,1.875,9.125],"rotation":0,"texture":"#0","tintindex":0},"south":{"uv":[1.5,9.125,1.625,9.25],"rotation":0,"texture":"#0","tintindex":0},"up":{"uv":[1.875,1.0,1.5,1.125],"rotation":90,"texture":"#0","tintindex":0},"west":{"uv":[1.5,9.125,1.875,9.0],"rotation":180,"texture":"#0","tintindex":0}}},{"name":"iron_pickaxe_9","from":[8.6,9.8,4.3999996],"to":[9.2,10.4,6.2],"rotation":{"angle":0.0,"axis":"x","origin":[11.6,10.4,6.2]},"faces":{"down":{"uv":[3.5,3.5,3.875,3.625],"rotation":90,"texture":"#0","tintindex":0},"east":{"uv":[0.875,9.0,1.25,9.125],"rotation":0,"texture":"#0","tintindex":0},"north":{"uv":[3.25,3.25,3.375,3.375],"rotation":0,"texture":"#0","tintindex":0},"south":{"uv":[3.75,3.625,3.875,3.75],"rotation":0,"texture":"#0","tintindex":0},"up":{"uv":[4.0,3.5,3.625,3.625],"rotation":90,"texture":"#0","tintindex":0},"west":{"uv":[0.75,9.25,1.125,9.125],"rotation":180,"texture":"#0","tintindex":0}}},{"name":"iron_pickaxe_10","from":[8.6,9.8,0.7999997],"to":[9.2,10.4,2.6],"rotation":{"angle":0.0,"axis":"x","origin":[11.6,10.4,6.2]},"faces":{"down":{"uv":[1.5,1.125,1.875,1.25],"rotation":90,"texture":"#0","tintindex":0},"east":{"uv":[1.5,9.125,1.875,9.25],"rotation":0,"texture":"#0","tintindex":0},"north":{"uv":[1.75,8.875,1.875,9.0],"rotation":0,"texture":"#0","tintindex":0},"south":{"uv":[1.75,9.125,1.875,9.25],"rotation":0,"texture":"#0","tintindex":0},"up":{"uv":[1.875,1.125,1.5,1.25],"rotation":90,"texture":"#0","tintindex":0},"west":{"uv":[1.5,9.25,1.875,9.125],"rotation":180,"texture":"#0","tintindex":0}}},{"name":"iron_pickaxe_11","from":[8.6,9.2,5.0],"to":[9.2,9.8,6.8],"rotation":{"angle":0.0,"axis":"x","origin":[11.6,10.4,6.2]},"faces":{"down":{"uv":[3.5,3.375,3.875,3.5],"rotation":90,"texture":"#0","tintindex":0},"east":{"uv":[0.75,9.125,1.125,9.25],"rotation":0,"texture":"#0","tintindex":0},"north":{"uv":[3.875,3.375,4.0,3.5],"rotation":0,"texture":"#0","tintindex":0},"south":{"uv":[3.875,3.375,4.0,3.5],"rotation":0,"texture":"#0","tintindex":0},"up":{"uv":[3.75,3.5,3.375,3.625],"rotation":90,"texture":"#0","tintindex":0},"west":{"uv":[0.625,9.375,1.0,9.25],"rotation":180,"texture":"#0","tintindex":0}}},{"name":"iron_pickaxe_12","from":[8.6,9.2,0.7999997],"to":[9.2,9.8,2.6],"rotation":{"angle":0.0,"axis":"x","origin":[11.6,10.4,6.2]},"faces":{"down":{"uv":[1.5,9.25,1.875,9.375],"rotation":90,"texture":"#0","tintindex":0},"east":{"uv":[1.5,9.25,1.875,9.375],"rotation":0,"texture":"#0","tintindex":0},"north":{"uv":[1.75,9.125,1.875,9.25],"rotation":0,"texture":"#0","tintindex":0},"south":{"uv":[1.5,9.0,1.625,9.125],"rotation":0,"texture":"#0","tintindex":0},"up":{"uv":[1.875,1.25,1.5,1.375],"rotation":90,"texture":"#0","tintindex":0},"west":{"uv":[1.5,9.375,1.875,9.25],"rotation":180,"texture":"#0","tintindex":0}}},{"name":"iron_pickaxe_13","from":[8.6,8.6,5.6],"to":[9.2,9.2,7.4],"rotation":{"angle":0.0,"axis":"x","origin":[11.6,10.4,6.2]},"faces":{"down":{"uv":[3.375,3.25,3.75,3.375],"rotation":90,"texture":"#0","tintindex":0},"east":{"uv":[0.5,9.375,0.875,9.5],"rotation":0,"texture":"#0","tintindex":0},"north":{"uv":[3.875,3.375,4.0,3.5],"rotation":0,"texture":"#0","tintindex":0},"south":{"uv":[3.375,3.625,3.5,3.75],"rotation":0,"texture":"#0","tintindex":0},"up":{"uv":[3.875,3.5,3.5,3.625],"rotation":90,"texture":"#0","tintindex":0},"west":{"uv":[0.5,9.5,0.875,9.375],"rotation":180,"texture":"#0","tintindex":0}}},{"name":"iron_pickaxe_14","from":[8.6,8.6,1.3999997],"to":[9.2,9.2,1.9999998],"rotation":{"angle":0.0,"axis":"x","origin":[11.6,10.4,6.2]},"faces":{"down":{"uv":[1.75,9.125,1.875,9.25],"rotation":90,"texture":"#0","tintindex":0},"east":{"uv":[1.625,9.375,1.75,9.5],"rotation":0,"texture":"#0","tintindex":0},"north":{"uv":[1.75,9.0,1.875,9.125],"rotation":0,"texture":"#0","tintindex":0},"south":{"uv":[1.75,9.0,1.875,9.125],"rotation":0,"texture":"#0","tintindex":0},"up":{"uv":[1.75,1.375,1.625,1.5],"rotation":90,"texture":"#0","tintindex":0},"west":{"uv":[1.625,9.5,1.75,9.375],"rotation":180,"texture":"#0","tintindex":0}}},{"name":"iron_pickaxe_15","from":[8.6,8.0,6.2],"to":[9.2,8.6,8.0],"rotation":{"angle":0.0,"axis":"x","origin":[11.6,10.4,6.2]},"faces":{"down":{"uv":[3.75,3.25,4.125,3.375],"rotation":90,"texture":"#0","tintindex":0},"east":{"uv":[0.375,9.5,0.75,9.625],"rotation":0,"texture":"#0","tintindex":0},"north":{"uv":[3.625,3.5,3.75,3.625],"rotation":0,"texture":"#0","tintindex":0},"south":{"uv":[3.625,3.375,3.75,3.5],"rotation":0,"texture":"#0","tintindex":0},"up":{"uv":[4.125,3.5,3.75,3.625],"rotation":90,"texture":"#0","tintindex":0},"west":{"uv":[0.375,9.625,0.75,9.5],"rotation":180,"texture":"#0","tintindex":0}}},{"name":"iron_pickaxe_16","from":[8.6,7.4,6.8],"to":[9.2,8.0,8.6],"rotation":{"angle":0.0,"axis":"x","origin":[11.6,10.4,6.2]},"faces":{"down":{"uv":[3.125,3.5,3.5,3.625],"rotation":90,"texture":"#0","tintindex":0},"east":{"uv":[0.25,9.625,0.625,9.75],"rotation":0,"texture":"#0","tintindex":0},"north":{"uv":[3.75,3.5,3.875,3.625],"rotation":0,"texture":"#0","tintindex":0},"south":{"uv":[0.25,1.625,0.375,1.75],"rotation":0,"texture":"#0","tintindex":0},"up":{"uv":[4.0,3.625,3.625,3.75],"rotation":90,"texture":"#0","tintindex":0},"west":{"uv":[0.25,9.75,0.625,9.625],"rotation":180,"texture":"#0","tintindex":0}}},{"name":"iron_pickaxe_17","from":[8.6,6.8,7.4],"to":[9.2,7.4,8.6],"rotation":{"angle":0.0,"axis":"x","origin":[11.6,10.4,6.2]},"faces":{"down":{"uv":[3.375,3.625,3.625,3.75],"rotation":90,"texture":"#0","tintindex":0},"east":{"uv":[0.25,9.75,0.5,9.875],"rotation":0,"texture":"#0","tintindex":0},"north":{"uv":[3.625,3.5,3.75,3.625],"rotation":0,"texture":"#0","tintindex":0},"south":{"uv":[0.25,1.75,0.375,1.875],"rotation":0,"texture":"#0","tintindex":0},"up":{"uv":[0.5,1.75,0.25,1.875],"rotation":90,"texture":"#0","tintindex":0},"west":{"uv":[0.25,9.875,0.5,9.75],"rotation":180,"texture":"#0","tintindex":0}}}],"display":{"head":{"translation":[0.0,-6.4,0.0],"rotation":[0.0,0.0,0.0],"scale":[3.8095,3.8095,3.8095]}}}