{"textures":{"0":"modelengine:entity/goblin_miner","1":"modelengine:entity/iron_pickaxe"},"elements":[{"name":"cube","from":[2.6,-0.40000033,5.6],"to":[4.3999996,2.6,7.4],"rotation":{"angle":-22.5,"axis":"x","origin":[-1.0000005,0.19999981,1.3999997]},"faces":{"down":{"uv":[7.5,4.25,7.125,4.625],"rotation":0,"texture":"#0","tintindex":0},"east":{"uv":[1.5,7.0,1.875,7.625],"rotation":0,"texture":"#0","tintindex":0},"north":{"uv":[1.125,7.0,1.5,7.625],"rotation":0,"texture":"#0","tintindex":0},"south":{"uv":[4.25,7.0,4.625,7.625],"rotation":0,"texture":"#0","tintindex":0},"up":{"uv":[7.5,4.25,7.125,3.875],"rotation":0,"texture":"#0","tintindex":0},"west":{"uv":[7.0,0.0,7.375,0.625],"rotation":0,"texture":"#0","tintindex":0}}},{"name":"cube","from":[2.6,2.6,5.6],"to":[4.3999996,5.0,8.6],"rotation":{"angle":-22.5,"axis":"x","origin":[-1.0000005,0.19999981,1.3999997]},"faces":{"down":{"uv":[1.125,7.0,0.75,7.625],"rotation":0,"texture":"#0","tintindex":0},"east":{"uv":[6.5,3.125,7.125,3.625],"rotation":0,"texture":"#0","tintindex":0},"north":{"uv":[7.0,2.5,7.375,3.0],"rotation":0,"texture":"#0","tintindex":0},"south":{"uv":[7.0,5.0,7.375,5.5],"rotation":0,"texture":"#0","tintindex":0},"up":{"uv":[5.5,7.5,5.125,6.875],"rotation":0,"texture":"#0","tintindex":0},"west":{"uv":[6.5,3.625,7.125,4.125],"rotation":0,"texture":"#0","tintindex":0}}},{"name":"cube","from":[1.9999998,2.6,8.6],"to":[4.3999996,6.8,12.2],"rotation":{"angle":-22.5,"axis":"x","origin":[-1.0000005,0.19999981,1.3999997]},"faces":{"down":{"uv":[5.125,6.5,4.625,7.25],"rotation":0,"texture":"#0","tintindex":0},"east":{"uv":[3.5,5.25,4.25,6.125],"rotation":0,"texture":"#0","tintindex":0},"north":{"uv":[6.0,2.625,6.5,3.5],"rotation":0,"texture":"#0","tintindex":0},"south":{"uv":[6.0,5.125,6.5,6.0],"rotation":0,"texture":"#0","tintindex":0},"up":{"uv":[3.5,7.25,3.0,6.5],"rotation":0,"texture":"#0","tintindex":0},"west":{"uv":[5.25,5.25,6.0,6.125],"rotation":0,"texture":"#0","tintindex":0}}}],"display":{"head":{"translation":[0.0,-6.4,0.0],"rotation":[0.0,0.0,0.0],"scale":[3.8095,3.8095,3.8095]}}}