{"textures":{"0":"modelengine:entity/goblin_miner","1":"modelengine:entity/iron_pickaxe"},"elements":[{"name":"cube","from":[6.8,0.19999981,6.8],"to":[8.6,8.6,9.2],"rotation":{"angle":0.0,"axis":"x","origin":[9.8,-5.200001,5.6]},"faces":{"down":{"uv":[7.5,3.0,7.125,3.5],"rotation":0,"texture":"#0","tintindex":0},"east":{"uv":[1.0,5.25,1.5,7.0],"rotation":0,"texture":"#0","tintindex":0},"north":{"uv":[0.375,5.5,0.75,7.25],"rotation":0,"texture":"#0","tintindex":0},"south":{"uv":[5.625,1.875,6.0,3.625],"rotation":0,"texture":"#0","tintindex":0},"up":{"uv":[7.5,2.125,7.125,1.625],"rotation":0,"texture":"#0","tintindex":0},"west":{"uv":[1.5,5.25,2.0,7.0],"rotation":0,"texture":"#0","tintindex":0}}}],"display":{"head":{"translation":[0.0,-6.4,0.0],"rotation":[0.0,0.0,0.0],"scale":[3.8095,3.8095,3.8095]}}}