{"textures":{"0":"modelengine:entity/goblin_miner","1":"modelengine:entity/iron_pickaxe"},"elements":[{"name":"cube","from":[6.8,0.19999981,6.8],"to":[8.6,8.6,9.2],"rotation":{"angle":0.0,"axis":"x","origin":[1.9999998,-5.200001,5.6]},"faces":{"down":{"uv":[7.5,1.125,7.125,1.625],"rotation":0,"texture":"#0","tintindex":0},"east":{"uv":[2.25,4.5,2.75,6.25],"rotation":0,"texture":"#0","tintindex":0},"north":{"uv":[4.25,5.25,4.625,7.0],"rotation":0,"texture":"#0","tintindex":0},"south":{"uv":[0.0,5.5,0.375,7.25],"rotation":0,"texture":"#0","tintindex":0},"up":{"uv":[7.5,7.625,7.125,7.125],"rotation":0,"texture":"#0","tintindex":0},"west":{"uv":[4.75,4.75,5.25,6.5],"rotation":0,"texture":"#0","tintindex":0}}}],"display":{"head":{"translation":[0.0,-6.4,0.0],"rotation":[0.0,0.0,0.0],"scale":[3.8095,3.8095,3.8095]}}}