{"textures":{"0":"modelengine:entity/goblin_miner","1":"modelengine:entity/iron_pickaxe"},"elements":[{"name":"rightfeet","from":[11.0,7.4,5.6],"to":[13.400001,8.6,8.6],"rotation":{"angle":0.0,"axis":"x","origin":[8.0,6.2,3.1999998]},"faces":{"down":{"uv":[7.0,2.5,6.5,3.125],"rotation":0,"texture":"#0","tintindex":0},"east":{"uv":[4.375,1.0,5.0,1.25],"rotation":0,"texture":"#0","tintindex":0},"north":{"uv":[7.125,6.0,7.625,6.25],"rotation":0,"texture":"#0","tintindex":0},"south":{"uv":[7.125,6.25,7.625,6.5],"rotation":0,"texture":"#0","tintindex":0},"up":{"uv":[5.25,4.75,4.75,4.125],"rotation":0,"texture":"#0","tintindex":0},"west":{"uv":[5.25,5.0,5.875,5.25],"rotation":0,"texture":"#0","tintindex":0}}}],"display":{"head":{"translation":[0.0,-6.4,0.0],"rotation":[0.0,0.0,0.0],"scale":[3.8095,3.8095,3.8095]}}}