{"textures":{"0":"modelengine:entity/goblin_miner","1":"modelengine:entity/iron_pickaxe"},"elements":[{"name":"cube","from":[11.6,-0.40000033,6.2],"to":[13.400001,2.6,8.0],"rotation":{"angle":-22.5,"axis":"x","origin":[8.6,0.19999981,1.9999998]},"faces":{"down":{"uv":[7.5,3.5,7.125,3.875],"rotation":0,"texture":"#0","tintindex":0},"east":{"uv":[2.375,6.875,2.75,7.5],"rotation":0,"texture":"#0","tintindex":0},"north":{"uv":[2.0,6.875,2.375,7.5],"rotation":0,"texture":"#0","tintindex":0},"south":{"uv":[3.5,6.875,3.875,7.5],"rotation":0,"texture":"#0","tintindex":0},"up":{"uv":[7.5,2.5,7.125,2.125],"rotation":0,"texture":"#0","tintindex":0},"west":{"uv":[3.875,6.875,4.25,7.5],"rotation":0,"texture":"#0","tintindex":0}}},{"name":"cube","from":[11.6,2.6,6.2],"to":[13.400001,5.0,9.2],"rotation":{"angle":-22.5,"axis":"x","origin":[8.6,0.19999981,1.9999998]},"faces":{"down":{"uv":[7.125,6.0,6.75,6.625],"rotation":0,"texture":"#0","tintindex":0},"east":{"uv":[6.5,1.5,7.125,2.0],"rotation":0,"texture":"#0","tintindex":0},"north":{"uv":[5.125,1.875,5.5,2.375],"rotation":0,"texture":"#0","tintindex":0},"south":{"uv":[7.0,0.625,7.375,1.125],"rotation":0,"texture":"#0","tintindex":0},"up":{"uv":[7.125,7.375,6.75,6.75],"rotation":0,"texture":"#0","tintindex":0},"west":{"uv":[6.5,2.0,7.125,2.5],"rotation":0,"texture":"#0","tintindex":0}}},{"name":"cube","from":[11.6,2.6,9.2],"to":[14.0,6.8,12.8],"rotation":{"angle":-22.5,"axis":"x","origin":[8.6,0.19999981,1.9999998]},"faces":{"down":{"uv":[5.75,6.125,5.25,6.875],"rotation":0,"texture":"#0","tintindex":0},"east":{"uv":[5.125,1.0,5.875,1.875],"rotation":0,"texture":"#0","tintindex":0},"north":{"uv":[6.0,0.0,6.5,0.875],"rotation":0,"texture":"#0","tintindex":0},"south":{"uv":[6.0,1.75,6.5,2.625],"rotation":0,"texture":"#0","tintindex":0},"up":{"uv":[4.25,6.875,3.75,6.125],"rotation":0,"texture":"#0","tintindex":0},"west":{"uv":[2.75,5.25,3.5,6.125],"rotation":0,"texture":"#0","tintindex":0}}}],"display":{"head":{"translation":[0.0,-6.4,0.0],"rotation":[0.0,0.0,0.0],"scale":[3.8095,3.8095,3.8095]}}}