{"textures":{"0":"modelengine:entity/goblin_miner","1":"modelengine:entity/iron_pickaxe"},"elements":[{"name":"cube","from":[7.4,3.1999998,18.2],"to":[8.6,7.4,19.400002],"rotation":{"angle":-45.0,"axis":"x","origin":[8.0,-1.6000004,3.1999998]},"faces":{"down":{"uv":[15.75,0.0,16.0,0.25],"rotation":0,"texture":"#0","tintindex":0},"east":{"uv":[15.75,0.0,16.0,0.125],"rotation":0,"texture":"#0","tintindex":0},"north":{"uv":[15.75,0.0,16.0,0.125],"rotation":0,"texture":"#0","tintindex":0},"south":{"uv":[15.75,0.0,16.0,0.125],"rotation":0,"texture":"#0","tintindex":0},"up":{"uv":[15.75,2.875,16.0,3.125],"rotation":0,"texture":"#0","tintindex":0},"west":{"uv":[15.75,0.0,16.0,0.125],"rotation":0,"texture":"#0","tintindex":0}}},{"name":"cube","from":[7.85,6.8,18.650002],"to":[8.15,8.6,18.95],"rotation":{"angle":-45.0,"axis":"x","origin":[8.0,-1.6000004,3.1999998]},"faces":{"down":{"uv":[15.75,0.0,16.0,0.25],"rotation":0,"texture":"#0","tintindex":0},"east":{"uv":[11.875,3.625,12.125,3.75],"rotation":0,"texture":"#0","tintindex":0},"north":{"uv":[15.0,0.25,15.25,0.375],"rotation":0,"texture":"#0","tintindex":0},"south":{"uv":[13.75,5.875,14.0,6.0],"rotation":0,"texture":"#0","tintindex":0},"up":{"uv":[13.125,5.625,13.5,6.0],"rotation":0,"texture":"#0","tintindex":0},"west":{"uv":[13.875,6.0,14.125,6.125],"rotation":0,"texture":"#0","tintindex":0}}}],"display":{"head":{"translation":[0.0,-6.4,0.0],"rotation":[0.0,0.0,0.0],"scale":[3.8095,3.8095,3.8095]}}}